image_url,flickr_url,latitude,longitude,,,,,,,,,,,,,,,
https://live.staticflickr.com/65535/53609319358_4581360c80_b.jpg,https://www.flickr.com/photos/25582125@N04/53609319358,40.741938,-74.007767,,,,,,,,,,,,,,,
https://live.staticflickr.com/65535/52889759827_f95dab2f1e_b.jpg,https://www.flickr.com/photos/25582125@N04/52889759827,40.753433,-74.000859,,,,,,,,,,,,,,,
https://live.staticflickr.com/65535/48403749491_b7835f38df_b.jpg,https://www.flickr.com/photos/30512104@N07/48403749491,40.719744,-73.996153,,,,,,,,,,,,,,,
https://live.staticflickr.com/65535/32313567747_7d8032a658_b.jpg,https://www.flickr.com/photos/25582125@N04/32313567747,40.74738,-74.004153,,,,,,,,,,,,,,,
https://live.staticflickr.com/4829/31363231227_d52f8f591d_b.jpg,https://www.flickr.com/photos/26522673@N07/31363231227,40.752344,-73.977931,,,,,,,,,,,,,,,
https://live.staticflickr.com/65535/38712526152_f7844187d5_b.jpg,https://www.flickr.com/photos/25582125@N04/38712526152,40.747097,-74.004525,,,,,,,,,,,,,,,
https://live.staticflickr.com/65535/37173986343_b590be2312_b.jpg,https://www.flickr.com/photos/25582125@N04/37173986343,40.752772,-74.00147,,,,,,,,,,,,,,,
https://live.staticflickr.com/4339/36609480014_148f775c8c_b.jpg,https://www.flickr.com/photos/77363333@N08/36609480014,42.349158,-71.079403,,,,,,,,,,,,,,,
https://live.staticflickr.com/65535/36489165773_6b6228e35c_b.jpg,https://www.flickr.com/photos/25582125@N04/36489165773,40.712983,-74.007206,,,,,,,,,,,,,,,
https://live.staticflickr.com/8734/28678199196_10476f4814_b.jpg,https://www.flickr.com/photos/26522673@N07/28678199196,40.751938,-73.977148,,,,,,,,,,,,,,,
https://live.staticflickr.com/1715/25990273272_8a00ded09e_b.jpg,https://www.flickr.com/photos/26522673@N07/25990273272,40.75612,-73.986321,,,,,,,,,,,,,,,
https://live.staticflickr.com/8304/7864620274_c8328789c7_b.jpg,https://www.flickr.com/photos/41474913@N05/7864620274,43.091816,-79.075276,,,,,,,,,,,,,,,
https://live.staticflickr.com/65535/54741183433_475d17a132_b.jpg,https://www.flickr.com/photos/96739609@N00/54741183433,42.762263,-84.895292,,,,,,,,,,,,,,,
https://live.staticflickr.com/65535/54369249361_a7e3409020_b.jpg,https://www.flickr.com/photos/64873675@N00/54369249361,40.260225,-76.88495,,,,,,,,,,,,,,,
https://live.staticflickr.com/65535/54278902839_52ee2cb35a_b.jpg,https://www.flickr.com/photos/25582125@N04/54278902839,40.734283,-74.001342,,,,,,,,,,,,,,,
https://live.staticflickr.com/65535/54201055365_78c51392b5_b.jpg,https://www.flickr.com/photos/25582125@N04/54201055365,40.754213,-74.002831,,,,,,,,,,,,,,,
https://live.staticflickr.com/65535/54141121727_e4a80d6b17_b.jpg,https://www.flickr.com/photos/96739609@N00/54141121727,42.756056,-84.74169,,,,,,,,,,,,,,,
https://live.staticflickr.com/65535/54102371221_c8a423abd2_b.jpg,https://www.flickr.com/photos/25445283@N00/54102371221,38.322669,-84.667817,,,,,,,,,,,,,,,
https://live.staticflickr.com/65535/53954708713_b38ae4cd2c_b.jpg,https://www.flickr.com/photos/7156765@N05/53954708713,41.586769,-109.219871,,,,,,,,,,,,,,,
https://live.staticflickr.com/65535/52706443049_5723afbb27_b.jpg,https://www.flickr.com/photos/97585109@N00/52706443049,36.100833,-115.17301,,,,,,,,,,,,,,,
https://live.staticflickr.com/65535/52706609673_e122db2c28_b.jpg,https://www.flickr.com/photos/90365553@N08/52706609673,46.287965,-72.689689,,,,,,,,,,,,,,,
https://live.staticflickr.com/65535/52635193391_744176ce0b_b.jpg,https://www.flickr.com/photos/10336659@N04/52635193391,25.782731,-80.130331,,,,,,,,,,,,,,,
https://live.staticflickr.com/65535/52619549517_bc78b41934_b.jpg,https://www.flickr.com/photos/10336659@N04/52619549517,25.78399,-80.13005,,,,,,,,,,,,,,,
https://live.staticflickr.com/65535/52584474475_8cb06dda9c_b.jpg,https://www.flickr.com/photos/10336659@N04/52584474475,25.781034,-80.130457,,,,,,,,,,,,,,,
https://live.staticflickr.com/65535/52558934473_cc188f599f_b.jpg,https://www.flickr.com/photos/10336659@N04/52558934473,25.780879,-80.130693,,,,,,,,,,,,,,,
https://live.staticflickr.com/65535/52557983244_de0a24ebf3_b.jpg,https://www.flickr.com/photos/10336659@N04/52557983244,25.785439,-80.129792,,,,,,,,,,,,,,,
https://live.staticflickr.com/65535/52542458790_a7c24a6ec5_b.jpg,https://www.flickr.com/photos/10336659@N04/52542458790,25.778242,-80.130608,,,,,,,,,,,,,,,
https://live.staticflickr.com/65535/52494203542_f1290d29e6_b.jpg,https://www.flickr.com/photos/10336659@N04/52494203542,25.777437,-80.131426,,,,,,,,,,,,,,,
https://live.staticflickr.com/65535/52483038818_8a589715de_b.jpg,https://www.flickr.com/photos/10336659@N04/52483038818,25.781958,-80.13046,,,,,,,,,,,,,,,
https://live.staticflickr.com/65535/52482646799_698d361fef_b.jpg,https://www.flickr.com/photos/10336659@N04/52482646799,25.778422,-80.130374,,,,,,,,,,,,,,,
https://live.staticflickr.com/65535/52476624046_81889348a2_b.jpg,https://www.flickr.com/photos/45867871@N05/52476624046,40.747712,-73.941121,,,,,,,,,,,,,,,
https://live.staticflickr.com/65535/52376481787_712cfedc97_b.jpg,https://www.flickr.com/photos/36385235@N08/52376481787,32.679761,-117.180695,,,,,,,,,,,,,,,
https://live.staticflickr.com/65535/52266923182_fa7a23d446_b.jpg,https://www.flickr.com/photos/45867871@N05/52266923182,40.746696,-73.941271,,,,,,,,,,,,,,,
https://live.staticflickr.com/65535/52247459437_cb569162f0_b.jpg,https://www.flickr.com/photos/57621754@N08/52247459437,40.312096,-75.130155,,,,,,,,,,,,,,,
https://live.staticflickr.com/65535/52226997345_ac5f79c040_b.jpg,https://www.flickr.com/photos/142995416@N07/52226997345,40.757611,-73.956205,,,,,,,,,,,,,,,
https://live.staticflickr.com/65535/52170967204_be6eddaa48_b.jpg,https://www.flickr.com/photos/7202153@N03/52170967204,36.133767,-109.470498,,,,,,,,,,,,,,,
https://live.staticflickr.com/65535/52050661312_9b3b4b9e64_b.jpg,https://www.flickr.com/photos/20905078@N04/52050661312,39.699716,-78.187401,,,,,,,,,,,,,,,
https://live.staticflickr.com/65535/52048924080_8d4d5e41e3_b.jpg,https://www.flickr.com/photos/97708873@N00/52048924080,29.4403,-98.477856,,,,,,,,,,,,,,,
https://live.staticflickr.com/65535/52024184004_ca36a68e54_b.jpg,https://www.flickr.com/photos/79752057@N00/52024184004,43.704444,-79.38844,,,,,,,,,,,,,,,
https://live.staticflickr.com/65535/52019861290_ddb7e38b05_b.jpg,https://www.flickr.com/photos/20905078@N04/52019861290,40.339626,-78.927873,,,,,,,,,,,,,,,
https://live.staticflickr.com/65535/52005786644_58b9bd508d_b.jpg,https://www.flickr.com/photos/97585109@N00/52005786644,36.106953,-115.172166,,,,,,,,,,,,,,,
https://live.staticflickr.com/65535/52000760623_9cf1086547_b.jpg,https://www.flickr.com/photos/36686497@N05/52000760623,43.650405,-79.388559,,,,,,,,,,,,,,,
https://live.staticflickr.com/65535/51995444483_7df7b5e64a_b.jpg,https://www.flickr.com/photos/36686497@N05/51995444483,43.658511,-79.400446,,,,,,,,,,,,,,,
https://live.staticflickr.com/65535/51955292042_e74b1f5a70_b.jpg,https://www.flickr.com/photos/24044636@N00/51955292042,38.896318,-77.05023,,,,,,,,,,,,,,,
https://live.staticflickr.com/65535/51928542939_0405694038_b.jpg,https://www.flickr.com/photos/42797557@N04/51928542939,39.413645,-76.462129,,,,,,,,,,,,,,,
https://live.staticflickr.com/65535/51902623872_3f9b804993_b.jpg,https://www.flickr.com/photos/90365553@N08/51902623872,47.011308,-70.831282,,,,,,,,,,,,,,,
https://live.staticflickr.com/65535/51886192138_3d27f4c562_b.jpg,https://www.flickr.com/photos/76519553@N08/51886192138,43.221067,-74.10054,,,,,,,,,,,,,,,
https://live.staticflickr.com/65535/51881410921_d94db40a25_b.jpg,https://www.flickr.com/photos/12376670@N07/51881410921,43.666366,-110.665304,,,,,,,,,,,,,,,
https://live.staticflickr.com/65535/51776894744_1d86a78027_b.jpg,https://www.flickr.com/photos/126251698@N03/51776894744,26.121466,-80.142351,,,,,,,,,,,,,,,
https://live.staticflickr.com/65535/51773153221_c507661d8e_b.jpg,https://www.flickr.com/photos/11200205@N02/51773153221,43.364447,-80.977016,,,,,,,,,,,,,,,
https://live.staticflickr.com/65535/51745418598_599b7c74bd_b.jpg,https://www.flickr.com/photos/97708873@N00/51745418598,29.425219,-98.49097,,,,,,,,,,,,,,,
https://live.staticflickr.com/65535/51740969747_02f0a93ec7_b.jpg,https://www.flickr.com/photos/42786185@N06/51740969747,29.893787,-81.290373,,,,,,,,,,,,,,,
https://live.staticflickr.com/65535/51638084774_7a78a4dfe8_b.jpg,https://www.flickr.com/photos/142995416@N07/51638084774,40.768524,-73.982748,,,,,,,,,,,,,,,
https://live.staticflickr.com/65535/51501707130_05b7b47753_b.jpg,https://www.flickr.com/photos/90365553@N08/51501707130,46.450347,-73.000206,,,,,,,,,,,,,,,
https://live.staticflickr.com/65535/51444054063_13dc32933d_b.jpg,https://www.flickr.com/photos/11200205@N02/51444054063,43.686828,-79.761171,,,,,,,,,,,,,,,
https://live.staticflickr.com/65535/51334892864_90c43d1bcf_b.jpg,https://www.flickr.com/photos/54785709@N08/51334892864,29.895124,-81.311224,,,,,,,,,,,,,,,
https://live.staticflickr.com/65535/51177862350_23e0f02274_b.jpg,https://www.flickr.com/photos/128369733@N04/51177862350,25.710048,-80.256392,,,,,,,,,,,,,,,
https://live.staticflickr.com/65535/51119700095_f664cbb0da_b.jpg,https://www.flickr.com/photos/7156765@N05/51119700095,39.744766,-104.991577,,,,,,,,,,,,,,,
https://live.staticflickr.com/65535/51095309759_69647fb0ed_b.jpg,https://www.flickr.com/photos/49191827@N00/51095309759,33.240912,-115.519255,,,,,,,,,,,,,,,
https://live.staticflickr.com/65535/51022516971_de32e57aac_b.jpg,https://www.flickr.com/photos/25445283@N00/51022516971,38.101291,-84.495581,,,,,,,,,,,,,,,
https://live.staticflickr.com/65535/50835482222_66f9eb4640_b.jpg,https://www.flickr.com/photos/143502056@N04/50835482222,40.753661,-73.984884,,,,,,,,,,,,,,,
https://live.staticflickr.com/65535/50819427077_ca74dbc7ec_b.jpg,https://www.flickr.com/photos/53019927@N05/50819427077,34.742511,-86.506122,,,,,,,,,,,,,,,
https://live.staticflickr.com/65535/50807280967_1786578a3f_b.jpg,https://www.flickr.com/photos/143502056@N04/50807280967,40.712288,-74.005494,,,,,,,,,,,,,,,
https://live.staticflickr.com/65535/50668824012_a5cbd859bd_b.jpg,https://www.flickr.com/photos/20905078@N04/50668824012,39.318553,-76.553721,,,,,,,,,,,,,,,
https://live.staticflickr.com/65535/50602234483_bfce28242e_b.jpg,https://www.flickr.com/photos/20286982@N07/50602234483,38.900869,-106.880815,,,,,,,,,,,,,,,
https://live.staticflickr.com/65535/50518460516_36930998c7_b.jpg,https://www.flickr.com/photos/108491399@N08/50518460516,40.790066,-76.557539,,,,,,,,,,,,,,,
https://live.staticflickr.com/65535/50432845392_64537c40be_b.jpg,https://www.flickr.com/photos/128369733@N04/50432845392,25.721259,-80.248464,,,,,,,,,,,,,,,
https://live.staticflickr.com/65535/50314026957_3056153a96_b.jpg,https://www.flickr.com/photos/76519553@N08/50314026957,42.82651,-74.270238,,,,,,,,,,,,,,,
https://live.staticflickr.com/65535/50274067423_1e51e213b6_b.jpg,https://www.flickr.com/photos/143502056@N04/50274067423,40.759057,-73.981279,,,,,,,,,,,,,,,
https://live.staticflickr.com/65535/50263494522_15621870d5_b.jpg,https://www.flickr.com/photos/20905078@N04/50263494522,39.303138,-76.608792,,,,,,,,,,,,,,,
https://live.staticflickr.com/65535/50254693091_527446caa9_b.jpg,https://www.flickr.com/photos/43164076@N06/50254693091,36.714858,-78.495705,,,,,,,,,,,,,,,
https://live.staticflickr.com/65535/50192315826_b208f65580_b.jpg,https://www.flickr.com/photos/90257252@N07/50192315826,28.527734,-81.377148,,,,,,,,,,,,,,,
https://live.staticflickr.com/65535/50124901602_3ece6b440e_b.jpg,https://www.flickr.com/photos/42786185@N06/50124901602,29.887936,-81.286243,,,,,,,,,,,,,,,
https://live.staticflickr.com/65535/50105076052_25f50c19e8_b.jpg,https://www.flickr.com/photos/42786185@N06/50105076052,29.888253,-81.286135,,,,,,,,,,,,,,,
https://live.staticflickr.com/65535/51048979203_988f9f91bf_b.jpg,https://www.flickr.com/photos/36686497@N05/51048979203,43.665481,-79.497134,,,,,,,,,,,,,,,
https://live.staticflickr.com/65535/51005681978_19992182a5_b.jpg,https://www.flickr.com/photos/36686497@N05/51005681978,43.64165,-79.4298,,,,,,,,,,,,,,,
https://live.staticflickr.com/65535/51002150616_574471f7fd_b.jpg,https://www.flickr.com/photos/36686497@N05/51002150616,43.684384,-79.415316,,,,,,,,,,,,,,,
https://live.staticflickr.com/65535/50994903462_6ac7100124_b.jpg,https://www.flickr.com/photos/36686497@N05/50994903462,43.642123,-79.430068,,,,,,,,,,,,,,,
https://live.staticflickr.com/65535/50989722967_8fdcae4ccd_b.jpg,https://www.flickr.com/photos/36686497@N05/50989722967,43.639111,-79.427622,,,,,,,,,,,,,,,
https://live.staticflickr.com/65535/50981089338_f0ea61160e_b.jpg,https://www.flickr.com/photos/33554580@N00/50981089338,40.74659,-73.985989,,,,,,,,,,,,,,,
https://live.staticflickr.com/65535/50895132511_87fedb708a_b.jpg,https://www.flickr.com/photos/37961256@N08/50895132511,41.936381,-87.729799,,,,,,,,,,,,,,,
https://live.staticflickr.com/65535/50875978941_76fd0b624b_b.jpg,https://www.flickr.com/photos/49191827@N00/50875978941,34.047201,-118.227857,,,,,,,,,,,,,,,
https://live.staticflickr.com/65535/50818988428_74d3c4e104_b.jpg,https://www.flickr.com/photos/76519553@N08/50818988428,42.81102,-73.939694,,,,,,,,,,,,,,,
https://live.staticflickr.com/65535/50819165142_4aa7e72dce_b.jpg,https://www.flickr.com/photos/76519553@N08/50819165142,42.81638,-73.943073,,,,,,,,,,,,,,,
https://live.staticflickr.com/65535/50812956486_fc8d96e52c_b.jpg,https://www.flickr.com/photos/76519553@N08/50812956486,42.81782,-73.949114,,,,,,,,,,,,,,,
https://live.staticflickr.com/65535/50812946222_63d01f6d59_b.jpg,https://www.flickr.com/photos/76519553@N08/50812946222,42.817623,-73.945809,,,,,,,,,,,,,,,
https://live.staticflickr.com/65535/50805709711_7a448e87b6_b.jpg,https://www.flickr.com/photos/76519553@N08/50805709711,42.817175,-73.945841,,,,,,,,,,,,,,,
https://live.staticflickr.com/65535/50801777326_8503579cdd_b.jpg,https://www.flickr.com/photos/76519553@N08/50801777326,42.819134,-73.942344,,,,,,,,,,,,,,,
https://live.staticflickr.com/65535/50792651157_b612abeac3_b.jpg,https://www.flickr.com/photos/36686497@N05/50792651157,43.642741,-79.426378,,,,,,,,,,,,,,,
https://live.staticflickr.com/65535/50748659683_c394e587a5_b.jpg,https://www.flickr.com/photos/76519553@N08/50748659683,42.813287,-73.94774,,,,,,,,,,,,,,,
https://live.staticflickr.com/65535/50744910083_61211feb5c_b.jpg,https://www.flickr.com/photos/76519553@N08/50744910083,42.818111,-73.945798,,,,,,,,,,,,,,,
https://live.staticflickr.com/65535/50737728011_9442dc7fa5_b.jpg,https://www.flickr.com/photos/76519553@N08/50737728011,42.813877,-73.940048,,,,,,,,,,,,,,,
https://live.staticflickr.com/65535/50708303282_d7e75bf18f_b.jpg,https://www.flickr.com/photos/76519553@N08/50708303282,42.812138,-73.940927,,,,,,,,,,,,,,,
https://live.staticflickr.com/65535/50674648012_7ac3b9eaf5_b.jpg,https://www.flickr.com/photos/36686497@N05/50674648012,43.651177,-79.412119,,,,,,,,,,,,,,,
https://live.staticflickr.com/65535/50658362251_e635042590_b.jpg,https://www.flickr.com/photos/36686497@N05/50658362251,43.623566,-79.502069,,,,,,,,,,,,,,,
https://live.staticflickr.com/65535/50629364107_b8940f1d62_b.jpg,https://www.flickr.com/photos/36686497@N05/50629364107,43.651984,-79.408128,,,,,,,,,,,,,,,
https://live.staticflickr.com/65535/50605938476_7aa27f25e7_b.jpg,https://www.flickr.com/photos/37961256@N08/50605938476,41.876276,-87.632886,,,,,,,,,,,,,,,
https://live.staticflickr.com/65535/50578538282_f0f5d366eb_b.jpg,https://www.flickr.com/photos/76519553@N08/50578538282,42.815435,-73.947687,,,,,,,,,,,,,,,
https://live.staticflickr.com/65535/50578382411_0abb0498d9_b.jpg,https://www.flickr.com/photos/76519553@N08/50578382411,42.815412,-73.947676,,,,,,,,,,,,,,,
https://live.staticflickr.com/65535/50558200983_0e2645699d_b.jpg,https://www.flickr.com/photos/36686497@N05/50558200983,43.592922,-79.540253,,,,,,,,,,,,,,,
https://live.staticflickr.com/65535/50554758913_73b38c743b_b.jpg,https://www.flickr.com/photos/36686497@N05/50554758913,43.592619,-79.54109,,,,,,,,,,,,,,,
https://live.staticflickr.com/65535/50513932626_1f961455bd_b.jpg,https://www.flickr.com/photos/36686497@N05/50513932626,43.662463,-79.383516,,,,,,,,,,,,,,,
https://live.staticflickr.com/65535/50496657991_fc432b1e43_b.jpg,https://www.flickr.com/photos/36686497@N05/50496657991,43.661578,-79.387378,,,,,,,,,,,,,,,
https://live.staticflickr.com/65535/50492656756_eded2a4756_b.jpg,https://www.flickr.com/photos/36686497@N05/50492656756,43.657289,-79.405338,,,,,,,,,,,,,,,
https://live.staticflickr.com/65535/50486438546_cae71bb415_b.jpg,https://www.flickr.com/photos/36686497@N05/50486438546,43.651487,-79.438555,,,,,,,,,,,,,,,
https://live.staticflickr.com/65535/50425255481_2161906826_b.jpg,https://www.flickr.com/photos/36686497@N05/50425255481,43.654732,-79.401154,,,,,,,,,,,,,,,
https://live.staticflickr.com/65535/50412853751_55ef073417_b.jpg,https://www.flickr.com/photos/36686497@N05/50412853751,43.681538,-79.427096,,,,,,,,,,,,,,,
https://live.staticflickr.com/65535/50396739411_fa6ff07e88_b.jpg,https://www.flickr.com/photos/36686497@N05/50396739411,43.641685,-79.429382,,,,,,,,,,,,,,,
https://live.staticflickr.com/65535/50344224261_1ed19d6fbe_b.jpg,https://www.flickr.com/photos/36686497@N05/50344224261,43.639993,-79.4404,,,,,,,,,,,,,,,
https://live.staticflickr.com/65535/50280845177_b259fe33fc_b.jpg,https://www.flickr.com/photos/76519553@N08/50280845177,42.807447,-73.941142,,,,,,,,,,,,,,,
https://live.staticflickr.com/65535/50243128076_51798b86df_b.jpg,https://www.flickr.com/photos/76519553@N08/50243128076,42.811513,-73.940144,,,,,,,,,,,,,,,
https://live.staticflickr.com/65535/50180819788_7f842c3f96_b.jpg,https://www.flickr.com/photos/76519553@N08/50180819788,42.816026,-73.945959,,,,,,,,,,,,,,,
https://live.staticflickr.com/65535/50153878762_de1b8ca0e9_b.jpg,https://www.flickr.com/photos/76519553@N08/50153878762,42.81501,-73.941775,,,,,,,,,,,,,,,
https://live.staticflickr.com/65535/50006368783_bf163775f7_b.jpg,https://www.flickr.com/photos/36686497@N05/50006368783,43.647415,-79.351061,,,,,,,,,,,,,,,
https://live.staticflickr.com/65535/49875666678_25e98066c5_b.jpg,https://www.flickr.com/photos/36686497@N05/49875666678,43.646472,-79.419693,,,,,,,,,,,,,,,
https://live.staticflickr.com/65535/49802867341_3c23056138_b.jpg,https://www.flickr.com/photos/76519553@N08/49802867341,42.817634,-73.94921,,,,,,,,,,,,,,,
https://live.staticflickr.com/65535/49779271952_c2faedf1d5_b.jpg,https://www.flickr.com/photos/49191827@N00/49779271952,34.043858,-118.25469,,,,,,,,,,,,,,,
https://live.staticflickr.com/65535/49264885063_5d56dd1acd_b.jpg,https://www.flickr.com/photos/150927924@N02/49264885063,41.882733,-87.623201,,,,,,,,,,,,,,,
https://live.staticflickr.com/65535/49115816011_8e617c72cb_b.jpg,https://www.flickr.com/photos/25582125@N04/49115816011,40.74255,-73.995842,,,,,,,,,,,,,,,
https://live.staticflickr.com/65535/48951589901_f024511b41_b.jpg,https://www.flickr.com/photos/33554580@N00/48951589901,40.737283,-73.990731,,,,,,,,,,,,,,,
https://live.staticflickr.com/65535/48917734126_f126183278_b.jpg,https://www.flickr.com/photos/25582125@N04/48917734126,40.753441,-74.000925,,,,,,,,,,,,,,,
https://live.staticflickr.com/65535/48857976802_abbcdcfda3_b.jpg,https://www.flickr.com/photos/127976860@N04/48857976802,25.761856,-80.189638,,,,,,,,,,,,,,,
https://live.staticflickr.com/65535/48708680368_ecc0b653cf_b.jpg,https://www.flickr.com/photos/76519553@N08/48708680368,41.353919,-72.096115,,,,,,,,,,,,,,,
https://live.staticflickr.com/65535/48694924928_8710648716_b.jpg,https://www.flickr.com/photos/76519553@N08/48694924928,41.353543,-72.094388,,,,,,,,,,,,,,,
https://live.staticflickr.com/65535/48647281916_c3aa0242e0_b.jpg,https://www.flickr.com/photos/41658249@N02/48647281916,41.703327,-71.156142,,,,,,,,,,,,,,,
https://live.staticflickr.com/65535/48646992167_1aaf0370ae_b.jpg,https://www.flickr.com/photos/33554580@N00/48646992167,40.712524,-74.007983,,,,,,,,,,,,,,,
https://live.staticflickr.com/65535/47801102021_aa868ebce1_b.jpg,https://www.flickr.com/photos/25582125@N04/47801102021,40.74818,-74.008628,,,,,,,,,,,,,,,
https://live.staticflickr.com/65535/33647447768_3413ae11be_b.jpg,https://www.flickr.com/photos/76519553@N08/33647447768,42.813822,-73.940112,,,,,,,,,,,,,,,
https://live.staticflickr.com/7821/33232653588_89b892ca0f_b.jpg,https://www.flickr.com/photos/100524190@N04/33232653588,41.888252,-87.617714,,,,,,,,,,,,,,,
https://live.staticflickr.com/65535/43234742670_0e244330cf_b.jpg,https://www.flickr.com/photos/76519553@N08/43234742670,42.635116,-73.74974,,,,,,,,,,,,,,,
https://live.staticflickr.com/65535/42880510522_a60c5fa010_b.jpg,https://www.flickr.com/photos/25582125@N04/42880510522,40.742252,-73.987856,,,,,,,,,,,,,,,
https://live.staticflickr.com/979/27460645117_0c6887b022_b.jpg,https://www.flickr.com/photos/127976860@N04/27460645117,25.774642,-80.187192,,,,,,,,,,,,,,,
https://live.staticflickr.com/982/41988568231_6d77de5e09_b.jpg,https://www.flickr.com/photos/127976860@N04/41988568231,25.773769,-80.186998,,,,,,,,,,,,,,,
https://live.staticflickr.com/893/41463945621_7ccf57015c_b.jpg,https://www.flickr.com/photos/127976860@N04/41463945621,25.770745,-80.187964,,,,,,,,,,,,,,,
https://live.staticflickr.com/790/40536956875_c1ce179f26_b.jpg,https://www.flickr.com/photos/49191827@N00/40536956875,34.036684,-118.224241,,,,,,,,,,,,,,,
https://live.staticflickr.com/4756/25935119168_f20c16bcbf_b.jpg,https://www.flickr.com/photos/127976860@N04/25935119168,25.796166,-80.190174,,,,,,,,,,,,,,,
https://live.staticflickr.com/4745/39675682112_f1e3936a4c_b.jpg,https://www.flickr.com/photos/38121399@N05/39675682112,40.721734,-73.992651,,,,,,,,,,,,,,,
https://live.staticflickr.com/4739/25476378828_95096f2da7_b.jpg,https://www.flickr.com/photos/127976860@N04/25476378828,25.767831,-80.19056,,,,,,,,,,,,,,,
https://live.staticflickr.com/65535/39185743441_7c57065a5f_b.jpg,https://www.flickr.com/photos/76519553@N08/39185743441,33.752874,-84.391586,,,,,,,,,,,,,,,
https://live.staticflickr.com/4557/38135211125_5aaef986f7_b.jpg,https://www.flickr.com/photos/127976860@N04/38135211125,25.770739,-80.192888,,,,,,,,,,,,,,,
https://live.staticflickr.com/65535/37222588185_dd7cf6701c_b.jpg,https://www.flickr.com/photos/25582125@N04/37222588185,40.730791,-73.9973,,,,,,,,,,,,,,,
https://live.staticflickr.com/4421/36947094225_1a68fc69ba_b.jpg,https://www.flickr.com/photos/127976860@N04/36947094225,25.790731,-80.133869,,,,,,,,,,,,,,,
https://live.staticflickr.com/65535/36179455866_ab19c35a1c_b.jpg,https://www.flickr.com/photos/25582125@N04/36179455866,40.73098,-73.997734,,,,,,,,,,,,,,,
https://live.staticflickr.com/65535/35622728901_2b2e8209c8_b.jpg,https://www.flickr.com/photos/25582125@N04/35622728901,40.753441,-74.000925,,,,,,,,,,,,,,,
https://live.staticflickr.com/4249/34535135780_1db426559a_b.jpg,https://www.flickr.com/photos/62089664@N07/34535135780,39.96051,-75.157513,,,,,,,,,,,,,,,
https://live.staticflickr.com/65535/33414051306_7bd6b9a18d_b.jpg,https://www.flickr.com/photos/25582125@N04/33414051306,40.731377,-73.99827,,,,,,,,,,,,,,,
https://live.staticflickr.com/65535/33213279241_69d621bc14_b.jpg,https://www.flickr.com/photos/25582125@N04/33213279241,40.729316,-74.006428,,,,,,,,,,,,,,,
https://live.staticflickr.com/3677/33124099295_a201cbaf29_b.jpg,https://www.flickr.com/photos/135625678@N06/33124099295,40.748362,-73.98571,,,,,,,,,,,,,,,
https://live.staticflickr.com/65535/52431874706_4aa5cf187a_b.jpg,https://www.flickr.com/photos/126251698@N03/52431874706,26.71395,-80.055459,,,,,,,,,,,,,,,
https://live.staticflickr.com/65535/52425713809_36ef542940_b.jpg,https://www.flickr.com/photos/59238173@N07/52425713809,49.281587,-123.119552,,,,,,,,,,,,,,,
https://live.staticflickr.com/65535/52422066498_3c25f36316_b.jpg,https://www.flickr.com/photos/126251698@N03/52422066498,26.0104,-80.148278,,,,,,,,,,,,,,,
https://live.staticflickr.com/65535/52419933183_ece36b3b13_b.jpg,https://www.flickr.com/photos/126251698@N03/52419933183,26.643933,-81.871292,,,,,,,,,,,,,,,
https://live.staticflickr.com/65535/52364690048_88c308e174_b.jpg,https://www.flickr.com/photos/126251698@N03/52364690048,25.986294,-80.121042,,,,,,,,,,,,,,,
https://live.staticflickr.com/65535/52348976324_db64a822a8_b.jpg,https://www.flickr.com/photos/155896017@N08/52348976324,43.812288,-91.251337,,,,,,,,,,,,,,,
https://live.staticflickr.com/65535/52344450387_c5c86e372a_b.jpg,https://www.flickr.com/photos/126251698@N03/52344450387,25.986611,-80.120987,,,,,,,,,,,,,,,
https://live.staticflickr.com/65535/52341895141_c896a275e4_b.jpg,https://www.flickr.com/photos/11200205@N02/52341895141,31.43053,-109.894201,,,,,,,,,,,,,,,
https://live.staticflickr.com/65535/52333433088_b3dd9ee9f9_b.jpg,https://www.flickr.com/photos/57756296@N06/52333433088,43.652192,-79.368399,,,,,,,,,,,,,,,
https://live.staticflickr.com/65535/52318794162_1b25a4c8d8_b.jpg,https://www.flickr.com/photos/126251698@N03/52318794162,27.102458,-82.44445,,,,,,,,,,,,,,,
https://live.staticflickr.com/65535/52293026046_0a3a866dfc_b.jpg,https://www.flickr.com/photos/60527064@N00/52293026046,49.275623,-123.111602,,,,,,,,,,,,,,,
https://live.staticflickr.com/65535/52286920025_e0cda153ac_b.jpg,https://www.flickr.com/photos/60527064@N00/52286920025,49.28827,-123.119155,,,,,,,,,,,,,,,
https://live.staticflickr.com/65535/52240289825_6bf7bc4c4d_b.jpg,https://www.flickr.com/photos/126251698@N03/52240289825,25.986305,-80.121887,,,,,,,,,,,,,,,
https://live.staticflickr.com/65535/52226139234_3fcab5188f_b.jpg,https://www.flickr.com/photos/126251698@N03/52226139234,26.71185,-80.052864,,,,,,,,,,,,,,,
https://live.staticflickr.com/65535/52213505195_a14f7ef113_b.jpg,https://www.flickr.com/photos/126251698@N03/52213505195,26.718222,-80.047509,,,,,,,,,,,,,,,
https://live.staticflickr.com/65535/52183033822_577ffa5604_b.jpg,https://www.flickr.com/photos/126251698@N03/52183033822,26.015955,-80.115412,,,,,,,,,,,,,,,
https://live.staticflickr.com/65535/52177802555_87901d0a22_b.jpg,https://www.flickr.com/photos/57146521@N02/52177802555,28.020393,-97.051742,,,,,,,,,,,,,,,
https://live.staticflickr.com/65535/52118136454_dd030c7db7_b.jpg,https://www.flickr.com/photos/41315423@N00/52118136454,41.891352,-87.612512,,,,,,,,,,,,,,,
https://live.staticflickr.com/65535/52112842963_181d8f1d49_b.jpg,https://www.flickr.com/photos/57146521@N02/52112842963,30.397244,-88.890134,,,,,,,,,,,,,,,
https://live.staticflickr.com/65535/52110496020_587aba6197_b.jpg,https://www.flickr.com/photos/11200205@N02/52110496020,43.650353,-79.374268,,,,,,,,,,,,,,,
https://live.staticflickr.com/65535/52103910860_e46c84a25a_b.jpg,https://www.flickr.com/photos/57146521@N02/52103910860,29.727256,-95.001268,,,,,,,,,,,,,,,
https://live.staticflickr.com/65535/52097709736_b079e37e8b_b.jpg,https://www.flickr.com/photos/76519553@N08/52097709736,42.826455,-73.931754,,,,,,,,,,,,,,,
https://live.staticflickr.com/65535/52080221550_8bc7bfab87_b.jpg,https://www.flickr.com/photos/192540662@N04/52080221550,45.424277,-75.695078,,,,,,,,,,,,,,,
https://live.staticflickr.com/65535/52071602723_049dfbaa9b_b.jpg,https://www.flickr.com/photos/60527064@N00/52071602723,49.285695,-123.113458,,,,,,,,,,,,,,,
https://live.staticflickr.com/65535/52066528733_c0b752cb59_b.jpg,https://www.flickr.com/photos/30597028@N03/52066528733,41.824383,-71.412417,,,,,,,,,,,,,,,
https://live.staticflickr.com/65535/52058666693_c2728eb9e3_b.jpg,https://www.flickr.com/photos/192540662@N04/52058666693,45.423927,-75.695362,,,,,,,,,,,,,,,
https://live.staticflickr.com/65535/52038854078_d5495e731c_b.jpg,https://www.flickr.com/photos/195171248@N05/52038854078,43.653264,-79.398043,,,,,,,,,,,,,,,
https://live.staticflickr.com/65535/52035536311_bbc79d46da_b.jpg,https://www.flickr.com/photos/76519553@N08/52035536311,42.635492,-73.749235,,,,,,,,,,,,,,,
https://live.staticflickr.com/65535/52030805113_86ab5d25e0_b.jpg,https://www.flickr.com/photos/126251698@N03/52030805113,26.123763,-80.146631,,,,,,,,,,,,,,,
https://live.staticflickr.com/65535/51998752303_b346b30ea5_b.jpg,https://www.flickr.com/photos/128191152@N04/51998752303,40.6446,-74.072066,,,,,,,,,,,,,,,
https://live.staticflickr.com/65535/51996719175_c74a93b814_b.jpg,https://www.flickr.com/photos/7156765@N05/51996719175,42.637763,-76.178443,,,,,,,,,,,,,,,
https://live.staticflickr.com/65535/51993368243_663be5d31b_b.jpg,https://www.flickr.com/photos/60527064@N00/51993368243,49.280348,-123.11084,,,,,,,,,,,,,,,
https://live.staticflickr.com/65535/51989629959_87b06ee051_b.jpg,https://www.flickr.com/photos/7156765@N05/51989629959,42.637763,-76.178443,,,,,,,,,,,,,,,
https://live.staticflickr.com/65535/51989001509_22e7531916_b.jpg,https://www.flickr.com/photos/36686497@N05/51989001509,43.655111,-79.399116,,,,,,,,,,,,,,,
https://live.staticflickr.com/65535/51984161501_3b9120fdd7_b.jpg,https://www.flickr.com/photos/126251698@N03/51984161501,26.715241,-80.051248,,,,,,,,,,,,,,,
https://live.staticflickr.com/65535/51978381183_637ca14a88_b.jpg,https://www.flickr.com/photos/126251698@N03/51978381183,26.123816,-80.146614,,,,,,,,,,,,,,,
https://live.staticflickr.com/65535/51960921698_a3b05870e0_b.jpg,https://www.flickr.com/photos/41315423@N00/51960921698,41.849664,-88.30656,,,,,,,,,,,,,,,
https://live.staticflickr.com/65535/51943394560_580a3f49ac_b.jpg,https://www.flickr.com/photos/76519553@N08/51943394560,42.811957,-73.940777,,,,,,,,,,,,,,,
https://live.staticflickr.com/65535/51941475929_cd88a9d3ec_b.jpg,https://www.flickr.com/photos/37961256@N08/51941475929,41.885604,-87.615097,,,,,,,,,,,,,,,
https://live.staticflickr.com/65535/51941335264_1f448f498d_b.jpg,https://www.flickr.com/photos/60527064@N00/51941335264,49.280278,-123.125324,,,,,,,,,,,,,,,
https://live.staticflickr.com/65535/51939611385_f57506f67a_b.jpg,https://www.flickr.com/photos/34608298@N05/51939611385,41.870375,-87.63103,,,,,,,,,,,,,,,
https://live.staticflickr.com/65535/51938822411_e4122de845_b.jpg,https://www.flickr.com/photos/60527064@N00/51938822411,49.273313,-123.121429,,,,,,,,,,,,,,,
https://live.staticflickr.com/65535/51933233407_813b4331b6_b.jpg,https://www.flickr.com/photos/30597028@N03/51933233407,41.824694,-71.411709,,,,,,,,,,,,,,,
https://live.staticflickr.com/65535/51931422117_175f6c3f14_b.jpg,https://www.flickr.com/photos/60342453@N06/51931422117,40.700602,-73.996637,,,,,,,,,,,,,,,
https://live.staticflickr.com/65535/51912521887_727469286d_b.jpg,https://www.flickr.com/photos/192540662@N04/51912521887,43.642405,-79.389453,,,,,,,,,,,,,,,
https://live.staticflickr.com/65535/51896458093_1019ba3bc3_b.jpg,https://www.flickr.com/photos/76519553@N08/51896458093,42.812264,-73.941196,,,,,,,,,,,,,,,
https://live.staticflickr.com/65535/51894148057_3e15cc0254_b.jpg,https://www.flickr.com/photos/36686497@N05/51894148057,43.65827,-79.381928,,,,,,,,,,,,,,,
https://live.staticflickr.com/65535/51888701944_789fa8d8e0_b.jpg,https://www.flickr.com/photos/60527064@N00/51888701944,49.274503,-123.130785,,,,,,,,,,,,,,,
https://live.staticflickr.com/65535/51877112698_876381fcda_b.jpg,https://www.flickr.com/photos/117770624@N04/51877112698,30.325938,-81.656173,,,,,,,,,,,,,,,
https://live.staticflickr.com/65535/51871048203_d3c978b8af_b.jpg,https://www.flickr.com/photos/60527064@N00/51871048203,49.283133,-123.118876,,,,,,,,,,,,,,,
https://live.staticflickr.com/65535/51862570488_20e394433b_b.jpg,https://www.flickr.com/photos/60527064@N00/51862570488,49.286941,-123.115292,,,,,,,,,,,,,,,
https://live.staticflickr.com/65535/51841006027_2fd5922f0f_b.jpg,https://www.flickr.com/photos/126251698@N03/51841006027,25.765541,-80.186523,,,,,,,,,,,,,,,
https://live.staticflickr.com/65535/51836288568_9e777979f3_b.jpg,https://www.flickr.com/photos/126251698@N03/51836288568,25.776583,-80.191223,,,,,,,,,,,,,,,
https://live.staticflickr.com/65535/51790915303_55c6717bbb_b.jpg,https://www.flickr.com/photos/38383999@N06/51790915303,37.062086,-97.040192,,,,,,,,,,,,,,,
https://live.staticflickr.com/65535/51746289422_a01c97db47_b.jpg,https://www.flickr.com/photos/76519553@N08/51746289422,42.649824,-73.75239,,,,,,,,,,,,,,,
https://live.staticflickr.com/65535/51726161798_2fe6f8204a_b.jpg,https://www.flickr.com/photos/46547368@N03/51726161798,39.281902,-76.613802,,,,,,,,,,,,,,,
https://live.staticflickr.com/65535/51705674289_96768630ce_b.jpg,https://www.flickr.com/photos/60527064@N00/51705674289,49.283203,-123.119573,,,,,,,,,,,,,,,
https://live.staticflickr.com/65535/51690045090_5e2b5dd295_b.jpg,https://www.flickr.com/photos/68771326@N07/51690045090,39.766044,-86.160621,,,,,,,,,,,,,,,
https://live.staticflickr.com/65535/51689149431_d07f66895c_b.jpg,https://www.flickr.com/photos/68771326@N07/51689149431,39.767479,-86.161855,,,,,,,,,,,,,,,
https://live.staticflickr.com/65535/51686560900_55eddfe7e5_b.jpg,https://www.flickr.com/photos/76519553@N08/51686560900,42.812657,-73.941593,,,,,,,,,,,,,,,
https://live.staticflickr.com/65535/51685130731_b0cfcdcac4_b.jpg,https://www.flickr.com/photos/60527064@N00/51685130731,49.285758,-123.118801,,,,,,,,,,,,,,,
https://live.staticflickr.com/65535/51679911600_d9055c5ee2_b.jpg,https://www.flickr.com/photos/126251698@N03/51679911600,25.770391,-80.190917,,,,,,,,,,,,,,,
https://live.staticflickr.com/65535/51670648503_9919049f39_b.jpg,https://www.flickr.com/photos/30597028@N03/51670648503,40.442508,-79.999875,,,,,,,,,,,,,,,
https://live.staticflickr.com/65535/51668412486_1b2a57c36b_b.jpg,https://www.flickr.com/photos/60527064@N00/51668412486,49.276939,-123.109027,,,,,,,,,,,,,,,
https://live.staticflickr.com/65535/51657214877_9b931bb6d2_b.jpg,https://www.flickr.com/photos/76519553@N08/51657214877,42.811532,-73.939704,,,,,,,,,,,,,,,
https://live.staticflickr.com/65535/51658201105_92ee730f04_b.jpg,https://www.flickr.com/photos/57146521@N02/51658201105,29.443587,-96.944035,,,,,,,,,,,,,,,
https://live.staticflickr.com/65535/51650711451_55fd5da15d_b.jpg,https://www.flickr.com/photos/76519553@N08/51650711451,42.816561,-73.947064,,,,,,,,,,,,,,,
https://live.staticflickr.com/65535/51642706486_97b51d2888_b.jpg,https://www.flickr.com/photos/38669934@N03/51642706486,41.88977,-87.641866,,,,,,,,,,,,,,,
https://live.staticflickr.com/65535/51616848392_9753c710e0_b.jpg,https://www.flickr.com/photos/126251698@N03/51616848392,25.769127,-80.193642,,,,,,,,,,,,,,,
https://live.staticflickr.com/65535/51548606889_fa7d3bd654_b.jpg,https://www.flickr.com/photos/97708873@N00/51548606889,29.428897,-98.490028,,,,,,,,,,,,,,,
https://live.staticflickr.com/65535/51540301406_818f6bd9a6_b.jpg,https://www.flickr.com/photos/126251698@N03/51540301406,26.711519,-80.053423,,,,,,,,,,,,,,,
https://live.staticflickr.com/65535/51475085479_a317099e8a_b.jpg,https://www.flickr.com/photos/30597028@N03/51475085479,27.766091,-82.631298,,,,,,,,,,,,,,,
https://live.staticflickr.com/65535/51400372519_211650a6c4_b.jpg,https://www.flickr.com/photos/41315423@N00/51400372519,41.077539,-85.134558,,,,,,,,,,,,,,,
https://live.staticflickr.com/65535/51399744294_1445836ebf_b.jpg,https://www.flickr.com/photos/36385235@N08/51399744294,32.697475,-117.166357,,,,,,,,,,,,,,,
https://live.staticflickr.com/65535/51392163894_030145bf16_b.jpg,https://www.flickr.com/photos/126251698@N03/51392163894,27.964172,-82.800042,,,,,,,,,,,,,,,
https://live.staticflickr.com/65535/51390538930_9f571841f8_b.jpg,https://www.flickr.com/photos/60527064@N00/51390538930,49.282546,-123.118801,,,,,,,,,,,,,,,
https://live.staticflickr.com/65535/51387245576_86f67a9515_b.jpg,https://www.flickr.com/photos/60527064@N00/51387245576,49.28053,-123.115507,,,,,,,,,,,,,,,
https://live.staticflickr.com/65535/51381348244_b5504f9583_b.jpg,https://www.flickr.com/photos/60527064@N00/51381348244,49.274762,-123.114831,,,,,,,,,,,,,,,
https://live.staticflickr.com/65535/51379108782_6c29fd8f6a_b.jpg,https://www.flickr.com/photos/126251698@N03/51379108782,28.155591,-82.758667,,,,,,,,,,,,,,,
https://live.staticflickr.com/65535/51629224955_09c73e5858_b.jpg,https://www.flickr.com/photos/36686497@N05/51629224955,43.65657,-79.407784,,,,,,,,,,,,,,,
https://live.staticflickr.com/65535/51623074837_25bc09a8a0_b.jpg,https://www.flickr.com/photos/117770624@N04/51623074837,30.324832,-81.396074,,,,,,,,,,,,,,,
https://live.staticflickr.com/65535/51615678841_1379bfe06e_b.jpg,https://www.flickr.com/photos/117770624@N04/51615678841,29.183061,-81.07702,,,,,,,,,,,,,,,
https://live.staticflickr.com/65535/51527237181_ca9f5b0823_b.jpg,https://www.flickr.com/photos/11200205@N02/51527237181,43.648,-79.398461,,,,,,,,,,,,,,,
https://live.staticflickr.com/65535/51511167456_403716c00a_b.jpg,https://www.flickr.com/photos/126251698@N03/51511167456,25.78073,-80.19144,,,,,,,,,,,,,,,
https://live.staticflickr.com/65535/51504504915_4db4a32411_b.jpg,https://www.flickr.com/photos/11200205@N02/51504504915,43.653248,-79.40007,,,,,,,,,,,,,,,
https://live.staticflickr.com/65535/51502817580_e2f53e407a_b.jpg,https://www.flickr.com/photos/36686497@N05/51502817580,43.648901,-79.397528,,,,,,,,,,,,,,,
https://live.staticflickr.com/65535/51428568296_8e61cc898a_b.jpg,https://www.flickr.com/photos/36686497@N05/51428568296,43.631742,-79.411432,,,,,,,,,,,,,,,
https://live.staticflickr.com/65535/51428712855_febc3262ea_b.jpg,https://www.flickr.com/photos/126251698@N03/51428712855,25.772981,-80.186462,,,,,,,,,,,,,,,
https://live.staticflickr.com/65535/51424070008_7c581654c0_b.jpg,https://www.flickr.com/photos/36686497@N05/51424070008,43.65477,-79.420316,,,,,,,,,,,,,,,
https://live.staticflickr.com/65535/51410425207_31d5c3cbf1_b.jpg,https://www.flickr.com/photos/126251698@N03/51410425207,27.202524,-80.257759,,,,,,,,,,,,,,,
https://live.staticflickr.com/65535/51409327401_8f26649cd1_b.jpg,https://www.flickr.com/photos/97585109@N00/51409327401,36.1268,-115.168676,,,,,,,,,,,,,,,
https://live.staticflickr.com/65535/51393193332_07e6158148_b.jpg,https://www.flickr.com/photos/97585109@N00/51393193332,36.095354,-115.177452,,,,,,,,,,,,,,,
https://live.staticflickr.com/65535/51383719908_3590ec4b41_b.jpg,https://www.flickr.com/photos/97585109@N00/51383719908,36.103486,-115.174148,,,,,,,,,,,,,,,
https://live.staticflickr.com/65535/51374037261_d12d62bb76_b.jpg,https://www.flickr.com/photos/11200205@N02/51374037261,43.649957,-79.359194,,,,,,,,,,,,,,,
https://live.staticflickr.com/65535/51296255124_fe5766476c_b.jpg,https://www.flickr.com/photos/126251698@N03/51296255124,26.753461,-80.933237,,,,,,,,,,,,,,,
https://live.staticflickr.com/65535/51294297467_a938336b94_b.jpg,https://www.flickr.com/photos/60527064@N00/51294297467,49.275,-123.130559,,,,,,,,,,,,,,,
https://live.staticflickr.com/65535/51280326567_05a5415604_b.jpg,https://www.flickr.com/photos/25582125@N04/51280326567,40.741713,-74.009475,,,,,,,,,,,,,,,
https://live.staticflickr.com/65535/51276645422_b77528930d_b.jpg,https://www.flickr.com/photos/36686497@N05/51276645422,43.64932,-79.424457,,,,,,,,,,,,,,,
https://live.staticflickr.com/65535/51258519148_e824cb383c_b.jpg,https://www.flickr.com/photos/25582125@N04/51258519148,40.733077,-74.013795,,,,,,,,,,,,,,,
https://live.staticflickr.com/65535/51256855286_fdd14c50b1_b.jpg,https://www.flickr.com/photos/36686497@N05/51256855286,43.66025,-79.407806,,,,,,,,,,,,,,,
https://live.staticflickr.com/65535/51216958542_79d1dea774_b.jpg,https://www.flickr.com/photos/48679857@N00/51216958542,40.704922,-73.995412,,,,,,,,,,,,,,,
https://live.staticflickr.com/65535/51209369184_0967908566_b.jpg,https://www.flickr.com/photos/11200205@N02/51209369184,43.650096,-79.374053,,,,,,,,,,,,,,,
https://live.staticflickr.com/65535/51204738818_87947f97b1_b.jpg,https://www.flickr.com/photos/11200205@N02/51204738818,43.595458,-79.514107,,,,,,,,,,,,,,,
https://live.staticflickr.com/65535/51195202642_e1731e644f_b.jpg,https://www.flickr.com/photos/11200205@N02/51195202642,43.647558,-79.400532,,,,,,,,,,,,,,,
https://live.staticflickr.com/65535/51154774450_52a4012940_b.jpg,https://www.flickr.com/photos/41315423@N00/51154774450,38.889813,-90.18592,,,,,,,,,,,,,,,
https://live.staticflickr.com/65535/51148567690_62719471e5_b.jpg,https://www.flickr.com/photos/25582125@N04/51148567690,40.746736,-74.00852,,,,,,,,,,,,,,,
https://live.staticflickr.com/65535/51110238859_73b28735bf_b.jpg,https://www.flickr.com/photos/192540662@N04/51110238859,43.667374,-79.391241,,,,,,,,,,,,,,,
https://live.staticflickr.com/65535/51015861560_3160bf7b41_b.jpg,https://www.flickr.com/photos/126251698@N03/51015861560,29.233702,-81.012414,,,,,,,,,,,,,,,
https://live.staticflickr.com/65535/51067216523_c2c8428e70_b.jpg,https://www.flickr.com/photos/25582125@N04/51067216523,40.757705,-74.00055,,,,,,,,,,,,,,,
https://live.staticflickr.com/65535/51063921282_54b2b5b14f_b.jpg,https://www.flickr.com/photos/25582125@N04/51063921282,40.711794,-74.012089,,,,,,,,,,,,,,,
https://live.staticflickr.com/65535/51019968262_8665a25634_b.jpg,https://www.flickr.com/photos/117770624@N04/51019968262,30.290324,-81.390247,,,,,,,,,,,,,,,
https://live.staticflickr.com/65535/51001107271_73e6a22771_b.jpg,https://www.flickr.com/photos/25582125@N04/51001107271,40.742711,-73.99617,,,,,,,,,,,,,,,
https://live.staticflickr.com/65535/50998434398_2914cae8e0_b.jpg,https://www.flickr.com/photos/25582125@N04/50998434398,40.74085,-73.997645,,,,,,,,,,,,,,,
https://live.staticflickr.com/65535/50996036732_1eaaeb28c0_b.jpg,https://www.flickr.com/photos/33554580@N00/50996036732,40.74151,-73.988971,,,,,,,,,,,,,,,
https://live.staticflickr.com/65535/50973970302_cba890d760_b.jpg,https://www.flickr.com/photos/126251698@N03/50973970302,29.649783,-82.323806,,,,,,,,,,,,,,,
https://live.staticflickr.com/65535/50955998936_6c42d06028_b.jpg,https://www.flickr.com/photos/126251698@N03/50955998936,27.445166,-80.325448,,,,,,,,,,,,,,,
https://live.staticflickr.com/65535/50943840997_83b0795a7d_b.jpg,https://www.flickr.com/photos/25582125@N04/50943840997,40.739677,-74.00822,,,,,,,,,,,,,,,
https://live.staticflickr.com/65535/50918878708_5891d682ae_b.jpg,https://www.flickr.com/photos/126251698@N03/50918878708,29.649416,-82.323979,,,,,,,,,,,,,,,
https://live.staticflickr.com/65535/50898327793_d150201932_b.jpg,https://www.flickr.com/photos/11200205@N02/50898327793,43.677292,-79.764529,,,,,,,,,,,,,,,
https://live.staticflickr.com/65535/50864607718_b4cc4a356d_b.jpg,https://www.flickr.com/photos/126251698@N03/50864607718,26.70798,-80.049133,,,,,,,,,,,,,,,
https://live.staticflickr.com/65535/50865133696_eeb110269e_b.jpg,https://www.flickr.com/photos/126251698@N03/50865133696,28.609555,-80.807136,,,,,,,,,,,,,,,
https://live.staticflickr.com/65535/50858985926_19d909a8f0_b.jpg,https://www.flickr.com/photos/126251698@N03/50858985926,26.707194,-80.050077,,,,,,,,,,,,,,,
https://live.staticflickr.com/65535/50858208228_a285fb3cc1_b.jpg,https://www.flickr.com/photos/126251698@N03/50858208228,26.707194,-80.050077,,,,,,,,,,,,,,,
https://live.staticflickr.com/65535/50858826911_2b65c33cf9_b.jpg,https://www.flickr.com/photos/126251698@N03/50858826911,26.707194,-80.050077,,,,,,,,,,,,,,,
https://live.staticflickr.com/65535/50840529941_a42c123dcc_b.jpg,https://www.flickr.com/photos/12744878@N02/50840529941,47.645043,-122.336819,,,,,,,,,,,,,,,
https://live.staticflickr.com/65535/50817554457_58a99f1dca_b.jpg,https://www.flickr.com/photos/126251698@N03/50817554457,26.004517,-80.334456,,,,,,,,,,,,,,,
https://live.staticflickr.com/65535/50800230043_1c960d7acd_b.jpg,https://www.flickr.com/photos/143502056@N04/50800230043,40.753312,-73.981289,,,,,,,,,,,,,,,
https://live.staticflickr.com/65535/50800852976_4dcf1c81b3_b.jpg,https://www.flickr.com/photos/126251698@N03/50800852976,27.452186,-80.323951,,,,,,,,,,,,,,,
https://live.staticflickr.com/65535/50778719771_e3575f8ed7_b.jpg,https://www.flickr.com/photos/126251698@N03/50778719771,27.775102,-82.627748,,,,,,,,,,,,,,,
https://live.staticflickr.com/65535/50774856678_c6488efb7d_b.jpg,https://www.flickr.com/photos/143502056@N04/50774856678,40.753751,-74.001932,,,,,,,,,,,,,,,
https://live.staticflickr.com/65535/50730928653_ae99b5d4bb_b.jpg,https://www.flickr.com/photos/25582125@N04/50730928653,40.746658,-74.004314,,,,,,,,,,,,,,,
https://live.staticflickr.com/65535/50729914858_afeb04f1e1_b.jpg,https://www.flickr.com/photos/25582125@N04/50729914858,40.746658,-74.004314,,,,,,,,,,,,,,,
https://live.staticflickr.com/65535/50723238761_3468b6142b_b.jpg,https://www.flickr.com/photos/11200205@N02/50723238761,43.637628,-79.455463,,,,,,,,,,,,,,,
https://live.staticflickr.com/65535/50721182423_250bd3928e_b.jpg,https://www.flickr.com/photos/126251698@N03/50721182423,25.768847,-80.193353,,,,,,,,,,,,,,,
https://live.staticflickr.com/65535/50721410897_c5fd675d04_b.jpg,https://www.flickr.com/photos/126251698@N03/50721410897,28.28905,-81.406342,,,,,,,,,,,,,,,
https://live.staticflickr.com/65535/50708217801_637704a14c_b.jpg,https://www.flickr.com/photos/25582125@N04/50708217801,40.751247,-74.002484,,,,,,,,,,,,,,,
https://live.staticflickr.com/65535/50706536821_7216ebcb67_b.jpg,https://www.flickr.com/photos/143502056@N04/50706536821,40.762576,-73.974262,,,,,,,,,,,,,,,
https://live.staticflickr.com/65535/50701478508_2614fcd7da_b.jpg,https://www.flickr.com/photos/126251698@N03/50701478508,25.769858,-80.193656,,,,,,,,,,,,,,,
https://live.staticflickr.com/65535/50699903091_90370602d9_b.jpg,https://www.flickr.com/photos/126251698@N03/50699903091,25.97815,-80.139664,,,,,,,,,,,,,,,
https://live.staticflickr.com/1899/42450609580_bbfb00d491_b.jpg,https://www.flickr.com/photos/53612470@N07/42450609580,45.547364,-73.543295,,,,,,,,,,,,,,,
https://live.staticflickr.com/1869/43423575394_2d756ffd4c_b.jpg,https://www.flickr.com/photos/47305639@N05/43423575394,38.864138,-76.990256,,,,,,,,,,,,,,,
https://live.staticflickr.com/1839/43398121054_c60119b26b_b.jpg,https://www.flickr.com/photos/34824948@N05/43398121054,34.02244,-118.39557,,,,,,,,,,,,,,,
https://live.staticflickr.com/1813/42224610770_6f196cf5fb_b.jpg,https://www.flickr.com/photos/20905078@N04/42224610770,43.086629,-79.050761,,,,,,,,,,,,,,,
https://live.staticflickr.com/1833/30132788578_72dfd29760_b.jpg,https://www.flickr.com/photos/131563592@N05/30132788578,41.88969,-87.623348,,,,,,,,,,,,,,,
https://live.staticflickr.com/1792/42171792090_3e29dc7468_b.jpg,https://www.flickr.com/photos/149819905@N03/42171792090,45.503077,-73.559473,,,,,,,,,,,,,,,
https://live.staticflickr.com/860/43914938932_7721fcb6c3_b.jpg,https://www.flickr.com/photos/149819905@N03/43914938932,45.505102,-73.557573,,,,,,,,,,,,,,,
https://live.staticflickr.com/65535/43708432892_c469cb20ff_b.jpg,https://www.flickr.com/photos/25582125@N04/43708432892,40.757705,-74.00055,,,,,,,,,,,,,,,
https://live.staticflickr.com/1814/41942424350_11063a95b6_b.jpg,https://www.flickr.com/photos/47305639@N05/41942424350,38.862785,-76.992326,,,,,,,,,,,,,,,
https://live.staticflickr.com/65535/41829434980_5d4ed552a0_b.jpg,https://www.flickr.com/photos/96536076@N07/41829434980,39.950608,-75.164337,,,,,,,,,,,,,,,
https://live.staticflickr.com/850/42810219744_25d07458dc_b.jpg,https://www.flickr.com/photos/149819905@N03/42810219744,45.526308,-73.535903,,,,,,,,,,,,,,,
https://live.staticflickr.com/837/43340223531_0911fbae56_b.jpg,https://www.flickr.com/photos/149819905@N03/43340223531,45.520438,-73.581267,,,,,,,,,,,,,,,
https://live.staticflickr.com/1825/42568777454_b8d177fdcc_b.jpg,https://www.flickr.com/photos/47305639@N05/42568777454,38.862484,-76.993346,,,,,,,,,,,,,,,
https://live.staticflickr.com/919/28293300277_6f887bf239_b.jpg,https://www.flickr.com/photos/47305639@N05/28293300277,38.86362,-76.991221,,,,,,,,,,,,,,,
https://live.staticflickr.com/1804/41288458520_32cacbde1f_b.jpg,https://www.flickr.com/photos/51322235@N02/41288458520,42.335945,-83.048293,,,,,,,,,,,,,,,
https://live.staticflickr.com/1775/29101480368_ba317a89dd_b.jpg,https://www.flickr.com/photos/47305639@N05/29101480368,38.863403,-76.9915,,,,,,,,,,,,,,,
https://live.staticflickr.com/65535/28077661277_44891ce890_b.jpg,https://www.flickr.com/photos/25582125@N04/28077661277,40.7473,-74.004806,,,,,,,,,,,,,,,
https://live.staticflickr.com/1783/28075489017_1d79a2c9f5_b.jpg,https://www.flickr.com/photos/47305639@N05/28075489017,38.863954,-76.991479,,,,,,,,,,,,,,,
https://live.staticflickr.com/1781/28029076527_ef3e3ed64f_b.jpg,https://www.flickr.com/photos/149819905@N03/28029076527,45.483702,-73.562862,,,,,,,,,,,,,,,
https://live.staticflickr.com/65535/27966840197_742b3ac68e_b.jpg,https://www.flickr.com/photos/25582125@N04/27966840197,40.758408,-73.969928,,,,,,,,,,,,,,,
https://live.staticflickr.com/1749/42805441151_4219d23898_b.jpg,https://www.flickr.com/photos/51322235@N02/42805441151,42.329219,-83.044216,,,,,,,,,,,,,,,
https://live.staticflickr.com/65535/28743940548_5419f8d01c_b.jpg,https://www.flickr.com/photos/25582125@N04/28743940548,40.747097,-74.004367,,,,,,,,,,,,,,,
https://live.staticflickr.com/65535/28397723388_05515ebb3f_b.jpg,https://www.flickr.com/photos/25582125@N04/28397723388,40.740197,-73.986578,,,,,,,,,,,,,,,
https://live.staticflickr.com/65535/41305965205_3ecbcbce8d_b.jpg,https://www.flickr.com/photos/96536076@N07/41305965205,32.778949,-79.929442,,,,,,,,,,,,,,,
https://live.staticflickr.com/965/28209146958_d64eca61a8_b.jpg,https://www.flickr.com/photos/149819905@N03/28209146958,40.704991,-73.933464,,,,,,,,,,,,,,,
https://live.staticflickr.com/944/28114576628_f7cc3aca8f_b.jpg,https://www.flickr.com/photos/47305639@N05/28114576628,38.862785,-76.992326,,,,,,,,,,,,,,,
https://live.staticflickr.com/908/40156684400_7293be8857_b.jpg,https://www.flickr.com/photos/47305639@N05/40156684400,38.86362,-76.991146,,,,,,,,,,,,,,,
https://live.staticflickr.com/911/27896464778_e74b73aa6f_b.jpg,https://www.flickr.com/photos/130500923@N08/27896464778,45.504602,-73.583639,,,,,,,,,,,,,,,
https://live.staticflickr.com/949/40837264065_87790d84f1_b.jpg,https://www.flickr.com/photos/149819905@N03/40837264065,40.706533,-73.931042,,,,,,,,,,,,,,,
https://live.staticflickr.com/953/40788114035_85dd974b47_b.jpg,https://www.flickr.com/photos/25845174@N08/40788114035,38.89995,-77.020103,,,,,,,,,,,,,,,
https://live.staticflickr.com/815/26514908617_e435bb87e2_b.jpg,https://www.flickr.com/photos/62089664@N07/26514908617,39.95418,-75.156215,,,,,,,,,,,,,,,
https://live.staticflickr.com/795/41061066452_e33fdf6228_b.jpg,https://www.flickr.com/photos/47305639@N05/41061066452,38.862785,-76.992326,,,,,,,,,,,,,,,
https://live.staticflickr.com/787/39183757070_890f7931af_b.jpg,https://www.flickr.com/photos/93824252@N02/39183757070,37.790557,-122.420836,,,,,,,,,,,,,,,
https://live.staticflickr.com/65535/40070653885_25e6e4045d_b.jpg,https://www.flickr.com/photos/25582125@N04/40070653885,40.713011,-74.013162,,,,,,,,,,,,,,,
https://live.staticflickr.com/808/39127274350_a1512c72ac_b.jpg,https://www.flickr.com/photos/149819905@N03/39127274350,45.503202,-73.560337,,,,,,,,,,,,,,,
https://live.staticflickr.com/4782/39994903725_eddf2ec7a2_b.jpg,https://www.flickr.com/photos/47305639@N05/39994903725,38.865291,-76.989644,,,,,,,,,,,,,,,
https://live.staticflickr.com/4781/40140508424_c3350ce1ce_b.jpg,https://www.flickr.com/photos/60527064@N00/40140508424,49.282735,-123.120034,,,,,,,,,,,,,,,
https://live.staticflickr.com/801/39002937410_52990947e9_b.jpg,https://www.flickr.com/photos/11374444@N07/39002937410,40.710377,-74.009624,,,,,,,,,,,,,,,
https://live.staticflickr.com/65535/39892453685_2ef59a2806_b.jpg,https://www.flickr.com/photos/25582125@N04/39892453685,40.74353,-73.996253,,,,,,,,,,,,,,,
https://live.staticflickr.com/4793/40020865794_8a5ab6ce56_b.jpg,https://www.flickr.com/photos/129571978@N02/40020865794,40.731258,-73.986697,,,,,,,,,,,,,,,
https://live.staticflickr.com/4708/40643856001_70d208c4c8_b.jpg,https://www.flickr.com/photos/26522673@N07/40643856001,40.740038,-73.751735,,,,,,,,,,,,,,,
https://live.staticflickr.com/4676/40501576992_b0f4394887_b.jpg,https://www.flickr.com/photos/131563592@N05/40501576992,27.736671,-82.754205,,,,,,,,,,,,,,,
https://live.staticflickr.com/4670/40421789702_2aefb23c35_b.jpg,https://www.flickr.com/photos/47305639@N05/40421789702,38.864004,-76.992187,,,,,,,,,,,,,,,
https://live.staticflickr.com/4694/26589652998_9145b8f14c_b.jpg,https://www.flickr.com/photos/102086516@N07/26589652998,40.758825,-73.979195,,,,,,,,,,,,,,,
https://live.staticflickr.com/4662/40303550641_40afc6ac16_b.jpg,https://www.flickr.com/photos/102086516@N07/40303550641,40.758825,-73.979195,,,,,,,,,,,,,,,
https://live.staticflickr.com/4617/39336208065_30bb70a8ef_b.jpg,https://www.flickr.com/photos/47305639@N05/39336208065,38.863219,-76.991586,,,,,,,,,,,,,,,
https://live.staticflickr.com/4751/39313980784_65449c8b41_b.jpg,https://www.flickr.com/photos/129571978@N02/39313980784,40.731258,-73.986697,,,,,,,,,,,,,,,
https://live.staticflickr.com/4722/39900287912_0b934642dd_b.jpg,https://www.flickr.com/photos/129894947@N04/39900287912,43.655705,-79.379997,,,,,,,,,,,,,,,
https://live.staticflickr.com/4673/39208930134_aefcc2af33_b.jpg,https://www.flickr.com/photos/21044097@N00/39208930134,40.704619,-74.013405,,,,,,,,,,,,,,,
https://live.staticflickr.com/4651/25803300138_0fe11aff78_b.jpg,https://www.flickr.com/photos/47305639@N05/25803300138,38.86367,-76.990942,,,,,,,,,,,,,,,
https://live.staticflickr.com/4635/38664951594_bdb383e571_b.jpg,https://www.flickr.com/photos/23221637@N02/38664951594,40.778657,-73.981961,,,,,,,,,,,,,,,
https://live.staticflickr.com/4739/38457779715_d71dc2e708_b.jpg,https://www.flickr.com/photos/96439392@N03/38457779715,29.958658,-90.065778,,,,,,,,,,,,,,,
https://live.staticflickr.com/4687/38360007774_681370f5be_b.jpg,https://www.flickr.com/photos/56932838@N00/38360007774,40.75857,-73.988692,,,,,,,,,,,,,,,
https://live.staticflickr.com/4560/25128642918_111c56aa52_b.jpg,https://www.flickr.com/photos/79752057@N00/25128642918,43.669765,-79.389535,,,,,,,,,,,,,,,
https://live.staticflickr.com/4540/38946084622_c66d108446_b.jpg,https://www.flickr.com/photos/62089664@N07/38946084622,40.734814,-73.999775,,,,,,,,,,,,,,,
https://live.staticflickr.com/65535/38064039245_65d4cbbffe_b.jpg,https://www.flickr.com/photos/25582125@N04/38064039245,40.740302,-74.007945,,,,,,,,,,,,,,,
https://live.staticflickr.com/65535/26794929679_94d7d5f82e_b.jpg,https://www.flickr.com/photos/25582125@N04/26794929679,40.731547,-73.998406,,,,,,,,,,,,,,,
https://live.staticflickr.com/4552/38245296712_6cdf5104af_b.jpg,https://www.flickr.com/photos/108176798@N03/38245296712,46.817477,-71.206128,,,,,,,,,,,,,,,
https://live.staticflickr.com/4520/26493628499_f33248745a_b.jpg,https://www.flickr.com/photos/28404293@N05/26493628499,37.802005,-122.419608,,,,,,,,,,,,,,,
https://live.staticflickr.com/65535/38257703511_b3202caf04_b.jpg,https://www.flickr.com/photos/25582125@N04/38257703511,40.747397,-74.005123,,,,,,,,,,,,,,,
https://live.staticflickr.com/65535/38200304851_030aae4275_b.jpg,https://www.flickr.com/photos/25582125@N04/38200304851,40.745127,-74.003823,,,,,,,,,,,,,,,
https://live.staticflickr.com/4555/38184957831_e1b3482c9a_b.jpg,https://www.flickr.com/photos/131563592@N05/38184957831,42.147615,-87.790181,,,,,,,,,,,,,,,
https://live.staticflickr.com/4501/37978392072_a52b328555_b.jpg,https://www.flickr.com/photos/62089664@N07/37978392072,39.948911,-75.144102,,,,,,,,,,,,,,,
https://live.staticflickr.com/4484/37969851462_e96f0b8c9f_b.jpg,https://www.flickr.com/photos/47305639@N05/37969851462,38.855182,-76.996285,,,,,,,,,,,,,,,
https://live.staticflickr.com/65535/37909699756_fb5335c1d8_b.jpg,https://www.flickr.com/photos/25582125@N04/37909699756,40.757405,-73.98592,,,,,,,,,,,,,,,
https://live.staticflickr.com/4469/37132255223_747561138e_b.jpg,https://www.flickr.com/photos/47305639@N05/37132255223,38.86357,-76.99091,,,,,,,,,,,,,,,
https://live.staticflickr.com/4472/37017431903_3b8d263a17_b.jpg,https://www.flickr.com/photos/11725414@N05/37017431903,40.70287,-73.988295,,,,,,,,,,,,,,,
https://live.staticflickr.com/4505/37645795721_0503806ee7_b.jpg,https://www.flickr.com/photos/47305639@N05/37645795721,38.865605,-76.989659,,,,,,,,,,,,,,,
https://live.staticflickr.com/4473/37561916036_7ce7abe7e4_b.jpg,https://www.flickr.com/photos/74112261@N05/37561916036,43.649491,-79.378098,,,,,,,,,,,,,,,
https://live.staticflickr.com/4505/37555340391_0d82ec5cd3_b.jpg,https://www.flickr.com/photos/42212052@N02/37555340391,41.882786,-87.623223,,,,,,,,,,,,,,,
https://live.staticflickr.com/4455/37434567186_fbf585127b_b.jpg,https://www.flickr.com/photos/13705347@N02/37434567186,45.517026,-122.676301,,,,,,,,,,,,,,,
https://live.staticflickr.com/4491/37223981710_8a239f3735_b.jpg,https://www.flickr.com/photos/42212052@N02/37223981710,41.882744,-87.623156,,,,,,,,,,,,,,,
https://live.staticflickr.com/65535/37400137516_6854760fd3_b.jpg,https://www.flickr.com/photos/25582125@N04/37400137516,40.782544,-73.965534,,,,,,,,,,,,,,,
https://live.staticflickr.com/65535/37338081456_3442b9027b_b.jpg,https://www.flickr.com/photos/25582125@N04/37338081456,40.740883,-73.985956,,,,,,,,,,,,,,,
https://live.staticflickr.com/4399/36563928654_97c8285b3a_b.jpg,https://www.flickr.com/photos/47305639@N05/36563928654,38.865291,-76.989644,,,,,,,,,,,,,,,
https://live.staticflickr.com/4452/36560791944_914bd2be26_b.jpg,https://www.flickr.com/photos/21044097@N00/36560791944,40.706808,-74.010866,,,,,,,,,,,,,,,
https://live.staticflickr.com/4506/37262367781_e3ef0dcb5f_b.jpg,https://www.flickr.com/photos/21044097@N00/37262367781,40.704052,-74.011472,,,,,,,,,,,,,,,
https://live.staticflickr.com/4475/37223591412_e879bfe916_b.jpg,https://www.flickr.com/photos/47305639@N05/37223591412,38.895999,-77.031628,,,,,,,,,,,,,,,
https://live.staticflickr.com/4438/36514150804_f1a263dcb6_b.jpg,https://www.flickr.com/photos/120833037@N06/36514150804,40.750914,-73.982169,,,,,,,,,,,,,,,
https://live.staticflickr.com/65535/37154797016_dc3a5c9688_b.jpg,https://www.flickr.com/photos/25582125@N04/37154797016,40.7465,-74.001339,,,,,,,,,,,,,,,
https://live.staticflickr.com/4338/36477608354_87e7a27f52_b.jpg,https://www.flickr.com/photos/47305639@N05/36477608354,38.907248,-77.031626,,,,,,,,,,,,,,,
https://live.staticflickr.com/65535/46183029405_923f753606_b.jpg,https://www.flickr.com/photos/126251698@N03/46183029405,26.938285,-82.046188,,,,,,,,,,,,,,,
https://live.staticflickr.com/7854/40112500263_e74a080cff_b.jpg,https://www.flickr.com/photos/38669934@N03/40112500263,41.913072,-87.621374,,,,,,,,,,,,,,,
https://live.staticflickr.com/7854/46155533045_e6b73c5b64_b.jpg,https://www.flickr.com/photos/126251698@N03/46155533045,26.754751,-80.933479,,,,,,,,,,,,,,,
https://live.staticflickr.com/4828/33136495038_7d15a5f017_b.jpg,https://www.flickr.com/photos/11296546@N03/33136495038,42.329247,-83.04155,,,,,,,,,,,,,,,
https://live.staticflickr.com/65535/46890477462_24f5cc5352_b.jpg,https://www.flickr.com/photos/126251698@N03/46890477462,27.215881,-81.861633,,,,,,,,,,,,,,,
https://live.staticflickr.com/65535/46206048594_b7280115a7_b.jpg,https://www.flickr.com/photos/126251698@N03/46206048594,26.933692,-82.053092,,,,,,,,,,,,,,,
https://live.staticflickr.com/7802/33054050758_e38a126946_b.jpg,https://www.flickr.com/photos/126251698@N03/33054050758,26.936614,-82.05252,,,,,,,,,,,,,,,
https://live.staticflickr.com/65535/46196850624_7256a3160a_b.jpg,https://www.flickr.com/photos/126251698@N03/46196850624,26.936523,-82.04695,,,,,,,,,,,,,,,
https://live.staticflickr.com/7863/46196383594_0174a2d227_b.jpg,https://www.flickr.com/photos/126251698@N03/46196383594,26.935451,-82.050895,,,,,,,,,,,,,,,
https://live.staticflickr.com/7890/46864241602_e2c529df06_b.jpg,https://www.flickr.com/photos/62285769@N00/46864241602,41.885962,-87.637142,,,,,,,,,,,,,,,
https://live.staticflickr.com/7907/46908395681_73a78bf63b_b.jpg,https://www.flickr.com/photos/126251698@N03/46908395681,26.933692,-82.053092,,,,,,,,,,,,,,,
https://live.staticflickr.com/4865/31945648357_6d2e5780e5_b.jpg,https://www.flickr.com/photos/126251698@N03/31945648357,26.752397,-80.934463,,,,,,,,,,,,,,,
https://live.staticflickr.com/65535/46834764882_579a4a5a24_b.jpg,https://www.flickr.com/photos/126251698@N03/46834764882,26.752397,-80.934463,,,,,,,,,,,,,,,
https://live.staticflickr.com/7835/45970230935_84a13c3963_b.jpg,https://www.flickr.com/photos/126251698@N03/45970230935,26.756992,-80.933311,,,,,,,,,,,,,,,
https://live.staticflickr.com/4901/45950702125_e50d8ea233_b.jpg,https://www.flickr.com/photos/126251698@N03/45950702125,26.756982,-80.932374,,,,,,,,,,,,,,,
https://live.staticflickr.com/7882/45947133285_a68fc9f888_b.jpg,https://www.flickr.com/photos/87857621@N00/45947133285,45.569863,-73.553531,,,,,,,,,,,,,,,
https://live.staticflickr.com/7906/46118395144_bf1de86d29_b.jpg,https://www.flickr.com/photos/126251698@N03/46118395144,26.752397,-80.934463,,,,,,,,,,,,,,,
https://live.staticflickr.com/7921/46117950504_1652ef1b39_b.jpg,https://www.flickr.com/photos/126251698@N03/46117950504,26.752397,-80.934463,,,,,,,,,,,,,,,
https://live.staticflickr.com/65535/31880211097_54eaab909a_b.jpg,https://www.flickr.com/photos/126251698@N03/31880211097,26.703938,-80.049487,,,,,,,,,,,,,,,
https://live.staticflickr.com/7818/46801712911_f3497c085a_b.jpg,https://www.flickr.com/photos/126251698@N03/46801712911,26.754751,-80.933479,,,,,,,,,,,,,,,
https://live.staticflickr.com/7882/45827834075_e7f1dd1e27_b.jpg,https://www.flickr.com/photos/126251698@N03/45827834075,26.754751,-80.933479,,,,,,,,,,,,,,,
https://live.staticflickr.com/7914/46686674542_d5d9d96c45_b.jpg,https://www.flickr.com/photos/149819905@N03/46686674542,45.507286,-73.556606,,,,,,,,,,,,,,,
https://live.staticflickr.com/65535/45808486135_d33406c1a1_b.jpg,https://www.flickr.com/photos/25582125@N04/45808486135,40.757405,-73.98592,,,,,,,,,,,,,,,
https://live.staticflickr.com/7864/31770450177_5c8f550faf_b.jpg,https://www.flickr.com/photos/59600577@N07/31770450177,40.710069,-74.012528,,,,,,,,,,,,,,,
https://live.staticflickr.com/65535/46632805302_ee32c87a2b_b.jpg,https://www.flickr.com/photos/25582125@N04/46632805302,40.745155,-73.999637,,,,,,,,,,,,,,,
https://live.staticflickr.com/7890/46683929151_438c1e64ea_b.jpg,https://www.flickr.com/photos/59600577@N07/46683929151,40.710069,-74.012528,,,,,,,,,,,,,,,
https://live.staticflickr.com/4864/31740500567_e0f0eb2bf9_b.jpg,https://www.flickr.com/photos/126251698@N03/31740500567,26.943539,-82.036703,,,,,,,,,,,,,,,
https://live.staticflickr.com/7800/46605090702_05ef7598ef_b.jpg,https://www.flickr.com/photos/108176798@N03/46605090702,45.424811,-75.695223,,,,,,,,,,,,,,,
https://live.staticflickr.com/7886/45734402715_a0eb66dddd_b.jpg,https://www.flickr.com/photos/11200205@N02/45734402715,43.65286,-79.361307,,,,,,,,,,,,,,,
https://live.staticflickr.com/7825/45518189025_4f3c479146_b.jpg,https://www.flickr.com/photos/25582125@N04/45518189025,40.748827,-73.969848,,,,,,,,,,,,,,,
https://live.staticflickr.com/4907/44570487810_e69502b403_b.jpg,https://www.flickr.com/photos/77363333@N08/44570487810,36.115544,-115.172673,,,,,,,,,,,,,,,
https://live.staticflickr.com/4828/44532106240_781fc5ebae_b.jpg,https://www.flickr.com/photos/127976860@N04/44532106240,25.765807,-80.186387,,,,,,,,,,,,,,,
https://live.staticflickr.com/4841/46299046181_dd26bd498e_b.jpg,https://www.flickr.com/photos/11200205@N02/46299046181,43.631913,-79.471364,,,,,,,,,,,,,,,
https://live.staticflickr.com/4877/31352338017_539f76e4b8_b.jpg,https://www.flickr.com/photos/126251698@N03/31352338017,39.100704,-84.507659,,,,,,,,,,,,,,,
https://live.staticflickr.com/4893/45461158814_59a674b648_b.jpg,https://www.flickr.com/photos/126251698@N03/45461158814,39.100704,-84.507659,,,,,,,,,,,,,,,
https://live.staticflickr.com/4819/31233893397_0318d6e198_b.jpg,https://www.flickr.com/photos/126251698@N03/31233893397,35.057674,-85.309546,,,,,,,,,,,,,,,
https://live.staticflickr.com/65535/31223234147_4752a2ee88_b.jpg,https://www.flickr.com/photos/126251698@N03/31223234147,35.05309,-85.301585,,,,,,,,,,,,,,,
https://live.staticflickr.com/4876/46148977501_bd7abdd91c_b.jpg,https://www.flickr.com/photos/126251698@N03/46148977501,35.053458,-85.306499,,,,,,,,,,,,,,,
https://live.staticflickr.com/4838/44279112060_af705786b8_b.jpg,https://www.flickr.com/photos/36819836@N00/44279112060,41.888157,-87.625665,,,,,,,,,,,,,,,
https://live.staticflickr.com/4807/45970779992_bc9f1cd73b_b.jpg,https://www.flickr.com/photos/59600577@N07/45970779992,40.710069,-74.012528,,,,,,,,,,,,,,,
https://live.staticflickr.com/4904/45970574382_c6ca874f6b_b.jpg,https://www.flickr.com/photos/59600577@N07/45970574382,40.710069,-74.012528,,,,,,,,,,,,,,,
https://live.staticflickr.com/65535/32046660828_4626b3125c_b.jpg,https://www.flickr.com/photos/25582125@N04/32046660828,40.730869,-73.997598,,,,,,,,,,,,,,,
https://live.staticflickr.com/4910/45896703021_ae435d110e_b.jpg,https://www.flickr.com/photos/126251698@N03/45896703021,27.452186,-80.323951,,,,,,,,,,,,,,,
https://live.staticflickr.com/1912/45145104194_6e758a9e43_b.jpg,https://www.flickr.com/photos/59600577@N07/45145104194,40.71013,-74.0136,,,,,,,,,,,,,,,
https://live.staticflickr.com/1973/30918374797_b741b6c8e2_b.jpg,https://www.flickr.com/photos/59600577@N07/30918374797,40.710069,-74.012528,,,,,,,,,,,,,,,
https://live.staticflickr.com/4897/45834508121_4a811d7e7b_b.jpg,https://www.flickr.com/photos/126251698@N03/45834508121,27.446691,-80.325988,,,,,,,,,,,,,,,
https://live.staticflickr.com/65535/44896566125_6a7b833ce8_b.jpg,https://www.flickr.com/photos/126251698@N03/44896566125,30.413421,-87.215339,,,,,,,,,,,,,,,
https://live.staticflickr.com/65535/45759211722_e443ede872_b.jpg,https://www.flickr.com/photos/126251698@N03/45759211722,30.416709,-87.216072,,,,,,,,,,,,,,,
https://live.staticflickr.com/65535/45756647552_5f01f5c524_b.jpg,https://www.flickr.com/photos/25582125@N04/45756647552,40.725844,-74.010089,,,,,,,,,,,,,,,
https://live.staticflickr.com/4906/45074822844_7af9817109_b.jpg,https://www.flickr.com/photos/29193873@N06/45074822844,36.112752,-115.174999,,,,,,,,,,,,,,,
https://live.staticflickr.com/4855/44881955745_447590eceb_b.jpg,https://www.flickr.com/photos/60342453@N06/44881955745,40.70458,-73.990242,,,,,,,,,,,,,,,
https://live.staticflickr.com/1926/43894997300_6a9879a9a2_b.jpg,https://www.flickr.com/photos/62285769@N00/43894997300,41.883532,-87.635769,,,,,,,,,,,,,,,
https://live.staticflickr.com/1979/45623868121_52ce8c9ee2_b.jpg,https://www.flickr.com/photos/36819836@N00/45623868121,41.887119,-87.637639,,,,,,,,,,,,,,,
https://live.staticflickr.com/1951/45508210622_bf6494561e_b.jpg,https://www.flickr.com/photos/36819836@N00/45508210622,41.879339,-87.624936,,,,,,,,,,,,,,,
https://live.staticflickr.com/1953/45486399902_b8d8a394d7_b.jpg,https://www.flickr.com/photos/59600577@N07/45486399902,42.354961,-71.046934,,,,,,,,,,,,,,,
https://live.staticflickr.com/1930/44708685824_f3a3bc93e2_b.jpg,https://www.flickr.com/photos/29061579@N04/44708685824,49.296751,-123.141889,,,,,,,,,,,,,,,
https://live.staticflickr.com/1901/44411653295_cdeb57f9a9_b.jpg,https://www.flickr.com/photos/126251698@N03/44411653295,25.89038,-80.183647,,,,,,,,,,,,,,,
https://live.staticflickr.com/1961/43508845730_75b675b3dd_b.jpg,https://www.flickr.com/photos/126251698@N03/43508845730,25.89038,-80.183647,,,,,,,,,,,,,,,
https://live.staticflickr.com/1929/31318564468_5494a8ab4e_b.jpg,https://www.flickr.com/photos/58755999@N05/31318564468,47.610785,-122.348363,,,,,,,,,,,,,,,
https://live.staticflickr.com/1950/45141033892_0a52edb9a7_b.jpg,https://www.flickr.com/photos/123895834@N08/45141033892,40.445713,-80.003262,,,,,,,,,,,,,,,
https://live.staticflickr.com/65535/30243986877_1d0fd69032_b.jpg,https://www.flickr.com/photos/126251698@N03/30243986877,26.706522,-80.049948,,,,,,,,,,,,,,,
https://live.staticflickr.com/65535/31308151928_b17db9b4fa_b.jpg,https://www.flickr.com/photos/126251698@N03/31308151928,26.706522,-80.049948,,,,,,,,,,,,,,,
https://live.staticflickr.com/65535/30238844607_0f4a327db3_b.jpg,https://www.flickr.com/photos/126251698@N03/30238844607,26.708823,-80.051987,,,,,,,,,,,,,,,
https://live.staticflickr.com/65535/43351387700_508663cb02_b.jpg,https://www.flickr.com/photos/126251698@N03/43351387700,26.703938,-80.049487,,,,,,,,,,,,,,,
https://live.staticflickr.com/1859/43813009285_c14f79c358_b.jpg,https://www.flickr.com/photos/26522673@N07/43813009285,40.70152,-74.014291,,,,,,,,,,,,,,,
https://live.staticflickr.com/65535/43798473555_3fd037a0d8_b.jpg,https://www.flickr.com/photos/25582125@N04/43798473555,40.749263,-73.969767,,,,,,,,,,,,,,,
https://live.staticflickr.com/65535/43741499305_c8d5457a54_b.jpg,https://www.flickr.com/photos/25582125@N04/43741499305,40.782544,-73.965534,,,,,,,,,,,,,,,
https://live.staticflickr.com/1866/29375974397_83041131b5_b.jpg,https://www.flickr.com/photos/123895834@N08/29375974397,41.524372,-72.076828,,,,,,,,,,,,,,,
https://live.staticflickr.com/65535/30306532568_6d708576d3_b.jpg,https://www.flickr.com/photos/126251698@N03/30306532568,26.260138,-80.081577,,,,,,,,,,,,,,,
https://live.staticflickr.com/1816/28876937047_45779e0aca_b.jpg,https://www.flickr.com/photos/123895834@N08/28876937047,41.308841,-72.923887,,,,,,,,,,,,,,,
https://live.staticflickr.com/65535/41993521010_9cd544094a_b.jpg,https://www.flickr.com/photos/25582125@N04/41993521010,40.759091,-73.979423,,,,,,,,,,,,,,,
https://live.staticflickr.com/1829/42602715395_cd3b5af4e8_b.jpg,https://www.flickr.com/photos/126251698@N03/42602715395,40.777919,-111.88812,,,,,,,,,,,,,,,
https://live.staticflickr.com/1821/42781352634_20efd57bac_b.jpg,https://www.flickr.com/photos/126251698@N03/42781352634,40.777919,-111.88812,,,,,,,,,,,,,,,
https://live.staticflickr.com/919/43423123012_ffe5f726dc_b.jpg,https://www.flickr.com/photos/96536076@N07/43423123012,39.290991,-76.609264,,,,,,,,,,,,,,,
https://live.staticflickr.com/1769/42523371375_84d2f31ba7_b.jpg,https://www.flickr.com/photos/42786185@N06/42523371375,29.891713,-81.314148,,,,,,,,,,,,,,,
https://live.staticflickr.com/845/42688528864_cd24bd5549_b.jpg,https://www.flickr.com/photos/26522673@N07/42688528864,40.756083,-73.986117,,,,,,,,,,,,,,,
https://live.staticflickr.com/65535/29533813438_2bdeffd88c_b.jpg,https://www.flickr.com/photos/126251698@N03/29533813438,30.416578,-87.216613,,,,,,,,,,,,,,,
https://live.staticflickr.com/1781/42436576535_bf9a08bbfe_b.jpg,https://www.flickr.com/photos/126251698@N03/42436576535,30.414075,-87.215835,,,,,,,,,,,,,,,
https://live.staticflickr.com/65535/43277097582_76d3715b91_b.jpg,https://www.flickr.com/photos/96536076@N07/43277097582,38.88998,-77.010941,,,,,,,,,,,,,,,
https://live.staticflickr.com/847/43214712871_0df3433500_b.jpg,https://www.flickr.com/photos/126251698@N03/43214712871,40.777919,-111.88812,,,,,,,,,,,,,,,
https://live.staticflickr.com/65535/29296005208_be0b6d7a30_b.jpg,https://www.flickr.com/photos/25582125@N04/29296005208,40.74195,-74.010812,,,,,,,,,,,,,,,
https://live.staticflickr.com/65535/50405069272_4a6f4c5d88_b.jpg,https://www.flickr.com/photos/64752540@N00/50405069272,49.288099,-123.140537,,,,,,,,,,,,,,,
https://live.staticflickr.com/65535/50400056988_26e18eb770_b.jpg,https://www.flickr.com/photos/143502056@N04/50400056988,40.741412,-73.960947,,,,,,,,,,,,,,,
https://live.staticflickr.com/65535/50394734191_e7fafcabce_b.jpg,https://www.flickr.com/photos/143502056@N04/50394734191,40.776406,-73.973854,,,,,,,,,,,,,,,
https://live.staticflickr.com/65535/50381177866_94124a545b_b.jpg,https://www.flickr.com/photos/25582125@N04/50381177866,40.765891,-73.996406,,,,,,,,,,,,,,,
https://live.staticflickr.com/65535/50379620591_2185ebafce_b.jpg,https://www.flickr.com/photos/143502056@N04/50379620591,40.716826,-73.967202,,,,,,,,,,,,,,,
https://live.staticflickr.com/65535/50347516698_a123a8a1e7_b.jpg,https://www.flickr.com/photos/143502056@N04/50347516698,40.75397,-74.0022,,,,,,,,,,,,,,,
https://live.staticflickr.com/65535/50333691462_4690da5b0f_b.jpg,https://www.flickr.com/photos/143502056@N04/50333691462,40.712329,-74.012918,,,,,,,,,,,,,,,
https://live.staticflickr.com/65535/50318732891_f7329dd566_b.jpg,https://www.flickr.com/photos/25582125@N04/50318732891,40.705861,-73.996559,,,,,,,,,,,,,,,
https://live.staticflickr.com/65535/50315825267_f13201727a_b.jpg,https://www.flickr.com/photos/123653963@N02/50315825267,40.079417,-74.857009,,,,,,,,,,,,,,,
https://live.staticflickr.com/65535/50300823642_c987b0c5bb_b.jpg,https://www.flickr.com/photos/101545735@N08/50300823642,40.735006,-74.028958,,,,,,,,,,,,,,,
https://live.staticflickr.com/65535/50296802763_5f55fa2770_b.jpg,https://www.flickr.com/photos/143502056@N04/50296802763,40.753612,-73.984047,,,,,,,,,,,,,,,
https://live.staticflickr.com/65535/50290861352_b02c84df1f_b.jpg,https://www.flickr.com/photos/143502056@N04/50290861352,40.757903,-73.985087,,,,,,,,,,,,,,,
https://live.staticflickr.com/65535/50251320557_0066bf9222_b.jpg,https://www.flickr.com/photos/143502056@N04/50251320557,40.712231,-74.033528,,,,,,,,,,,,,,,
https://live.staticflickr.com/65535/50232578533_32bac48232_b.jpg,https://www.flickr.com/photos/188659962@N03/50232578533,43.649957,-79.416389,,,,,,,,,,,,,,,
https://live.staticflickr.com/65535/50219521376_76813c9c77_b.jpg,https://www.flickr.com/photos/84283998@N06/50219521376,40.319138,-76.032362,,,,,,,,,,,,,,,
https://live.staticflickr.com/65535/50215141742_5148acd64c_b.jpg,https://www.flickr.com/photos/84283998@N06/50215141742,40.313416,-75.867806,,,,,,,,,,,,,,,
https://live.staticflickr.com/65535/50204939757_3eb3037fe7_b.jpg,https://www.flickr.com/photos/54083450@N00/50204939757,35.279924,-120.662906,,,,,,,,,,,,,,,
https://live.staticflickr.com/65535/50191039788_7d365c6bf4_b.jpg,https://www.flickr.com/photos/143502056@N04/50191039788,40.757359,-73.986085,,,,,,,,,,,,,,,
https://live.staticflickr.com/65535/50176116441_53e63a02b9_b.jpg,https://www.flickr.com/photos/143502056@N04/50176116441,40.758407,-73.985195,,,,,,,,,,,,,,,
https://live.staticflickr.com/65535/50163422492_810e1e1786_b.jpg,https://www.flickr.com/photos/84283998@N06/50163422492,40.311472,-75.869445,,,,,,,,,,,,,,,
https://live.staticflickr.com/65535/50162309161_ffc3335bca_b.jpg,https://www.flickr.com/photos/143502056@N04/50162309161,40.74485,-73.958845,,,,,,,,,,,,,,,
https://live.staticflickr.com/65535/50145542598_1f690a3832_b.jpg,https://www.flickr.com/photos/62089664@N07/50145542598,39.95259,-75.163661,,,,,,,,,,,,,,,
https://live.staticflickr.com/65535/50090030951_90a93bfbfc_b.jpg,https://www.flickr.com/photos/143502056@N04/50090030951,40.710296,-74.007833,,,,,,,,,,,,,,,
https://live.staticflickr.com/65535/50045306831_1373f110f5_b.jpg,https://www.flickr.com/photos/12744878@N02/50045306831,47.62832,-122.334159,,,,,,,,,,,,,,,
https://live.staticflickr.com/65535/50019168002_db43208a59_b.jpg,https://www.flickr.com/photos/143502056@N04/50019168002,40.704717,-73.995151,,,,,,,,,,,,,,,
https://live.staticflickr.com/65535/50001404032_699e42738c_b.jpg,https://www.flickr.com/photos/126251698@N03/50001404032,26.615939,-80.055516,,,,,,,,,,,,,,,
https://live.staticflickr.com/65535/49997109961_501f319a5e_b.jpg,https://www.flickr.com/photos/188659962@N03/49997109961,43.654697,-79.402656,,,,,,,,,,,,,,,
https://live.staticflickr.com/65535/49992152812_178249fec6_b.jpg,https://www.flickr.com/photos/188659962@N03/49992152812,43.656844,-79.403171,,,,,,,,,,,,,,,
https://live.staticflickr.com/65535/49957133207_8d86f9ae75_b.jpg,https://www.flickr.com/photos/21044097@N00/49957133207,40.708811,-74.010423,,,,,,,,,,,,,,,
https://live.staticflickr.com/65535/49940448793_0cb7a168d2_b.jpg,https://www.flickr.com/photos/101545735@N08/49940448793,40.711678,-74.011641,,,,,,,,,,,,,,,
https://live.staticflickr.com/65535/49931016353_50c76d64fc_b.jpg,https://www.flickr.com/photos/76093270@N04/49931016353,39.557641,-84.305834,,,,,,,,,,,,,,,
https://live.staticflickr.com/65535/49905441731_7ccdc7de30_b.jpg,https://www.flickr.com/photos/143502056@N04/49905441731,40.759399,-73.979262,,,,,,,,,,,,,,,
https://live.staticflickr.com/65535/49899719787_78932fc34a_b.jpg,https://www.flickr.com/photos/69233611@N05/49899719787,40.768386,-73.97011,,,,,,,,,,,,,,,
https://live.staticflickr.com/65535/49888215736_cea032f93d_b.jpg,https://www.flickr.com/photos/36686497@N05/49888215736,43.648579,-79.419479,,,,,,,,,,,,,,,
https://live.staticflickr.com/65535/49882374266_5e2ffdf922_b.jpg,https://www.flickr.com/photos/143502056@N04/49882374266,40.711239,-74.010708,,,,,,,,,,,,,,,
https://live.staticflickr.com/65535/49872884976_d9971b88c8_b.jpg,https://www.flickr.com/photos/36686497@N05/49872884976,43.646007,-79.419565,,,,,,,,,,,,,,,
https://live.staticflickr.com/65535/49872072823_766de8d62d_b.jpg,https://www.flickr.com/photos/38669934@N03/49872072823,41.880952,-87.624185,,,,,,,,,,,,,,,
https://live.staticflickr.com/65535/49858746131_09c95e4941_b.jpg,https://www.flickr.com/photos/126251698@N03/49858746131,26.615623,-80.048618,,,,,,,,,,,,,,,
https://live.staticflickr.com/65535/49855567906_15044b62e6_b.jpg,https://www.flickr.com/photos/68776679@N05/49855567906,40.760118,-73.981751,,,,,,,,,,,,,,,
https://live.staticflickr.com/65535/49843201012_5fef439298_b.jpg,https://www.flickr.com/photos/69233611@N05/49843201012,40.760016,-73.980538,,,,,,,,,,,,,,,
https://live.staticflickr.com/65535/49840119936_3c81230e8e_b.jpg,https://www.flickr.com/photos/129894947@N04/49840119936,41.882031,-87.627843,,,,,,,,,,,,,,,
https://live.staticflickr.com/65535/49835827942_c5994cf7bf_b.jpg,https://www.flickr.com/photos/69233611@N05/49835827942,40.707173,-74.018154,,,,,,,,,,,,,,,
https://live.staticflickr.com/65535/49824572391_167b16f912_b.jpg,https://www.flickr.com/photos/54083450@N00/49824572391,37.789851,-122.302755,,,,,,,,,,,,,,,
https://live.staticflickr.com/65535/49814208458_dcdcd311aa_b.jpg,https://www.flickr.com/photos/76683682@N00/49814208458,42.36608,-71.060975,,,,,,,,,,,,,,,
https://live.staticflickr.com/65535/49810680632_17c8fc2e7d_b.jpg,https://www.flickr.com/photos/55684318@N00/49810680632,37.785836,-122.404419,,,,,,,,,,,,,,,
https://live.staticflickr.com/65535/49776322562_bb1ea1b0ed_b.jpg,https://www.flickr.com/photos/143502056@N04/49776322562,40.759358,-73.979229,,,,,,,,,,,,,,,
https://live.staticflickr.com/65535/49744573903_40530cfce8_b.jpg,https://www.flickr.com/photos/143502056@N04/49744573903,40.753929,-73.984047,,,,,,,,,,,,,,,
https://live.staticflickr.com/65535/49738392043_b10eac0584_b.jpg,https://www.flickr.com/photos/20905078@N04/49738392043,39.323077,-76.601926,,,,,,,,,,,,,,,
https://live.staticflickr.com/65535/49727889786_e1c858d265_b.jpg,https://www.flickr.com/photos/68776679@N05/49727889786,40.775935,-73.971741,,,,,,,,,,,,,,,
https://live.staticflickr.com/65535/49727261848_fbaefafa95_b.jpg,https://www.flickr.com/photos/69233611@N05/49727261848,40.710418,-74.012049,,,,,,,,,,,,,,,
https://live.staticflickr.com/65535/49713168417_8787ff8c44_b.jpg,https://www.flickr.com/photos/69233611@N05/49713168417,40.710418,-74.012049,,,,,,,,,,,,,,,
https://live.staticflickr.com/65535/49710039541_6f3df926d3_b.jpg,https://www.flickr.com/photos/48762421@N00/49710039541,29.957656,-90.0618,,,,,,,,,,,,,,,
https://live.staticflickr.com/65535/49707423157_84d15f73eb_b.jpg,https://www.flickr.com/photos/143502056@N04/49707423157,40.712809,-74.013422,,,,,,,,,,,,,,,
https://live.staticflickr.com/65535/49704313632_aa4d17fcf1_b.jpg,https://www.flickr.com/photos/101545735@N08/49704313632,40.750329,-73.97409,,,,,,,,,,,,,,,
https://live.staticflickr.com/65535/49678810298_f9ae7b2c99_b.jpg,https://www.flickr.com/photos/126251698@N03/49678810298,26.615623,-80.048618,,,,,,,,,,,,,,,
https://live.staticflickr.com/65535/49674450977_416b862d8e_b.jpg,https://www.flickr.com/photos/126251698@N03/49674450977,26.61651,-80.054497,,,,,,,,,,,,,,,
https://live.staticflickr.com/65535/49671239192_733d4eba12_b.jpg,https://www.flickr.com/photos/126251698@N03/49671239192,26.616568,-80.053081,,,,,,,,,,,,,,,
https://live.staticflickr.com/65535/49650659317_a0549ea0f3_b.jpg,https://www.flickr.com/photos/76093270@N04/49650659317,39.729663,-84.212542,,,,,,,,,,,,,,,
https://live.staticflickr.com/65535/49649045446_ddf40df597_b.jpg,https://www.flickr.com/photos/55684318@N00/49649045446,37.79284,-122.402524,,,,,,,,,,,,,,,
https://live.staticflickr.com/65535/49643677431_86cf0054f3_b.jpg,https://www.flickr.com/photos/126251698@N03/49643677431,26.616165,-80.056214,,,,,,,,,,,,,,,
https://live.staticflickr.com/65535/40811234203_2bc85b2f8f_b.jpg,https://www.flickr.com/photos/25582125@N04/40811234203,40.753441,-74.000925,,,,,,,,,,,,,,,
https://live.staticflickr.com/65535/46843719935_5ea4f25895_b.jpg,https://www.flickr.com/photos/138934214@N02/46843719935,33.775446,-84.389741,,,,,,,,,,,,,,,
https://live.staticflickr.com/65535/46948071804_726081d1ee_b.jpg,https://www.flickr.com/photos/123895834@N08/46948071804,41.880716,-87.624148,,,,,,,,,,,,,,,
https://live.staticflickr.com/65535/46820296225_1a18b9c11d_b.jpg,https://www.flickr.com/photos/126251698@N03/46820296225,39.092241,-84.509797,,,,,,,,,,,,,,,
https://live.staticflickr.com/65535/33859799478_3ed9a448e0_b.jpg,https://www.flickr.com/photos/126251698@N03/33859799478,39.092678,-84.509786,,,,,,,,,,,,,,,
https://live.staticflickr.com/65535/46785521825_dd7d11dafd_b.jpg,https://www.flickr.com/photos/60527064@N00/46785521825,49.287678,-123.11437,,,,,,,,,,,,,,,
https://live.staticflickr.com/65535/46784651195_a86c3c70b3_b.jpg,https://www.flickr.com/photos/126251698@N03/46784651195,39.078487,-84.508796,,,,,,,,,,,,,,,
https://live.staticflickr.com/65535/46783124325_1eced0a5d1_b.jpg,https://www.flickr.com/photos/126251698@N03/46783124325,39.093471,-84.500778,,,,,,,,,,,,,,,
https://live.staticflickr.com/65535/33804915338_fce9e99765_b.jpg,https://www.flickr.com/photos/123895834@N08/33804915338,41.891083,-87.622142,,,,,,,,,,,,,,,
https://live.staticflickr.com/65535/32731372217_c26e02a9d9_b.jpg,https://www.flickr.com/photos/126251698@N03/32731372217,39.078487,-84.508796,,,,,,,,,,,,,,,
https://live.staticflickr.com/65535/33775316748_fcd2de0d2f_b.jpg,https://www.flickr.com/photos/126251698@N03/33775316748,39.078487,-84.508796,,,,,,,,,,,,,,,
https://live.staticflickr.com/7837/47609982811_b84af05866_b.jpg,https://www.flickr.com/photos/126251698@N03/47609982811,39.193965,-84.461746,,,,,,,,,,,,,,,
https://live.staticflickr.com/7888/33673592478_56a24a8aa2_b.jpg,https://www.flickr.com/photos/126251698@N03/33673592478,39.096263,-84.508346,,,,,,,,,,,,,,,
https://live.staticflickr.com/65535/40561148353_93e36fe078_b.jpg,https://www.flickr.com/photos/25582125@N04/40561148353,40.747769,-74.004867,,,,,,,,,,,,,,,
https://live.staticflickr.com/7832/46610527085_b233c79744_b.jpg,https://www.flickr.com/photos/100524190@N04/46610527085,41.883825,-87.621862,,,,,,,,,,,,,,,
https://live.staticflickr.com/7840/47490136301_69289a0a75_b.jpg,https://www.flickr.com/photos/126251698@N03/47490136301,25.842245,-80.274085,,,,,,,,,,,,,,,
https://live.staticflickr.com/65535/47428976842_77ced1193b_b.jpg,https://www.flickr.com/photos/126251698@N03/47428976842,25.842245,-80.274085,,,,,,,,,,,,,,,
https://live.staticflickr.com/65535/40514157233_01e304bf5a_b.jpg,https://www.flickr.com/photos/126251698@N03/40514157233,25.81742,-80.273208,,,,,,,,,,,,,,,
https://live.staticflickr.com/7854/32537142367_ce1fce829d_b.jpg,https://www.flickr.com/photos/129894947@N04/32537142367,41.880796,-87.629803,,,,,,,,,,,,,,,
https://live.staticflickr.com/7825/47473035401_146dbcb1d8_b.jpg,https://www.flickr.com/photos/126251698@N03/47473035401,25.842245,-80.274085,,,,,,,,,,,,,,,
https://live.staticflickr.com/7902/32528492677_7e261f65eb_b.jpg,https://www.flickr.com/photos/37961256@N08/32528492677,29.754262,-95.369739,,,,,,,,,,,,,,,
https://live.staticflickr.com/7864/47383864172_8e22577fdf_b.jpg,https://www.flickr.com/photos/37961256@N08/47383864172,29.756292,-95.370812,,,,,,,,,,,,,,,
https://live.staticflickr.com/7920/33555929888_559d23067e_b.jpg,https://www.flickr.com/photos/60527064@N00/33555929888,49.282784,-123.117578,,,,,,,,,,,,,,,
https://live.staticflickr.com/65535/32432908647_202c81feaa_b.jpg,https://www.flickr.com/photos/25582125@N04/32432908647,40.7465,-74.001339,,,,,,,,,,,,,,,
https://live.staticflickr.com/7819/46613995994_00d4c536af_b.jpg,https://www.flickr.com/photos/126251698@N03/46613995994,25.789817,-80.183157,,,,,,,,,,,,,,,
https://live.staticflickr.com/7829/46613546724_aac1a6d29c_b.jpg,https://www.flickr.com/photos/126251698@N03/46613546724,26.754468,-80.93502,,,,,,,,,,,,,,,
https://live.staticflickr.com/7883/47279173011_043c02ff6d_b.jpg,https://www.flickr.com/photos/126251698@N03/47279173011,39.099289,-84.510355,,,,,,,,,,,,,,,
https://live.staticflickr.com/7877/46303216815_b2739e56d8_b.jpg,https://www.flickr.com/photos/126251698@N03/46303216815,39.108905,-84.532218,,,,,,,,,,,,,,,
https://live.staticflickr.com/65535/46302708705_f40869c55f_b.jpg,https://www.flickr.com/photos/126251698@N03/46302708705,39.108905,-84.532218,,,,,,,,,,,,,,,
https://live.staticflickr.com/7895/33341277828_b65649b959_b.jpg,https://www.flickr.com/photos/126251698@N03/33341277828,39.108905,-84.532218,,,,,,,,,,,,,,,
https://live.staticflickr.com/7847/40237692773_02ba20fc78_b.jpg,https://www.flickr.com/photos/60527064@N00/40237692773,49.288242,-123.117427,,,,,,,,,,,,,,,
https://live.staticflickr.com/7884/33318564328_3be65051c3_b.jpg,https://www.flickr.com/photos/126251698@N03/33318564328,39.108905,-84.532218,,,,,,,,,,,,,,,
https://live.staticflickr.com/65535/40225074073_5f54026edf_b.jpg,https://www.flickr.com/photos/76519553@N08/40225074073,42.814441,-73.944264,,,,,,,,,,,,,,,
https://live.staticflickr.com/7859/47170265211_103343f6b9_b.jpg,https://www.flickr.com/photos/76519553@N08/47170265211,42.814766,-73.945069,,,,,,,,,,,,,,,
https://live.staticflickr.com/7824/46416368044_0baa81f17e_b.jpg,https://www.flickr.com/photos/60527064@N00/46416368044,49.282511,-123.112299,,,,,,,,,,,,,,,
https://live.staticflickr.com/65535/47080478902_21950d9c16_b.jpg,https://www.flickr.com/photos/126251698@N03/47080478902,26.934476,-82.050399,,,,,,,,,,,,,,,
https://live.staticflickr.com/7868/46155422745_7ce9bb7edd_b.jpg,https://www.flickr.com/photos/36385235@N08/46155422745,32.709622,-117.137839,,,,,,,,,,,,,,,
https://live.staticflickr.com/4834/40024611233_7c0c7c571f_b.jpg,https://www.flickr.com/photos/60527064@N00/40024611233,49.284281,-123.111559,,,,,,,,,,,,,,,
https://live.staticflickr.com/7927/45970235445_ae9442c833_b.jpg,https://www.flickr.com/photos/126251698@N03/45970235445,26.756992,-80.933311,,,,,,,,,,,,,,,
https://live.staticflickr.com/4824/46150900814_a5f2542f39_b.jpg,https://www.flickr.com/photos/126251698@N03/46150900814,26.756992,-80.933311,,,,,,,,,,,,,,,
https://live.staticflickr.com/7800/46867909711_b0c2891891_b.jpg,https://www.flickr.com/photos/108176798@N03/46867909711,46.812778,-71.202993,,,,,,,,,,,,,,,
https://live.staticflickr.com/65535/32971354808_94c9d85440_b.jpg,https://www.flickr.com/photos/150876192@N05/32971354808,49.288907,-123.1182,,,,,,,,,,,,,,,
https://live.staticflickr.com/4856/46114513254_af9c4d48e0_b.jpg,https://www.flickr.com/photos/49457129@N05/46114513254,40.432318,-80.008104,,,,,,,,,,,,,,,
https://live.staticflickr.com/7881/46786202592_ee0dde0440_b.jpg,https://www.flickr.com/photos/126251698@N03/46786202592,26.706681,-80.049573,,,,,,,,,,,,,,,
https://live.staticflickr.com/7877/39815320893_f57a06a1e8_b.jpg,https://www.flickr.com/photos/126251698@N03/39815320893,26.754751,-80.933479,,,,,,,,,,,,,,,
https://live.staticflickr.com/7809/31810972887_ed738f51a3_b.jpg,https://www.flickr.com/photos/126251698@N03/31810972887,26.754751,-80.933479,,,,,,,,,,,,,,,
https://live.staticflickr.com/7802/45831984285_2087655b46_b.jpg,https://www.flickr.com/photos/76093270@N04/45831984285,41.857783,-87.633808,,,,,,,,,,,,,,,
https://live.staticflickr.com/7800/31765944707_749a042cc7_b.jpg,https://www.flickr.com/photos/123895834@N08/31765944707,41.88673,-87.636212,,,,,,,,,,,,,,,
https://live.staticflickr.com/7917/46661316211_e6c9583b5e_b.jpg,https://www.flickr.com/photos/56281521@N00/46661316211,39.987593,-83.005785,,,,,,,,,,,,,,,
https://live.staticflickr.com/4902/32700569028_98a6994231_b.jpg,https://www.flickr.com/photos/20905078@N04/32700569028,39.291531,-76.618545,,,,,,,,,,,,,,,
https://live.staticflickr.com/4807/31618812347_4915a6c346_b.jpg,https://www.flickr.com/photos/20905078@N04/31618812347,39.294528,-76.618287,,,,,,,,,,,,,,,
https://live.staticflickr.com/4864/45834018734_b275836fe5_b.jpg,https://www.flickr.com/photos/20905078@N04/45834018734,39.291348,-76.619575,,,,,,,,,,,,,,,
https://live.staticflickr.com/7881/45831223184_3d94a94210_b.jpg,https://www.flickr.com/photos/51322235@N02/45831223184,42.966363,-85.671576,,,,,,,,,,,,,,,
https://live.staticflickr.com/4911/44677489960_46b355dbc1_b.jpg,https://www.flickr.com/photos/91357526@N00/44677489960,39.084737,-94.585429,,,,,,,,,,,,,,,
https://live.staticflickr.com/7926/45695792104_e7c349bab3_b.jpg,https://www.flickr.com/photos/87402959@N02/45695792104,40.725388,-73.996138,,,,,,,,,,,,,,,
https://live.staticflickr.com/4847/45543027024_836910bf7b_b.jpg,https://www.flickr.com/photos/123895834@N08/45543027024,32.779472,-96.825314,,,,,,,,,,,,,,,
https://live.staticflickr.com/65535/50819277306_c40df4ea38_b.jpg,https://www.flickr.com/photos/60909218@N07/50819277306,43.031813,-87.911317,,,,,,,,,,,,,,,
https://live.staticflickr.com/65535/50805327613_2877eaaf51_b.jpg,https://www.flickr.com/photos/126251698@N03/50805327613,25.769783,-80.193428,,,,,,,,,,,,,,,
https://live.staticflickr.com/65535/50774783163_91f84b7506_b.jpg,https://www.flickr.com/photos/46353666@N03/50774783163,36.171583,-115.142276,,,,,,,,,,,,,,,
https://live.staticflickr.com/65535/50756509817_330dbb15f7_b.jpg,https://www.flickr.com/photos/46353666@N03/50756509817,36.168005,-115.138331,,,,,,,,,,,,,,,
https://live.staticflickr.com/65535/50742889147_199300b6d5_b.jpg,https://www.flickr.com/photos/46353666@N03/50742889147,36.166819,-115.138809,,,,,,,,,,,,,,,
https://live.staticflickr.com/65535/50737509681_b97c5005a8_b.jpg,https://www.flickr.com/photos/47121680@N00/50737509681,29.944916,-90.066259,,,,,,,,,,,,,,,
https://live.staticflickr.com/65535/50718082806_a160c26b9c_b.jpg,https://www.flickr.com/photos/44268870@N02/50718082806,39.763623,-86.150478,,,,,,,,,,,,,,,
https://live.staticflickr.com/65535/50713079556_d7c504e367_b.jpg,https://www.flickr.com/photos/21219540@N08/50713079556,41.886879,-87.632542,,,,,,,,,,,,,,,
https://live.staticflickr.com/65535/50680836391_36aee7bdfc_b.jpg,https://www.flickr.com/photos/36686497@N05/50680836391,43.65,-79.415026,,,,,,,,,,,,,,,
https://live.staticflickr.com/65535/50648362706_6418710f9e_b.jpg,https://www.flickr.com/photos/149819905@N03/50648362706,45.518,-73.581562,,,,,,,,,,,,,,,
https://live.staticflickr.com/65535/50645311048_e52f7e4891_b.jpg,https://www.flickr.com/photos/36686497@N05/50645311048,43.664667,-79.386627,,,,,,,,,,,,,,,
https://live.staticflickr.com/65535/50645056662_ce25bbeb20_b.jpg,https://www.flickr.com/photos/11200205@N02/50645056662,43.685695,-79.759637,,,,,,,,,,,,,,,
https://live.staticflickr.com/65535/50618960048_913bd33be7_b.jpg,https://www.flickr.com/photos/25582125@N04/50618960048,40.753886,-74.0008,,,,,,,,,,,,,,,
https://live.staticflickr.com/65535/50613048408_3a56100910_b.jpg,https://www.flickr.com/photos/36686497@N05/50613048408,43.645091,-79.450743,,,,,,,,,,,,,,,
https://live.staticflickr.com/65535/50609479046_7a5ceaea9b_b.jpg,https://www.flickr.com/photos/25582125@N04/50609479046,40.753658,-74.007798,,,,,,,,,,,,,,,
https://live.staticflickr.com/65535/50608327031_537953a5a4_b.jpg,https://www.flickr.com/photos/25582125@N04/50608327031,40.734558,-73.999756,,,,,,,,,,,,,,,
https://live.staticflickr.com/65535/50604261207_579eae5c55_b.jpg,https://www.flickr.com/photos/101545735@N08/50604261207,40.750784,-73.974425,,,,,,,,,,,,,,,
https://live.staticflickr.com/65535/50603254362_dae26eb5f8_b.jpg,https://www.flickr.com/photos/37580254@N03/50603254362,42.334985,-83.042435,,,,,,,,,,,,,,,
https://live.staticflickr.com/65535/50601514007_04a00a8627_b.jpg,https://www.flickr.com/photos/22989103@N00/50601514007,40.759318,-73.974487,,,,,,,,,,,,,,,
https://live.staticflickr.com/65535/50592443948_0d0b3a6a39_b.jpg,https://www.flickr.com/photos/126251698@N03/50592443948,26.527202,-80.063623,,,,,,,,,,,,,,,
https://live.staticflickr.com/65535/50585994601_9fbda52890_b.jpg,https://www.flickr.com/photos/47121680@N00/50585994601,30.261263,-97.745445,,,,,,,,,,,,,,,
https://live.staticflickr.com/65535/50585344886_bacc12d100_b.jpg,https://www.flickr.com/photos/25582125@N04/50585344886,40.753441,-74.000925,,,,,,,,,,,,,,,
https://live.staticflickr.com/65535/50570873377_0d44b95f6c_b.jpg,https://www.flickr.com/photos/143502056@N04/50570873377,40.753807,-73.984175,,,,,,,,,,,,,,,
https://live.staticflickr.com/65535/50553678752_d8c5fd01e5_b.jpg,https://www.flickr.com/photos/49840387@N03/50553678752,49.275202,-123.198773,,,,,,,,,,,,,,,
https://live.staticflickr.com/65535/50548326861_0b34f88723_b.jpg,https://www.flickr.com/photos/143502056@N04/50548326861,40.8293,-73.928278,,,,,,,,,,,,,,,
https://live.staticflickr.com/65535/50534926778_736daa7f2e_b.jpg,https://www.flickr.com/photos/25582125@N04/50534926778,40.770302,-73.980239,,,,,,,,,,,,,,,
https://live.staticflickr.com/65535/50525377818_8a10e14c38_b.jpg,https://www.flickr.com/photos/38669934@N03/50525377818,41.889179,-87.639334,,,,,,,,,,,,,,,
https://live.staticflickr.com/65535/50524196318_98f6ea483e_b.jpg,https://www.flickr.com/photos/143502056@N04/50524196318,40.753897,-74.00191,,,,,,,,,,,,,,,
https://live.staticflickr.com/65535/50517518413_0e4c578d74_b.jpg,https://www.flickr.com/photos/25582125@N04/50517518413,40.753441,-74.000925,,,,,,,,,,,,,,,
https://live.staticflickr.com/65535/50516100056_8e3a069966_b.jpg,https://www.flickr.com/photos/143502056@N04/50516100056,40.753052,-73.977084,,,,,,,,,,,,,,,
https://live.staticflickr.com/65535/50514855773_54d08d48ed_b.jpg,https://www.flickr.com/photos/126251698@N03/50514855773,26.100847,-80.118264,,,,,,,,,,,,,,,
https://live.staticflickr.com/65535/50502699731_327918295d_b.jpg,https://www.flickr.com/photos/143502056@N04/50502699731,40.706831,-74.011116,,,,,,,,,,,,,,,
https://live.staticflickr.com/65535/50501944586_db14b165ff_b.jpg,https://www.flickr.com/photos/36686497@N05/50501944586,43.664621,-79.386692,,,,,,,,,,,,,,,
https://live.staticflickr.com/65535/50477387657_dbffe4df80_b.jpg,https://www.flickr.com/photos/101545735@N08/50477387657,40.749207,-73.869924,,,,,,,,,,,,,,,
https://live.staticflickr.com/65535/50444699188_49c2a35c64_b.jpg,https://www.flickr.com/photos/8125412@N04/50444699188,46.818975,-71.238956,,,,,,,,,,,,,,,
https://live.staticflickr.com/65535/50419368346_03d7bf1562_b.jpg,https://www.flickr.com/photos/36385235@N08/50419368346,32.704562,-117.157537,,,,,,,,,,,,,,,
https://live.staticflickr.com/65535/50417525942_4d98ea3d15_b.jpg,https://www.flickr.com/photos/126251698@N03/50417525942,27.453099,-80.323963,,,,,,,,,,,,,,,
https://live.staticflickr.com/65535/50402427498_662f065611_b.jpg,https://www.flickr.com/photos/47121680@N00/50402427498,29.425338,-98.488301,,,,,,,,,,,,,,,
https://live.staticflickr.com/65535/50325015237_2d5bd56d2e_b.jpg,https://www.flickr.com/photos/101545735@N08/50325015237,40.719347,-73.997341,,,,,,,,,,,,,,,
https://live.staticflickr.com/65535/50319459471_341cfc8a2a_b.jpg,https://www.flickr.com/photos/143502056@N04/50319459471,40.756847,-73.986192,,,,,,,,,,,,,,,
https://live.staticflickr.com/65535/50288736516_2edc34393f_b.jpg,https://www.flickr.com/photos/32411159@N05/50288736516,32.782874,-96.808898,,,,,,,,,,,,,,,
https://live.staticflickr.com/65535/50265234853_236c8a3a3d_b.jpg,https://www.flickr.com/photos/126251698@N03/50265234853,26.705563,-80.043831,,,,,,,,,,,,,,,
https://live.staticflickr.com/65535/50252244032_de29e099c7_b.jpg,https://www.flickr.com/photos/36686497@N05/50252244032,43.672444,-79.470677,,,,,,,,,,,,,,,
https://live.staticflickr.com/65535/50250295041_466de17d2a_b.jpg,https://www.flickr.com/photos/126251698@N03/50250295041,26.708008,-80.048095,,,,,,,,,,,,,,,
https://live.staticflickr.com/65535/50239359133_ae2d47bc0a_b.jpg,https://www.flickr.com/photos/68015802@N06/50239359133,40.753043,-73.995666,,,,,,,,,,,,,,,
https://live.staticflickr.com/65535/50144606408_026db2d41c_b.jpg,https://www.flickr.com/photos/77678613@N05/50144606408,42.002804,-71.512627,,,,,,,,,,,,,,,
https://live.staticflickr.com/65535/50135614622_7aef3729fc_b.jpg,https://www.flickr.com/photos/64233859@N06/50135614622,49.27612,-123.14028,,,,,,,,,,,,,,,
https://live.staticflickr.com/65535/50125914121_8bcdbf6689_b.jpg,https://www.flickr.com/photos/188659962@N03/50125914121,43.665847,-79.407398,,,,,,,,,,,,,,,
https://live.staticflickr.com/65535/50119028628_a0eaa32a68_b.jpg,https://www.flickr.com/photos/36686497@N05/50119028628,43.655959,-79.354333,,,,,,,,,,,,,,,
https://live.staticflickr.com/65535/50117860832_fec03025cc_b.jpg,https://www.flickr.com/photos/95883232@N07/50117860832,40.762318,-73.978865,,,,,,,,,,,,,,,
https://live.staticflickr.com/65535/50114895487_b5bc2ecfd0_b.jpg,https://www.flickr.com/photos/101545735@N08/50114895487,40.722859,-73.999089,,,,,,,,,,,,,,,
https://live.staticflickr.com/65535/50099520901_bee4df6694_b.jpg,https://www.flickr.com/photos/42786185@N06/50099520901,29.892765,-81.311821,,,,,,,,,,,,,,,
https://live.staticflickr.com/65535/50097599531_eb82149082_b.jpg,https://www.flickr.com/photos/47696063@N00/50097599531,40.694199,-74.017339,,,,,,,,,,,,,,,
https://live.staticflickr.com/65535/50055083208_f03bf1f450_b.jpg,https://www.flickr.com/photos/126251698@N03/50055083208,27.200833,-80.255255,,,,,,,,,,,,,,,
https://live.staticflickr.com/65535/50054695947_aa28bea248_b.jpg,https://www.flickr.com/photos/19538291@N00/50054695947,41.921311,-87.655577,,,,,,,,,,,,,,,
https://live.staticflickr.com/65535/50031735257_8399729a85_b.jpg,https://www.flickr.com/photos/123895834@N08/50031735257,39.77523,-86.157445,,,,,,,,,,,,,,,
https://live.staticflickr.com/65535/49925798052_34193fd34a_b.jpg,https://www.flickr.com/photos/145622402@N03/49925798052,40.757432,-73.954188,,,,,,,,,,,,,,,
https://live.staticflickr.com/65535/49903519698_7d1da4e1a2_b.jpg,https://www.flickr.com/photos/145622402@N03/49903519698,40.73012,-73.991149,,,,,,,,,,,,,,,
https://live.staticflickr.com/65535/49897943768_afd89a70d8_b.jpg,https://www.flickr.com/photos/76093270@N04/49897943768,39.394218,-84.548699,,,,,,,,,,,,,,,
https://live.staticflickr.com/65535/49882671566_9b5358415b_b.jpg,https://www.flickr.com/photos/37580254@N03/49882671566,40.756132,-73.986589,,,,,,,,,,,,,,,
https://live.staticflickr.com/65535/49874319491_41479f970b_b.jpg,https://www.flickr.com/photos/143502056@N04/49874319491,40.774708,-73.966408,,,,,,,,,,,,,,,
https://live.staticflickr.com/65535/49841371872_c73f7d71af_b.jpg,https://www.flickr.com/photos/143502056@N04/49841371872,40.712028,-74.013122,,,,,,,,,,,,,,,
https://live.staticflickr.com/65535/49734396327_3d329f783c_b.jpg,https://www.flickr.com/photos/20905078@N04/49734396327,39.303337,-76.61171,,,,,,,,,,,,,,,
https://live.staticflickr.com/65535/49701449931_140c282173_b.jpg,https://www.flickr.com/photos/55684318@N00/49701449931,37.7883,-122.40005,,,,,,,,,,,,,,,
https://live.staticflickr.com/65535/49665971148_c62af84e05_b.jpg,https://www.flickr.com/photos/126251698@N03/49665971148,26.615623,-80.048618,,,,,,,,,,,,,,,
https://live.staticflickr.com/65535/49639257872_e05cd9c067_b.jpg,https://www.flickr.com/photos/126251698@N03/49639257872,26.615935,-80.056664,,,,,,,,,,,,,,,
https://live.staticflickr.com/65535/49638866516_3fe2e4b348_b.jpg,https://www.flickr.com/photos/126251698@N03/49638866516,26.615939,-80.055516,,,,,,,,,,,,,,,
https://live.staticflickr.com/65535/49638865856_d63c3b4cf7_b.jpg,https://www.flickr.com/photos/126251698@N03/49638865856,26.615939,-80.055516,,,,,,,,,,,,,,,
https://live.staticflickr.com/65535/49637850927_6c6b15cfb3_b.jpg,https://www.flickr.com/photos/48762421@N00/49637850927,40.76172,-73.98404,,,,,,,,,,,,,,,
https://live.staticflickr.com/65535/49636045602_55d4b0130b_b.jpg,https://www.flickr.com/photos/126251698@N03/49636045602,27.595816,-81.501667,,,,,,,,,,,,,,,
https://live.staticflickr.com/65535/49633808622_424eeed7ea_b.jpg,https://www.flickr.com/photos/143502056@N04/49633808622,40.756587,-73.949918,,,,,,,,,,,,,,,
https://live.staticflickr.com/65535/49626090667_c041014077_b.jpg,https://www.flickr.com/photos/126251698@N03/49626090667,26.618352,-80.058102,,,,,,,,,,,,,,,
https://live.staticflickr.com/65535/49619949546_dcd50d267d_b.jpg,https://www.flickr.com/photos/126251698@N03/49619949546,26.616626,-80.057866,,,,,,,,,,,,,,,
https://live.staticflickr.com/65535/49607624193_08e88f0d3f_b.jpg,https://www.flickr.com/photos/25582125@N04/49607624193,40.705861,-73.996562,,,,,,,,,,,,,,,
https://live.staticflickr.com/65535/49599045836_cbf7cd16b8_b.jpg,https://www.flickr.com/photos/25582125@N04/49599045836,40.705861,-73.996562,,,,,,,,,,,,,,,
https://live.staticflickr.com/65535/49596861957_90815104c5_b.jpg,https://www.flickr.com/photos/131563592@N05/49596861957,26.385449,-81.876157,,,,,,,,,,,,,,,
https://live.staticflickr.com/65535/49595001012_799ed8a49d_b.jpg,https://www.flickr.com/photos/76093270@N04/49595001012,39.96125,-84.173855,,,,,,,,,,,,,,,
https://live.staticflickr.com/65535/49575265592_8a2ae4da98_b.jpg,https://www.flickr.com/photos/20905078@N04/49575265592,40.469739,-79.997763,,,,,,,,,,,,,,,
https://live.staticflickr.com/65535/49555948042_7e116692ef_b.jpg,https://www.flickr.com/photos/143502056@N04/49555948042,40.744363,-73.95936,,,,,,,,,,,,,,,
https://live.staticflickr.com/65535/49545699981_21c8916176_b.jpg,https://www.flickr.com/photos/76093270@N04/49545699981,41.232283,-95.918004,,,,,,,,,,,,,,,
https://live.staticflickr.com/65535/49521611431_d53cf92b8f_b.jpg,https://www.flickr.com/photos/58084041@N07/49521611431,40.713451,-74.012726,,,,,,,,,,,,,,,
https://live.staticflickr.com/65535/49518138052_411ce91abc_b.jpg,https://www.flickr.com/photos/126251698@N03/49518138052,27.595559,-81.501549,,,,,,,,,,,,,,,
https://live.staticflickr.com/65535/49516785496_c2191b6d2e_b.jpg,https://www.flickr.com/photos/58084041@N07/49516785496,40.713451,-74.012726,,,,,,,,,,,,,,,
https://live.staticflickr.com/65535/49495852808_97e95e444c_b.jpg,https://www.flickr.com/photos/21044097@N00/49495852808,40.733604,-74.00283,,,,,,,,,,,,,,,
https://live.staticflickr.com/65535/49488231466_dc46a01444_b.jpg,https://www.flickr.com/photos/58084041@N07/49488231466,40.748524,-73.985699,,,,,,,,,,,,,,,
https://live.staticflickr.com/65535/49487637663_d632ae82c2_b.jpg,https://www.flickr.com/photos/126251698@N03/49487637663,27.595559,-81.501549,,,,,,,,,,,,,,,
https://live.staticflickr.com/65535/49470335477_ed88fd5897_b.jpg,https://www.flickr.com/photos/126251698@N03/49470335477,27.595869,-81.50177,,,,,,,,,,,,,,,
https://live.staticflickr.com/65535/49468084382_11cbc10ca3_b.jpg,https://www.flickr.com/photos/101545735@N08/49468084382,40.750703,-74.002812,,,,,,,,,,,,,,,
https://live.staticflickr.com/65535/49461570026_c95ac31e5e_b.jpg,https://www.flickr.com/photos/126251698@N03/49461570026,27.597667,-81.502676,,,,,,,,,,,,,,,
https://live.staticflickr.com/65535/49451744546_0d85b1aa7e_b.jpg,https://www.flickr.com/photos/55684318@N00/49451744546,39.875023,-75.242533,,,,,,,,,,,,,,,
https://live.staticflickr.com/65535/49434800241_e8fd221e0f_b.jpg,https://www.flickr.com/photos/126251698@N03/49434800241,27.59548,-81.498384,,,,,,,,,,,,,,,
https://live.staticflickr.com/65535/49433990043_422f2acdb1_b.jpg,https://www.flickr.com/photos/126251698@N03/49433990043,27.595441,-81.4995,,,,,,,,,,,,,,,
https://live.staticflickr.com/65535/49343333643_513e8fbaa7_b.jpg,https://www.flickr.com/photos/143502056@N04/49343333643,40.714029,-73.968265,,,,,,,,,,,,,,,
https://live.staticflickr.com/65535/49342641852_bc2a473fa1_b.jpg,https://www.flickr.com/photos/127976860@N04/49342641852,25.766394,-80.191698,,,,,,,,,,,,,,,
https://live.staticflickr.com/65535/49293978861_fe1a9be22c_b.jpg,https://www.flickr.com/photos/76093270@N04/49293978861,39.752394,-84.202147,,,,,,,,,,,,,,,
https://live.staticflickr.com/65535/49288684888_044e2d0f64_b.jpg,https://www.flickr.com/photos/26522673@N07/49288684888,40.756384,-73.849775,,,,,,,,,,,,,,,
https://live.staticflickr.com/65535/49266243006_7dca359ae2_b.jpg,https://www.flickr.com/photos/76093270@N04/49266243006,39.431927,-84.210564,,,,,,,,,,,,,,,
https://live.staticflickr.com/65535/49256299323_43f8460e0a_b.jpg,https://www.flickr.com/photos/76093270@N04/49256299323,39.752394,-84.202147,,,,,,,,,,,,,,,
https://live.staticflickr.com/65535/49254420798_319fedd510_b.jpg,https://www.flickr.com/photos/126251698@N03/49254420798,27.215828,-81.861459,,,,,,,,,,,,,,,
https://live.staticflickr.com/65535/49249188878_a2dcfd6aa7_b.jpg,https://www.flickr.com/photos/68776679@N05/49249188878,40.748744,-73.985688,,,,,,,,,,,,,,,
https://live.staticflickr.com/65535/49244993693_5afef2fb30_b.jpg,https://www.flickr.com/photos/117770624@N04/49244993693,29.892615,-81.310812,,,,,,,,,,,,,,,
https://live.staticflickr.com/65535/49217119776_fd8e0990c2_b.jpg,https://www.flickr.com/photos/25582125@N04/49217119776,40.782544,-73.965534,,,,,,,,,,,,,,,
https://live.staticflickr.com/65535/49216247712_5be8eb3063_b.jpg,https://www.flickr.com/photos/48762421@N00/49216247712,40.692179,-73.986302,,,,,,,,,,,,,,,
https://live.staticflickr.com/65535/49207643207_ee2079a343_b.jpg,https://www.flickr.com/photos/143502056@N04/49207643207,40.714053,-73.968329,,,,,,,,,,,,,,,
https://live.staticflickr.com/65535/49182467516_f1e046edc8_b.jpg,https://www.flickr.com/photos/25582125@N04/49182467516,40.750272,-73.978656,,,,,,,,,,,,,,,
https://live.staticflickr.com/65535/49166417813_24bf90c8f8_b.jpg,https://www.flickr.com/photos/25582125@N04/49166417813,40.709763,-74.012598,,,,,,,,,,,,,,,
https://live.staticflickr.com/65535/49162404557_6a97803d94_b.jpg,https://www.flickr.com/photos/143502056@N04/49162404557,40.714801,-73.968071,,,,,,,,,,,,,,,
https://live.staticflickr.com/65535/49133027856_739efe2634_b.jpg,https://www.flickr.com/photos/62089664@N07/49133027856,39.955466,-75.155582,,,,,,,,,,,,,,,
https://live.staticflickr.com/65535/49130764918_f7cdd7f46b_b.jpg,https://www.flickr.com/photos/143502056@N04/49130764918,40.772189,-73.983285,,,,,,,,,,,,,,,
https://live.staticflickr.com/65535/49105583637_40f36b8e96_b.jpg,https://www.flickr.com/photos/58084041@N07/49105583637,40.713451,-74.012726,,,,,,,,,,,,,,,
https://live.staticflickr.com/65535/49064346847_2b297198e1_b.jpg,https://www.flickr.com/photos/25582125@N04/49064346847,40.751247,-74.002484,,,,,,,,,,,,,,,
https://live.staticflickr.com/65535/49025953457_bcdb7919e9_b.jpg,https://www.flickr.com/photos/11200205@N02/49025953457,43.655507,-79.396165,,,,,,,,,,,,,,,
https://live.staticflickr.com/65535/49012212227_35a705d374_b.jpg,https://www.flickr.com/photos/101545735@N08/49012212227,40.700804,-73.99012,,,,,,,,,,,,,,,
https://live.staticflickr.com/65535/49002729131_42fd284cee_b.jpg,https://www.flickr.com/photos/15040509@N07/49002729131,42.345667,-71.082658,,,,,,,,,,,,,,,
https://live.staticflickr.com/65535/48993950543_ff68c56496_b.jpg,https://www.flickr.com/photos/25582125@N04/48993950543,40.753458,-74.003762,,,,,,,,,,,,,,,
https://live.staticflickr.com/65535/48917606267_bbb0d9b21a_b.jpg,https://www.flickr.com/photos/130794642@N02/48917606267,40.805169,-124.156955,,,,,,,,,,,,,,,
https://live.staticflickr.com/65535/48908336983_bbe06b0142_b.jpg,https://www.flickr.com/photos/126251698@N03/48908336983,27.214876,-81.858757,,,,,,,,,,,,,,,
https://live.staticflickr.com/65535/54698720856_be148a7e89_b.jpg,https://www.flickr.com/photos/10989519@N06/54698720856,51.815794,4.668344,,,,,,,,,,,,,,,
https://live.staticflickr.com/65535/53066094934_6c3d05950d_b.jpg,https://www.flickr.com/photos/63839496@N08/53066094934,41.138116,-8.609262,,,,,,,,,,,,,,,
https://live.staticflickr.com/65535/53054453369_6e030a3a79_b.jpg,https://www.flickr.com/photos/63839496@N08/53054453369,41.141041,-8.614942,,,,,,,,,,,,,,,
https://live.staticflickr.com/65535/53049817325_855e6037e7_b.jpg,https://www.flickr.com/photos/63839496@N08/53049817325,41.141058,-8.614931,,,,,,,,,,,,,,,
https://live.staticflickr.com/65535/52931423484_2e929e9cb6_b.jpg,https://www.flickr.com/photos/63281384@N00/52931423484,41.146577,-8.610989,,,,,,,,,,,,,,,
https://live.staticflickr.com/65535/52915471812_6e3c850fb9_b.jpg,https://www.flickr.com/photos/63281384@N00/52915471812,38.710452,-9.142992,,,,,,,,,,,,,,,
https://live.staticflickr.com/65535/52816904288_3c66556727_b.jpg,https://www.flickr.com/photos/78715350@N06/52816904288,45.254837,19.844655,,,,,,,,,,,,,,,
https://live.staticflickr.com/65535/52809817353_672567a3f0_b.jpg,https://www.flickr.com/photos/78715350@N06/52809817353,45.257028,19.845964,,,,,,,,,,,,,,,
https://live.staticflickr.com/65535/52789086113_296d0e2268_b.jpg,https://www.flickr.com/photos/78715350@N06/52789086113,45.256861,19.847799,,,,,,,,,,,,,,,
https://live.staticflickr.com/65535/52774827541_498ef48941_b.jpg,https://www.flickr.com/photos/156445710@N05/52774827541,52.379705,4.639459,,,,,,,,,,,,,,,
https://live.staticflickr.com/65535/52414792741_07dbf7bd66_b.jpg,https://www.flickr.com/photos/63839496@N08/52414792741,45.434086,12.33318,,,,,,,,,,,,,,,
https://live.staticflickr.com/65535/52356973995_ab9ee6978d_b.jpg,https://www.flickr.com/photos/63281384@N00/52356973995,41.142836,-8.611467,,,,,,,,,,,,,,,
https://live.staticflickr.com/65535/52309479257_060f15eba4_b.jpg,https://www.flickr.com/photos/156445710@N05/52309479257,55.749566,37.551966,,,,,,,,,,,,,,,
https://live.staticflickr.com/65535/52119310167_e20d092f67_b.jpg,https://www.flickr.com/photos/60342453@N06/52119310167,43.762022,11.265211,,,,,,,,,,,,,,,
https://live.staticflickr.com/65535/52017704748_e61b4a04e3_b.jpg,https://www.flickr.com/photos/156445710@N05/52017704748,55.744403,37.575559,,,,,,,,,,,,,,,
https://live.staticflickr.com/65535/52008628920_735ccea5a1_b.jpg,https://www.flickr.com/photos/156445710@N05/52008628920,55.744403,37.575559,,,,,,,,,,,,,,,
https://live.staticflickr.com/65535/51988354011_78da790a53_b.jpg,https://www.flickr.com/photos/156445710@N05/51988354011,55.766223,37.536227,,,,,,,,,,,,,,,
https://live.staticflickr.com/65535/51928654183_33b8881fc6_b.jpg,https://www.flickr.com/photos/156445710@N05/51928654183,55.741788,37.573295,,,,,,,,,,,,,,,
https://live.staticflickr.com/65535/51876798886_ef5d9ef4c8_b.jpg,https://www.flickr.com/photos/156445710@N05/51876798886,55.752855,37.573456,,,,,,,,,,,,,,,
https://live.staticflickr.com/65535/51765544571_d568fd0f73_b.jpg,https://www.flickr.com/photos/156445710@N05/51765544571,55.749566,37.551966,,,,,,,,,,,,,,,
https://live.staticflickr.com/65535/51739591409_07b35626eb_b.jpg,https://www.flickr.com/photos/156445710@N05/51739591409,55.766223,37.536227,,,,,,,,,,,,,,,
https://live.staticflickr.com/65535/51735630653_ff517d4512_b.jpg,https://www.flickr.com/photos/36686497@N05/51735630653,50.082948,14.421894,,,,,,,,,,,,,,,
https://live.staticflickr.com/65535/51733926498_ce0cca2897_b.jpg,https://www.flickr.com/photos/36686497@N05/51733926498,50.083485,14.435069,,,,,,,,,,,,,,,
https://live.staticflickr.com/65535/51730266210_bf957edec8_b.jpg,https://www.flickr.com/photos/36686497@N05/51730266210,50.089352,14.410113,,,,,,,,,,,,,,,
https://live.staticflickr.com/65535/51706536116_004f959fa0_b.jpg,https://www.flickr.com/photos/36686497@N05/51706536116,50.10438,14.418247,,,,,,,,,,,,,,,
https://live.staticflickr.com/65535/51675764472_aa4b60ec08_b.jpg,https://www.flickr.com/photos/36686497@N05/51675764472,50.099152,14.435886,,,,,,,,,,,,,,,
https://live.staticflickr.com/65535/51668406325_453ee00664_b.jpg,https://www.flickr.com/photos/36686497@N05/51668406325,50.099152,14.435886,,,,,,,,,,,,,,,
https://live.staticflickr.com/65535/51660187267_533e1d0aaa_b.jpg,https://www.flickr.com/photos/156445710@N05/51660187267,55.766223,37.536227,,,,,,,,,,,,,,,
https://live.staticflickr.com/65535/51527021652_94864a3560_b.jpg,https://www.flickr.com/photos/63281384@N00/51527021652,41.145922,-8.602845,,,,,,,,,,,,,,,
https://live.staticflickr.com/65535/50919392246_de2db63fb5_b.jpg,https://www.flickr.com/photos/125216791@N07/50919392246,50.110626,8.682129,,,,,,,,,,,,,,,
https://live.staticflickr.com/65535/50763370953_6f831071cd_b.jpg,https://www.flickr.com/photos/39908901@N06/50763370953,41.140881,-8.611469,,,,,,,,,,,,,,,
https://live.staticflickr.com/65535/50746259608_fba1f6a36a_b.jpg,https://www.flickr.com/photos/162851011@N04/50746259608,49.111,9.740761,,,,,,,,,,,,,,,
https://live.staticflickr.com/65535/50746999286_190de71813_b.jpg,https://www.flickr.com/photos/162851011@N04/50746999286,49.113344,9.745527,,,,,,,,,,,,,,,
https://live.staticflickr.com/65535/50746259213_8378aa44b3_b.jpg,https://www.flickr.com/photos/162851011@N04/50746259213,49.112916,9.733,,,,,,,,,,,,,,,
https://live.staticflickr.com/65535/50495939401_976705a5eb_b.jpg,https://www.flickr.com/photos/39908901@N06/50495939401,41.140679,-8.60989,,,,,,,,,,,,,,,
https://live.staticflickr.com/65535/50332148776_017562c150_b.jpg,https://www.flickr.com/photos/39908901@N06/50332148776,38.71416,-9.138168,,,,,,,,,,,,,,,
https://live.staticflickr.com/65535/50268094151_4e755dcb39_b.jpg,https://www.flickr.com/photos/63281384@N00/50268094151,41.141016,-8.651209,,,,,,,,,,,,,,,
https://live.staticflickr.com/65535/50111731843_9c9342b927_b.jpg,https://www.flickr.com/photos/156445710@N05/50111731843,55.766223,37.536227,,,,,,,,,,,,,,,
https://live.staticflickr.com/65535/49079683293_58d3e39fca_b.jpg,https://www.flickr.com/photos/113213302@N04/49079683293,50.846602,4.351886,,,,,,,,,,,,,,,
https://live.staticflickr.com/65535/48869005828_b083a5f0e0_b.jpg,https://www.flickr.com/photos/146906624@N04/48869005828,48.580827,7.753286,,,,,,,,,,,,,,,
https://live.staticflickr.com/65535/48090536293_31cbb091ea_b.jpg,https://www.flickr.com/photos/114727552@N04/48090536293,41.146192,-8.607831,,,,,,,,,,,,,,,
https://live.staticflickr.com/7921/40019315503_0895ee2c6b_b.jpg,https://www.flickr.com/photos/146906624@N04/40019315503,47.209175,-1.565645,,,,,,,,,,,,,,,
https://live.staticflickr.com/1907/44919787422_16925f2431_b.jpg,https://www.flickr.com/photos/61487207@N08/44919787422,52.383888,4.901666,,,,,,,,,,,,,,,
https://live.staticflickr.com/1791/42104491060_e94e9e6792_b.jpg,https://www.flickr.com/photos/116212459@N03/42104491060,51.760748,19.462623,,,,,,,,,,,,,,,
https://live.staticflickr.com/960/40085832550_77df0901ab_b.jpg,https://www.flickr.com/photos/145014198@N03/40085832550,52.347386,4.911427,,,,,,,,,,,,,,,
https://live.staticflickr.com/863/26331642197_b4d9708433_b.jpg,https://www.flickr.com/photos/99186974@N00/26331642197,48.200643,15.634875,,,,,,,,,,,,,,,
https://live.staticflickr.com/802/39161759050_88526d0a44_b.jpg,https://www.flickr.com/photos/61487207@N08/39161759050,52.158072,4.485397,,,,,,,,,,,,,,,
https://live.staticflickr.com/4621/40476783452_ccafe8c094_b.jpg,https://www.flickr.com/photos/61487207@N08/40476783452,52.083116,4.318116,,,,,,,,,,,,,,,
https://live.staticflickr.com/4644/39543045471_5682ca40db_b.jpg,https://www.flickr.com/photos/63281384@N00/39543045471,41.141605,-8.609989,,,,,,,,,,,,,,,
https://live.staticflickr.com/4559/38632479641_b1bc3fa6e9_b.jpg,https://www.flickr.com/photos/50321054@N08/38632479641,38.707775,-9.136737,,,,,,,,,,,,,,,
https://live.staticflickr.com/4586/37850915894_88f1a5ace2_b.jpg,https://www.flickr.com/photos/99186974@N00/37850915894,48.20424,16.368716,,,,,,,,,,,,,,,
https://live.staticflickr.com/4439/36321124860_a12880af75_b.jpg,https://www.flickr.com/photos/55330552@N08/36321124860,51.51152,-0.07832,,,,,,,,,,,,,,,
https://live.staticflickr.com/575/33484684686_5d30bcd2dc_b.jpg,https://www.flickr.com/photos/125216791@N07/33484684686,48.206056,16.385046,,,,,,,,,,,,,,,
https://live.staticflickr.com/659/32922701015_e886675771_b.jpg,https://www.flickr.com/photos/133351018@N03/32922701015,46.051358,14.506047,,,,,,,,,,,,,,,
https://live.staticflickr.com/569/31815843830_9d50b43db4_b.jpg,https://www.flickr.com/photos/40238800@N06/31815843830,41.355003,2.126991,,,,,,,,,,,,,,,
https://live.staticflickr.com/1677/25184989531_f7be83bab3_b.jpg,https://www.flickr.com/photos/123797402@N04/25184989531,52.233109,21.014935,,,,,,,,,,,,,,,
https://live.staticflickr.com/1447/24312560825_9199001b63_b.jpg,https://www.flickr.com/photos/55330552@N08/24312560825,45.070186,7.663629,,,,,,,,,,,,,,,
https://live.staticflickr.com/5624/23425249015_b1ffc6a043_b.jpg,https://www.flickr.com/photos/123797402@N04/23425249015,52.247641,21.013401,,,,,,,,,,,,,,,
https://live.staticflickr.com/469/19097265406_4c3a5d5150_b.jpg,https://www.flickr.com/photos/123797402@N04/19097265406,52.211735,20.975303,,,,,,,,,,,,,,,
https://live.staticflickr.com/8762/17928008858_e9aa8c1365_b.jpg,https://www.flickr.com/photos/123797402@N04/17928008858,52.225959,21.022017,,,,,,,,,,,,,,,
https://live.staticflickr.com/65535/52126358734_138654dba1_b.jpg,https://www.flickr.com/photos/133275046@N07/52126358734,40.407661,-1.443375,,,,,,,,,,,,,,,
https://live.staticflickr.com/65535/52115537568_c9d13058b3_b.jpg,https://www.flickr.com/photos/190199605@N08/52115537568,45.179827,9.153497,,,,,,,,,,,,,,,
https://live.staticflickr.com/65535/52100766932_eb979732e6_b.jpg,https://www.flickr.com/photos/8125412@N04/52100766932,48.878348,2.352476,,,,,,,,,,,,,,,
https://live.staticflickr.com/65535/52102300800_85ebcfbb53_b.jpg,https://www.flickr.com/photos/8125412@N04/52102300800,48.882497,2.337627,,,,,,,,,,,,,,,
https://live.staticflickr.com/65535/52072916114_79da52e691_b.jpg,https://www.flickr.com/photos/156445710@N05/52072916114,55.712637,37.5791,,,,,,,,,,,,,,,
https://live.staticflickr.com/65535/52008028759_9d9fe80005_b.jpg,https://www.flickr.com/photos/142995416@N07/52008028759,48.861736,2.336246,,,,,,,,,,,,,,,
https://live.staticflickr.com/65535/51996104092_c2eaf0e8a4_b.jpg,https://www.flickr.com/photos/156445710@N05/51996104092,55.752855,37.573456,,,,,,,,,,,,,,,
https://live.staticflickr.com/65535/51983613558_31db28d3ec_b.jpg,https://www.flickr.com/photos/98786299@N00/51983613558,46.984417,9.667271,,,,,,,,,,,,,,,
https://live.staticflickr.com/65535/51978283083_b71dfcdabf_b.jpg,https://www.flickr.com/photos/8136604@N05/51978283083,47.615311,12.188361,,,,,,,,,,,,,,,
https://live.staticflickr.com/65535/51967558045_3bc3a57b09_b.jpg,https://www.flickr.com/photos/12741965@N00/51967558045,54.969782,-1.607729,,,,,,,,,,,,,,,
https://live.staticflickr.com/65535/51941830364_25dbf4c58c_b.jpg,https://www.flickr.com/photos/156445710@N05/51941830364,55.752855,37.573456,,,,,,,,,,,,,,,
https://live.staticflickr.com/65535/51935423769_cfc3860462_b.jpg,https://www.flickr.com/photos/12547928@N07/51935423769,52.414255,0.747455,,,,,,,,,,,,,,,
https://live.staticflickr.com/65535/51897359956_576a5b49be_b.jpg,https://www.flickr.com/photos/56936646@N07/51897359956,49.420996,0.233094,,,,,,,,,,,,,,,
https://live.staticflickr.com/65535/51860135265_a4f77335b8_b.jpg,https://www.flickr.com/photos/142995416@N07/51860135265,48.892677,2.237198,,,,,,,,,,,,,,,
https://live.staticflickr.com/65535/51847766570_30b2be65a1_b.jpg,https://www.flickr.com/photos/98786299@N00/51847766570,46.984417,9.667271,,,,,,,,,,,,,,,
https://live.staticflickr.com/65535/51807892380_60d7c9a3b2_b.jpg,https://www.flickr.com/photos/22009742@N04/51807892380,48.341503,7.418335,,,,,,,,,,,,,,,
https://live.staticflickr.com/65535/51792026426_ecb6c44f64_b.jpg,https://www.flickr.com/photos/190199605@N08/51792026426,45.182091,9.153761,,,,,,,,,,,,,,,
https://live.staticflickr.com/65535/51748186528_58aea868b2_b.jpg,https://www.flickr.com/photos/12547928@N07/51748186528,57.3444,-4.769837,,,,,,,,,,,,,,,
https://live.staticflickr.com/65535/51736769487_4c7c15f28c_b.jpg,https://www.flickr.com/photos/95412871@N00/51736769487,53.243652,-6.144855,,,,,,,,,,,,,,,
https://live.staticflickr.com/65535/51698761762_8f6c757c70_b.jpg,https://www.flickr.com/photos/79369350@N08/51698761762,45.487145,15.550761,,,,,,,,,,,,,,,
https://live.staticflickr.com/65535/51688628591_989f8a6e40_b.jpg,https://www.flickr.com/photos/139604914@N04/51688628591,36.721434,-4.423885,,,,,,,,,,,,,,,
https://live.staticflickr.com/65535/51688535878_0e571df706_b.jpg,https://www.flickr.com/photos/56936646@N07/51688535878,50.069584,1.385532,,,,,,,,,,,,,,,
https://live.staticflickr.com/65535/51646933893_efa011bacc_b.jpg,https://www.flickr.com/photos/8125412@N04/51646933893,49.421045,0.233105,,,,,,,,,,,,,,,
https://live.staticflickr.com/65535/51635696111_fb14e90d8d_b.jpg,https://www.flickr.com/photos/67056656@N08/51635696111,52.483446,-1.902254,,,,,,,,,,,,,,,
https://live.staticflickr.com/65535/51615297908_297f0a2a87_b.jpg,https://www.flickr.com/photos/133275046@N07/51615297908,40.410086,-3.705239,,,,,,,,,,,,,,,
https://live.staticflickr.com/65535/51591959098_ab8d5269ba_b.jpg,https://www.flickr.com/photos/27450769@N06/51591959098,58.975359,5.719853,,,,,,,,,,,,,,,
https://live.staticflickr.com/65535/51567132286_9f03108490_b.jpg,https://www.flickr.com/photos/184681524@N08/51567132286,41.546159,2.10828,,,,,,,,,,,,,,,
https://live.staticflickr.com/65535/51560227996_624ed6be44_b.jpg,https://www.flickr.com/photos/96972102@N00/51560227996,49.562237,22.209194,,,,,,,,,,,,,,,
https://live.staticflickr.com/65535/51516301795_dbe5559dfb_b.jpg,https://www.flickr.com/photos/40685767@N00/51516301795,42.340687,-7.862788,,,,,,,,,,,,,,,
https://live.staticflickr.com/65535/51406001004_190448d640_b.jpg,https://www.flickr.com/photos/22009742@N04/51406001004,48.18013,7.311562,,,,,,,,,,,,,,,
https://live.staticflickr.com/65535/51350269516_c3543dac52_b.jpg,https://www.flickr.com/photos/45867871@N05/51350269516,55.675975,12.565419,,,,,,,,,,,,,,,
https://live.staticflickr.com/65535/51335551622_3bcd1a7853_b.jpg,https://www.flickr.com/photos/14838182@N00/51335551622,51.457594,-0.972257,,,,,,,,,,,,,,,
https://live.staticflickr.com/65535/51291595249_4ea7c31d2e_b.jpg,https://www.flickr.com/photos/127554398@N02/51291595249,51.728476,5.883833,,,,,,,,,,,,,,,
https://live.staticflickr.com/65535/51225955297_0673df7a65_b.jpg,https://www.flickr.com/photos/125878255@N02/51225955297,53.076277,8.808878,,,,,,,,,,,,,,,
https://live.staticflickr.com/65535/51224955383_3e8526b019_b.jpg,https://www.flickr.com/photos/63281384@N00/51224955383,41.147355,-8.66817,,,,,,,,,,,,,,,
https://live.staticflickr.com/65535/51192115788_1a976821d2_b.jpg,https://www.flickr.com/photos/62586117@N05/51192115788,51.016744,-3.103498,,,,,,,,,,,,,,,
https://live.staticflickr.com/65535/51172167573_60ec0e96bd_b.jpg,https://www.flickr.com/photos/42767052@N08/51172167573,50.638105,-4.361025,,,,,,,,,,,,,,,
https://live.staticflickr.com/65535/51154195802_56372883c9_b.jpg,https://www.flickr.com/photos/21611052@N02/51154195802,52.922119,-1.473659,,,,,,,,,,,,,,,
https://live.staticflickr.com/65535/51130974763_33e1fb4938_b.jpg,https://www.flickr.com/photos/125878255@N02/51130974763,53.073447,8.805552,,,,,,,,,,,,,,,
https://live.staticflickr.com/65535/51087400947_d820b189c3_b.jpg,https://www.flickr.com/photos/191254924@N02/51087400947,51.464836,-3.163118,,,,,,,,,,,,,,,
https://live.staticflickr.com/65535/51007041690_2c6cccd5a5_b.jpg,https://www.flickr.com/photos/125878255@N02/51007041690,52.357662,4.882725,,,,,,,,,,,,,,,
https://live.staticflickr.com/65535/51052534926_df7e0d9aa9_b.jpg,https://www.flickr.com/photos/134751177@N08/51052534926,51.983786,5.90283,,,,,,,,,,,,,,,
https://live.staticflickr.com/65535/51041574818_2ae7735e66_b.jpg,https://www.flickr.com/photos/67651705@N06/51041574818,48.211352,16.371058,,,,,,,,,,,,,,,
https://live.staticflickr.com/65535/51008341846_08c05811cc_b.jpg,https://www.flickr.com/photos/134751177@N08/51008341846,51.984577,5.9011,,,,,,,,,,,,,,,
https://live.staticflickr.com/65535/51008442217_8207f7407d_b.jpg,https://www.flickr.com/photos/134751177@N08/51008442217,51.982486,5.90463,,,,,,,,,,,,,,,
https://live.staticflickr.com/65535/50984339503_a84a0fe24b_b.jpg,https://www.flickr.com/photos/134751177@N08/50984339503,51.983552,5.907082,,,,,,,,,,,,,,,
https://live.staticflickr.com/65535/50985153447_cdc4866998_b.jpg,https://www.flickr.com/photos/134751177@N08/50985153447,51.982871,5.911492,,,,,,,,,,,,,,,
https://live.staticflickr.com/65535/50976037412_95b64d2e30_b.jpg,https://www.flickr.com/photos/134751177@N08/50976037412,51.983416,5.907763,,,,,,,,,,,,,,,
https://live.staticflickr.com/65535/50959109443_e21bcedb9e_b.jpg,https://www.flickr.com/photos/134751177@N08/50959109443,51.983786,5.90283,,,,,,,,,,,,,,,
https://live.staticflickr.com/65535/50954097367_e6e1d7f57e_b.jpg,https://www.flickr.com/photos/134751177@N08/50954097367,51.983789,5.907661,,,,,,,,,,,,,,,
https://live.staticflickr.com/65535/50947459641_9cfe0664a7_b.jpg,https://www.flickr.com/photos/134751177@N08/50947459641,51.980383,5.90525,,,,,,,,,,,,,,,
https://live.staticflickr.com/65535/50925379901_286e5d38a8_b.jpg,https://www.flickr.com/photos/134751177@N08/50925379901,51.980383,5.90525,,,,,,,,,,,,,,,
https://live.staticflickr.com/65535/50906566683_fe50194c6f_b.jpg,https://www.flickr.com/photos/134751177@N08/50906566683,51.980383,5.90525,,,,,,,,,,,,,,,
https://live.staticflickr.com/65535/50906264017_d0809c78eb_b.jpg,https://www.flickr.com/photos/88407438@N05/50906264017,48.139909,17.109349,,,,,,,,,,,,,,,
https://live.staticflickr.com/65535/50901216488_5b94521653_b.jpg,https://www.flickr.com/photos/134751177@N08/50901216488,51.983786,5.90283,,,,,,,,,,,,,,,
https://live.staticflickr.com/65535/50899934698_0c021d986a_b.jpg,https://www.flickr.com/photos/134751177@N08/50899934698,51.983697,5.903038,,,,,,,,,,,,,,,
https://live.staticflickr.com/65535/50881754987_4cbaccd04f_b.jpg,https://www.flickr.com/photos/42767052@N08/50881754987,50.594952,-3.668961,,,,,,,,,,,,,,,
https://live.staticflickr.com/65535/50873104567_5df3c8613f_b.jpg,https://www.flickr.com/photos/134751177@N08/50873104567,51.983115,5.905741,,,,,,,,,,,,,,,
https://live.staticflickr.com/65535/50865906596_925890a290_b.jpg,https://www.flickr.com/photos/93438832@N04/50865906596,51.814181,4.66052,,,,,,,,,,,,,,,
https://live.staticflickr.com/65535/50851897631_c142b25c0c_b.jpg,https://www.flickr.com/photos/22009742@N04/50851897631,48.255562,7.394474,,,,,,,,,,,,,,,
https://live.staticflickr.com/65535/50851061113_794df4d20e_b.jpg,https://www.flickr.com/photos/134751177@N08/50851061113,51.983102,5.91118,,,,,,,,,,,,,,,
https://live.staticflickr.com/65535/50847957182_3374ed50db_b.jpg,https://www.flickr.com/photos/134751177@N08/50847957182,51.983036,5.912843,,,,,,,,,,,,,,,
https://live.staticflickr.com/65535/50835502052_c4b2a44bb2_b.jpg,https://www.flickr.com/photos/63839496@N08/50835502052,47.102011,9.615991,,,,,,,,,,,,,,,
https://live.staticflickr.com/65535/50828216878_64859bce3d_b.jpg,https://www.flickr.com/photos/134751177@N08/50828216878,51.980383,5.90525,,,,,,,,,,,,,,,
https://live.staticflickr.com/65535/50825329741_5522bc04bc_b.jpg,https://www.flickr.com/photos/134751177@N08/50825329741,51.981302,5.906658,,,,,,,,,,,,,,,
https://live.staticflickr.com/65535/50819455328_c4135fd499_b.jpg,https://www.flickr.com/photos/22009742@N04/50819455328,48.205913,7.35967,,,,,,,,,,,,,,,
https://live.staticflickr.com/65535/50814827813_66869532b2_b.jpg,https://www.flickr.com/photos/134751177@N08/50814827813,51.984577,5.9011,,,,,,,,,,,,,,,
https://live.staticflickr.com/65535/50804032296_3f45d46068_b.jpg,https://www.flickr.com/photos/134751177@N08/50804032296,51.981302,5.906658,,,,,,,,,,,,,,,
https://live.staticflickr.com/65535/50802423958_51d600f0c9_b.jpg,https://www.flickr.com/photos/134751177@N08/50802423958,51.984577,5.9011,,,,,,,,,,,,,,,
https://live.staticflickr.com/65535/50786675198_bf875595e8_b.jpg,https://www.flickr.com/photos/126148542@N04/50786675198,52.015079,6.132549,,,,,,,,,,,,,,,
https://live.staticflickr.com/65535/50782838812_0b9a4d2b79_b.jpg,https://www.flickr.com/photos/134751177@N08/50782838812,51.984577,5.9011,,,,,,,,,,,,,,,
https://live.staticflickr.com/65535/50716170196_dc95395898_b.jpg,https://www.flickr.com/photos/142995416@N07/50716170196,48.890807,2.234687,,,,,,,,,,,,,,,
https://live.staticflickr.com/65535/50670387662_8b72fff392_b.jpg,https://www.flickr.com/photos/39908901@N06/50670387662,38.711548,-9.131548,,,,,,,,,,,,,,,
https://live.staticflickr.com/65535/51739971713_e6eb24c91b_b.jpg,https://www.flickr.com/photos/91764712@N02/51739971713,52.418753,13.058927,,,,,,,,,,,,,,,
https://live.staticflickr.com/65535/51739277581_8d89c5862f_b.jpg,https://www.flickr.com/photos/36686497@N05/51739277581,50.092511,14.428513,,,,,,,,,,,,,,,
https://live.staticflickr.com/65535/51701150594_2d67b971d3_b.jpg,https://www.flickr.com/photos/190199605@N08/51701150594,45.69403,9.670741,,,,,,,,,,,,,,,
https://live.staticflickr.com/65535/51700605375_5ea8b529d9_b.jpg,https://www.flickr.com/photos/36686497@N05/51700605375,50.099716,14.438397,,,,,,,,,,,,,,,
https://live.staticflickr.com/65535/51698184229_276dc259eb_b.jpg,https://www.flickr.com/photos/36686497@N05/51698184229,50.102469,14.445391,,,,,,,,,,,,,,,
https://live.staticflickr.com/65535/51689619805_c5b496626c_b.jpg,https://www.flickr.com/photos/36686497@N05/51689619805,50.09878,14.434166,,,,,,,,,,,,,,,
https://live.staticflickr.com/65535/51668386254_275ef708f9_b.jpg,https://www.flickr.com/photos/91764712@N02/51668386254,51.05379,13.735358,,,,,,,,,,,,,,,
https://live.staticflickr.com/65535/51657561124_c891a72a2c_b.jpg,https://www.flickr.com/photos/91764712@N02/51657561124,51.054127,13.732676,,,,,,,,,,,,,,,
https://live.staticflickr.com/65535/51654494769_9c07701c57_b.jpg,https://www.flickr.com/photos/90617451@N02/51654494769,47.37785,8.540316,,,,,,,,,,,,,,,
https://live.staticflickr.com/65535/51652458768_042d2a9a48_b.jpg,https://www.flickr.com/photos/91764712@N02/51652458768,51.054437,13.733856,,,,,,,,,,,,,,,
https://live.staticflickr.com/65535/51649032147_f8ab6ebbae_b.jpg,https://www.flickr.com/photos/91764712@N02/51649032147,51.052293,13.741753,,,,,,,,,,,,,,,
https://live.staticflickr.com/65535/51601881079_2de6f84f0a_b.jpg,https://www.flickr.com/photos/184681524@N08/51601881079,41.395926,2.208294,,,,,,,,,,,,,,,
https://live.staticflickr.com/65535/51523565890_3e2f82fa09_b.jpg,https://www.flickr.com/photos/52382736@N00/51523565890,43.771989,11.256776,,,,,,,,,,,,,,,
https://live.staticflickr.com/65535/51511557279_b79e7a6345_b.jpg,https://www.flickr.com/photos/52382736@N00/51511557279,43.776089,11.253538,,,,,,,,,,,,,,,
https://live.staticflickr.com/65535/51456808170_e81017199b_b.jpg,https://www.flickr.com/photos/92686536@N00/51456808170,49.440547,1.094115,,,,,,,,,,,,,,,
https://live.staticflickr.com/65535/51432576167_4703e978cd_b.jpg,https://www.flickr.com/photos/54847498@N04/51432576167,41.902308,12.45886,,,,,,,,,,,,,,,
https://live.staticflickr.com/65535/51421792393_4d3229c7c1_b.jpg,https://www.flickr.com/photos/134751177@N08/51421792393,51.589452,4.776063,,,,,,,,,,,,,,,
https://live.staticflickr.com/65535/51415878349_5cde660686_b.jpg,https://www.flickr.com/photos/134751177@N08/51415878349,51.588544,4.775113,,,,,,,,,,,,,,,
https://live.staticflickr.com/65535/51415525569_fd7abca140_b.jpg,https://www.flickr.com/photos/134751177@N08/51415525569,51.589452,4.776063,,,,,,,,,,,,,,,
https://live.staticflickr.com/65535/51410921025_a00730430c_b.jpg,https://www.flickr.com/photos/134751177@N08/51410921025,51.583563,4.778363,,,,,,,,,,,,,,,
https://live.staticflickr.com/65535/51410787890_97b22ca126_b.jpg,https://www.flickr.com/photos/134751177@N08/51410787890,51.580872,4.782677,,,,,,,,,,,,,,,
https://live.staticflickr.com/65535/51408577795_74ef13416d_b.jpg,https://www.flickr.com/photos/134751177@N08/51408577795,51.580205,4.780069,,,,,,,,,,,,,,,
https://live.staticflickr.com/65535/51404355517_6f6acf4aa6_b.jpg,https://www.flickr.com/photos/184681524@N08/51404355517,41.400078,2.186976,,,,,,,,,,,,,,,
https://live.staticflickr.com/65535/51403801774_79a709d532_b.jpg,https://www.flickr.com/photos/184681524@N08/51403801774,41.412334,2.175679,,,,,,,,,,,,,,,
https://live.staticflickr.com/65535/51402162369_341cb8e2f9_b.jpg,https://www.flickr.com/photos/134751177@N08/51402162369,51.585477,4.777747,,,,,,,,,,,,,,,
https://live.staticflickr.com/65535/51401941725_c44c7ecccf_b.jpg,https://www.flickr.com/photos/134751177@N08/51401941725,51.584352,4.778269,,,,,,,,,,,,,,,
https://live.staticflickr.com/65535/51398031028_1a2ed505de_b.jpg,https://www.flickr.com/photos/134751177@N08/51398031028,51.582969,4.776844,,,,,,,,,,,,,,,
https://live.staticflickr.com/65535/51393640057_430588912f_b.jpg,https://www.flickr.com/photos/134751177@N08/51393640057,51.590852,4.778847,,,,,,,,,,,,,,,
https://live.staticflickr.com/65535/51393184827_3220ca3a12_b.jpg,https://www.flickr.com/photos/184681524@N08/51393184827,41.383965,2.174756,,,,,,,,,,,,,,,
https://live.staticflickr.com/65535/51387327352_94494874aa_b.jpg,https://www.flickr.com/photos/134751177@N08/51387327352,51.580944,4.784127,,,,,,,,,,,,,,,
https://live.staticflickr.com/65535/51378494589_3b9842fe98_b.jpg,https://www.flickr.com/photos/134751177@N08/51378494589,51.583883,4.777222,,,,,,,,,,,,,,,
https://live.staticflickr.com/65535/51372264759_4355989248_b.jpg,https://www.flickr.com/photos/134751177@N08/51372264759,51.582969,4.776844,,,,,,,,,,,,,,,
https://live.staticflickr.com/65535/51370457572_1942c5c870_b.jpg,https://www.flickr.com/photos/92686536@N00/51370457572,51.218906,4.431996,,,,,,,,,,,,,,,
https://live.staticflickr.com/65535/51350360504_7e5b54c4e2_b.jpg,https://www.flickr.com/photos/21617436@N00/51350360504,52.522084,13.393904,,,,,,,,,,,,,,,
https://live.staticflickr.com/65535/51348129395_ba67261562_b.jpg,https://www.flickr.com/photos/134751177@N08/51348129395,51.584625,4.778036,,,,,,,,,,,,,,,
https://live.staticflickr.com/65535/51341774534_e252cfae06_b.jpg,https://www.flickr.com/photos/134751177@N08/51341774534,51.580205,4.780069,,,,,,,,,,,,,,,
https://live.staticflickr.com/65535/51340159321_57f3d38e65_b.jpg,https://www.flickr.com/photos/134751177@N08/51340159321,51.58988,4.776258,,,,,,,,,,,,,,,
https://live.staticflickr.com/65535/51332617719_52207e10ec_b.jpg,https://www.flickr.com/photos/134751177@N08/51332617719,51.587633,4.775444,,,,,,,,,,,,,,,
https://live.staticflickr.com/65535/51279500567_58508816d5_b.jpg,https://www.flickr.com/photos/184681524@N08/51279500567,41.407136,2.175453,,,,,,,,,,,,,,,
https://live.staticflickr.com/65535/51266234084_b515f7e27c_b.jpg,https://www.flickr.com/photos/90617451@N02/51266234084,47.386516,8.517283,,,,,,,,,,,,,,,
https://live.staticflickr.com/65535/51236638937_b3906ee486_b.jpg,https://www.flickr.com/photos/134751177@N08/51236638937,51.584625,4.778036,,,,,,,,,,,,,,,
https://live.staticflickr.com/65535/51206238204_8228ebba50_b.jpg,https://www.flickr.com/photos/21775664@N07/51206238204,51.5068,-0.087817,,,,,,,,,,,,,,,
https://live.staticflickr.com/65535/51184405527_26eacb37b8_b.jpg,https://www.flickr.com/photos/49457129@N05/51184405527,52.219985,21.018283,,,,,,,,,,,,,,,
https://live.staticflickr.com/65535/51169439017_9b94622946_b.jpg,https://www.flickr.com/photos/49457129@N05/51169439017,52.206311,21.025364,,,,,,,,,,,,,,,
https://live.staticflickr.com/65535/51160856344_7081fe88f7_b.jpg,https://www.flickr.com/photos/134751177@N08/51160856344,51.590419,4.775963,,,,,,,,,,,,,,,
https://live.staticflickr.com/65535/51130344912_b87bba5f14_b.jpg,https://www.flickr.com/photos/165727057@N08/51130344912,56.032486,12.609751,,,,,,,,,,,,,,,
https://live.staticflickr.com/65535/51126780063_81e9ed40e2_b.jpg,https://www.flickr.com/photos/155589534@N03/51126780063,55.778172,37.586148,,,,,,,,,,,,,,,
https://live.staticflickr.com/65535/51118950883_88e7388dba_b.jpg,https://www.flickr.com/photos/134751177@N08/51118950883,51.584625,4.778036,,,,,,,,,,,,,,,
https://live.staticflickr.com/65535/51118539428_89f3ce1c19_b.jpg,https://www.flickr.com/photos/184681524@N08/51118539428,41.383433,2.182105,,,,,,,,,,,,,,,
https://live.staticflickr.com/65535/51066224968_e09109dd4d_b.jpg,https://www.flickr.com/photos/186253495@N04/51066224968,49.811867,19.037836,,,,,,,,,,,,,,,
https://live.staticflickr.com/65535/51026385403_2769c11465_b.jpg,https://www.flickr.com/photos/36686497@N05/51026385403,50.231779,12.872736,,,,,,,,,,,,,,,
https://live.staticflickr.com/65535/50967915608_a42288920a_b.jpg,https://www.flickr.com/photos/36686497@N05/50967915608,50.100886,14.425628,,,,,,,,,,,,,,,
https://live.staticflickr.com/65535/50955587212_fe67eaa261_b.jpg,https://www.flickr.com/photos/92686536@N00/50955587212,45.478256,9.197187,,,,,,,,,,,,,,,
https://live.staticflickr.com/65535/50950729277_0a4b92a638_b.jpg,https://www.flickr.com/photos/36686497@N05/50950729277,50.086652,14.422913,,,,,,,,,,,,,,,
https://live.staticflickr.com/65535/50944126076_5426695219_b.jpg,https://www.flickr.com/photos/21617436@N00/50944126076,52.522084,13.393904,,,,,,,,,,,,,,,
https://live.staticflickr.com/65535/50905788218_7f2f9c223f_b.jpg,https://www.flickr.com/photos/36686497@N05/50905788218,50.09655,14.399181,,,,,,,,,,,,,,,
https://live.staticflickr.com/65535/50893355926_0ebf19eec1_b.jpg,https://www.flickr.com/photos/184681524@N08/50893355926,41.411908,2.220375,,,,,,,,,,,,,,,
https://live.staticflickr.com/65535/50874561487_76897d4322_b.jpg,https://www.flickr.com/photos/36686497@N05/50874561487,48.191925,16.358588,,,,,,,,,,,,,,,
https://live.staticflickr.com/65535/50867072961_a8a02fa8c4_b.jpg,https://www.flickr.com/photos/36686497@N05/50867072961,48.220212,16.368083,,,,,,,,,,,,,,,
https://live.staticflickr.com/65535/50859884737_a051a56c10_b.jpg,https://www.flickr.com/photos/49457129@N05/50859884737,52.20545,21.011416,,,,,,,,,,,,,,,
https://live.staticflickr.com/65535/50857868708_edb604987a_b.jpg,https://www.flickr.com/photos/36686497@N05/50857868708,48.226502,16.366174,,,,,,,,,,,,,,,
https://live.staticflickr.com/65535/50833667623_e0e40e36c5_b.jpg,https://www.flickr.com/photos/65380161@N04/50833667623,48.72568,37.540701,,,,,,,,,,,,,,,
https://live.staticflickr.com/65535/50805932543_4cdbe31d68_b.jpg,https://www.flickr.com/photos/134751177@N08/50805932543,51.503527,5.307222,,,,,,,,,,,,,,,
https://live.staticflickr.com/65535/50802579358_c7d0730b48_b.jpg,https://www.flickr.com/photos/125878255@N02/50802579358,53.077766,8.799608,,,,,,,,,,,,,,,
https://live.staticflickr.com/65535/50782876903_c2f27f4605_b.jpg,https://www.flickr.com/photos/134751177@N08/50782876903,51.503527,5.307222,,,,,,,,,,,,,,,
https://live.staticflickr.com/65535/50782198847_30415e72f7_b.jpg,https://www.flickr.com/photos/184681524@N08/50782198847,41.413026,2.164274,,,,,,,,,,,,,,,
https://live.staticflickr.com/65535/52884037151_69c41499cf_b.jpg,https://www.flickr.com/photos/135969025@N05/52884037151,49.616966,6.140109,,,,,,,,,,,,,,,
https://live.staticflickr.com/65535/52873809827_e7d0f4d8a2_b.jpg,https://www.flickr.com/photos/48390961@N05/52873809827,41.380711,2.173407,,,,,,,,,,,,,,,
https://live.staticflickr.com/65535/52874357149_691914eda7_b.jpg,https://www.flickr.com/photos/76518649@N04/52874357149,52.542889,13.420894,,,,,,,,,,,,,,,
https://live.staticflickr.com/65535/52872107249_594675ab8c_b.jpg,https://www.flickr.com/photos/14838182@N00/52872107249,51.517644,-0.082745,,,,,,,,,,,,,,,
https://live.staticflickr.com/65535/52855834354_766966066c_b.jpg,https://www.flickr.com/photos/120688392@N02/52855834354,52.34154,4.867243,,,,,,,,,,,,,,,
https://live.staticflickr.com/65535/52852935178_6567ddb49c_b.jpg,https://www.flickr.com/photos/66644631@N05/52852935178,48.855277,2.361813,,,,,,,,,,,,,,,
https://live.staticflickr.com/65535/52850489784_2ce898212c_b.jpg,https://www.flickr.com/photos/76518649@N04/52850489784,52.520843,13.375865,,,,,,,,,,,,,,,
https://live.staticflickr.com/65535/52845928589_867b6715f5_b.jpg,https://www.flickr.com/photos/51101129@N08/52845928589,50.843358,4.357647,,,,,,,,,,,,,,,
https://live.staticflickr.com/65535/52845627778_4553a72fa8_b.jpg,https://www.flickr.com/photos/10006319@N00/52845627778,36.717412,-4.411804,,,,,,,,,,,,,,,
https://live.staticflickr.com/65535/52844909294_88b56f9870_b.jpg,https://www.flickr.com/photos/195986407@N04/52844909294,35.906588,14.495837,,,,,,,,,,,,,,,
https://live.staticflickr.com/65535/52833676959_2f8f4ed20e_b.jpg,https://www.flickr.com/photos/120688392@N02/52833676959,52.375291,4.891093,,,,,,,,,,,,,,,
https://live.staticflickr.com/65535/52829263025_4bb1a591fb_b.jpg,https://www.flickr.com/photos/62973218@N02/52829263025,39.455211,-0.351259,,,,,,,,,,,,,,,
https://live.staticflickr.com/65535/52818927385_9b1f017d5e_b.jpg,https://www.flickr.com/photos/66644631@N05/52818927385,48.86343,2.313609,,,,,,,,,,,,,,,
https://live.staticflickr.com/65535/52809244808_39ddd4bbf0_b.jpg,https://www.flickr.com/photos/62973218@N02/52809244808,39.455211,-0.351259,,,,,,,,,,,,,,,
https://live.staticflickr.com/65535/52783726096_31f7e93d9d_b.jpg,https://www.flickr.com/photos/42534216@N03/52783726096,41.418393,2.153159,,,,,,,,,,,,,,,
https://live.staticflickr.com/65535/52781248968_fb1cd72193_b.jpg,https://www.flickr.com/photos/66644631@N05/52781248968,48.855439,2.360258,,,,,,,,,,,,,,,
https://live.staticflickr.com/65535/52735676826_89138fc6b7_b.jpg,https://www.flickr.com/photos/76518649@N04/52735676826,52.522305,13.394061,,,,,,,,,,,,,,,
https://live.staticflickr.com/65535/52724764841_624f8953e1_b.jpg,https://www.flickr.com/photos/66644631@N05/52724764841,48.88637,2.344186,,,,,,,,,,,,,,,
https://live.staticflickr.com/65535/52715986532_c6ac1e76f4_b.jpg,https://www.flickr.com/photos/184681524@N08/52715986532,41.382298,2.178726,,,,,,,,,,,,,,,
https://live.staticflickr.com/65535/52714218871_c539926bde_b.jpg,https://www.flickr.com/photos/66644631@N05/52714218871,48.860719,2.355355,,,,,,,,,,,,,,,
https://live.staticflickr.com/65535/52708689111_1dc9546eed_b.jpg,https://www.flickr.com/photos/126148542@N04/52708689111,51.919897,4.475188,,,,,,,,,,,,,,,
https://live.staticflickr.com/65535/52703985286_a3962e369e_b.jpg,https://www.flickr.com/photos/66644631@N05/52703985286,48.855439,2.361223,,,,,,,,,,,,,,,
https://live.staticflickr.com/65535/52697799899_dbcd27ea57_b.jpg,https://www.flickr.com/photos/85361080@N02/52697799899,37.976747,23.749394,,,,,,,,,,,,,,,
https://live.staticflickr.com/65535/52695951724_061c3491e1_b.jpg,https://www.flickr.com/photos/76518649@N04/52695951724,52.521313,13.388181,,,,,,,,,,,,,,,
https://live.staticflickr.com/65535/52694408700_2023487a8c_b.jpg,https://www.flickr.com/photos/120833037@N06/52694408700,42.69663,23.321156,,,,,,,,,,,,,,,
https://live.staticflickr.com/65535/52692177609_441aaf9850_b.jpg,https://www.flickr.com/photos/89338490@N00/52692177609,45.754244,21.226344,,,,,,,,,,,,,,,
https://live.staticflickr.com/65535/52688686743_a44f04c6ed_b.jpg,https://www.flickr.com/photos/91532808@N02/52688686743,40.744499,-3.510885,,,,,,,,,,,,,,,
https://live.staticflickr.com/65535/52684913014_c78971ef64_b.jpg,https://www.flickr.com/photos/51101129@N08/52684913014,50.633508,3.0692,,,,,,,,,,,,,,,
https://live.staticflickr.com/65535/52681409523_4cc6b5c6b6_b.jpg,https://www.flickr.com/photos/64148082@N02/52681409523,46.056511,13.230746,,,,,,,,,,,,,,,
https://live.staticflickr.com/65535/52646532450_32fb80e84e_b.jpg,https://www.flickr.com/photos/120833037@N06/52646532450,45.443843,12.331416,,,,,,,,,,,,,,,
https://live.staticflickr.com/65535/52644179038_94a37371ed_b.jpg,https://www.flickr.com/photos/90897051@N02/52644179038,41.383935,2.177017,,,,,,,,,,,,,,,
https://live.staticflickr.com/65535/52642656100_fd43187974_b.jpg,https://www.flickr.com/photos/143593890@N07/52642656100,55.751197,37.626822,,,,,,,,,,,,,,,
https://live.staticflickr.com/65535/52608595603_4862bbe338_b.jpg,https://www.flickr.com/photos/76518649@N04/52608595603,52.538211,13.411849,,,,,,,,,,,,,,,
https://live.staticflickr.com/65535/52607265183_731dfd798d_b.jpg,https://www.flickr.com/photos/89338490@N00/52607265183,43.737197,7.424428,,,,,,,,,,,,,,,
https://live.staticflickr.com/65535/52606085671_5c1bb1393d_b.jpg,https://www.flickr.com/photos/76518649@N04/52606085671,52.517781,13.38875,,,,,,,,,,,,,,,
https://live.staticflickr.com/65535/52593585118_5520ce5cee_b.jpg,https://www.flickr.com/photos/195986407@N04/52593585118,35.909699,14.498938,,,,,,,,,,,,,,,
https://live.staticflickr.com/65535/52572435237_3267b3cc4f_b.jpg,https://www.flickr.com/photos/96844815@N03/52572435237,53.553177,-1.478894,,,,,,,,,,,,,,,
https://live.staticflickr.com/65535/52566966495_684f753f72_b.jpg,https://www.flickr.com/photos/76518649@N04/52566966495,52.5219,13.393632,,,,,,,,,,,,,,,
https://live.staticflickr.com/65535/52555557498_28b187b358_b.jpg,https://www.flickr.com/photos/59870440@N08/52555557498,38.715165,-9.143543,,,,,,,,,,,,,,,
https://live.staticflickr.com/65535/52552122866_5a44436c70_b.jpg,https://www.flickr.com/photos/76518649@N04/52552122866,52.519968,13.39846,,,,,,,,,,,,,,,
https://live.staticflickr.com/65535/52540588888_9edc6e66fc_b.jpg,https://www.flickr.com/photos/193758069@N08/52540588888,40.447208,-3.692665,,,,,,,,,,,,,,,
https://live.staticflickr.com/65535/52517778912_4b7505ae45_b.jpg,https://www.flickr.com/photos/76518649@N04/52517778912,47.72808,12.880783,,,,,,,,,,,,,,,
https://live.staticflickr.com/65535/52516713941_7fdfd51d25_b.jpg,https://www.flickr.com/photos/192764594@N08/52516713941,54.020577,23.970944,,,,,,,,,,,,,,,
https://live.staticflickr.com/65535/52514841912_e9be5bd7de_b.jpg,https://www.flickr.com/photos/91501156@N08/52514841912,59.858553,17.635309,,,,,,,,,,,,,,,
https://live.staticflickr.com/65535/52507925093_07e85a89ba_b.jpg,https://www.flickr.com/photos/76518649@N04/52507925093,52.52474,13.403266,,,,,,,,,,,,,,,
https://live.staticflickr.com/65535/52499801206_8cb5fdcd74_b.jpg,https://www.flickr.com/photos/96536076@N07/52499801206,37.378197,-5.987044,,,,,,,,,,,,,,,
https://live.staticflickr.com/65535/52488651679_99a14aa4b7_b.jpg,https://www.flickr.com/photos/47224811@N00/52488651679,48.076501,7.357889,,,,,,,,,,,,,,,
https://live.staticflickr.com/65535/52480956640_3836f5d1a2_b.jpg,https://www.flickr.com/photos/59870440@N08/52480956640,48.888496,2.343775,,,,,,,,,,,,,,,
https://live.staticflickr.com/65535/52477448350_c2f556ebab_b.jpg,https://www.flickr.com/photos/96536076@N07/52477448350,37.37789,-5.987044,,,,,,,,,,,,,,,
https://live.staticflickr.com/65535/52436866238_e4dc41c8b2_b.jpg,https://www.flickr.com/photos/195986407@N04/52436866238,35.895082,14.513658,,,,,,,,,,,,,,,
https://live.staticflickr.com/65535/52396194770_a85aae9ee1_b.jpg,https://www.flickr.com/photos/123895834@N08/52396194770,51.510583,-0.11887,,,,,,,,,,,,,,,
https://live.staticflickr.com/65535/52381435955_22af0f1958_b.jpg,https://www.flickr.com/photos/97968921@N00/52381435955,48.074119,7.355614,,,,,,,,,,,,,,,
https://live.staticflickr.com/65535/52380887261_83c1b3a2b8_b.jpg,https://www.flickr.com/photos/126148542@N04/52380887261,53.066294,6.459836,,,,,,,,,,,,,,,
https://live.staticflickr.com/65535/52380419085_758273c635_b.jpg,https://www.flickr.com/photos/63281384@N00/52380419085,55.679666,12.591166,,,,,,,,,,,,,,,
https://live.staticflickr.com/65535/52372092316_9a25e39e0b_b.jpg,https://www.flickr.com/photos/96536076@N07/52372092316,36.741162,-5.1675,,,,,,,,,,,,,,,
https://live.staticflickr.com/65535/52371575236_558d0aa451_b.jpg,https://www.flickr.com/photos/127994746@N05/52371575236,43.765666,11.257338,,,,,,,,,,,,,,,
https://live.staticflickr.com/65535/52358237965_0e949d36da_b.jpg,https://www.flickr.com/photos/8211107@N06/52358237965,40.430452,-3.683574,,,,,,,,,,,,,,,
https://live.staticflickr.com/65535/52357811068_bb938aaaea_b.jpg,https://www.flickr.com/photos/76518649@N04/52357811068,47.800039,13.040589,,,,,,,,,,,,,,,
https://live.staticflickr.com/65535/52355815495_1b2099855c_b.jpg,https://www.flickr.com/photos/48390961@N05/52355815495,41.379826,2.174767,,,,,,,,,,,,,,,
https://live.staticflickr.com/65535/52332857791_897bba3193_b.jpg,https://www.flickr.com/photos/156107086@N08/52332857791,38.712846,-9.141,,,,,,,,,,,,,,,
https://live.staticflickr.com/65535/52333279860_29eb4dfb4b_b.jpg,https://www.flickr.com/photos/186269826@N02/52333279860,35.894995,14.512435,,,,,,,,,,,,,,,
https://live.staticflickr.com/65535/52319595748_cbbd92f7d1_b.jpg,https://www.flickr.com/photos/61748927@N02/52319595748,48.109795,-1.684845,,,,,,,,,,,,,,,
https://live.staticflickr.com/65535/52307840785_c6792c5ebf_b.jpg,https://www.flickr.com/photos/195986407@N04/52307840785,46.652985,20.256342,,,,,,,,,,,,,,,
https://live.staticflickr.com/65535/52289655965_4beb64fd51_b.jpg,https://www.flickr.com/photos/62973218@N02/52289655965,48.8595,2.286721,,,,,,,,,,,,,,,
https://live.staticflickr.com/65535/52287812173_8fc5504a54_b.jpg,https://www.flickr.com/photos/63281384@N00/52287812173,55.68,12.590166,,,,,,,,,,,,,,,
https://live.staticflickr.com/65535/52278938751_dfa67528a2_b.jpg,https://www.flickr.com/photos/73850513@N02/52278938751,45.768106,4.835979,,,,,,,,,,,,,,,
https://live.staticflickr.com/65535/50448591618_05647aa131_b.jpg,https://www.flickr.com/photos/23199003@N06/50448591618,35.169338,33.322188,,,,,,,,,,,,,,,
https://live.staticflickr.com/65535/50435260243_b3e72f8c77_b.jpg,https://www.flickr.com/photos/92686536@N00/50435260243,51.206964,4.426031,,,,,,,,,,,,,,,
https://live.staticflickr.com/65535/50405212202_2032313587_b.jpg,https://www.flickr.com/photos/156208555@N05/50405212202,48.583431,7.756434,,,,,,,,,,,,,,,
https://live.staticflickr.com/65535/50401688973_483bf3efe9_b.jpg,https://www.flickr.com/photos/11200205@N02/50401688973,51.53,-0.125278,,,,,,,,,,,,,,,
https://live.staticflickr.com/65535/50401129578_18f0cd58bc_b.jpg,https://www.flickr.com/photos/134751177@N08/50401129578,51.980955,5.909227,,,,,,,,,,,,,,,
https://live.staticflickr.com/65535/50399581033_b61e5ec9be_b.jpg,https://www.flickr.com/photos/142995416@N07/50399581033,48.885961,2.343124,,,,,,,,,,,,,,,
https://live.staticflickr.com/65535/50378780582_b6e4eaa971_b.jpg,https://www.flickr.com/photos/121195437@N06/50378780582,50.117494,8.62713,,,,,,,,,,,,,,,
https://live.staticflickr.com/65535/50363677762_4ce4f93163_b.jpg,https://www.flickr.com/photos/128838849@N05/50363677762,48.886123,2.256553,,,,,,,,,,,,,,,
https://live.staticflickr.com/65535/50362652523_71a52097b0_b.jpg,https://www.flickr.com/photos/11200205@N02/50362652523,51.389063,0.503128,,,,,,,,,,,,,,,
https://live.staticflickr.com/65535/50358324511_b6fc54f0b2_b.jpg,https://www.flickr.com/photos/132670954@N07/50358324511,53.894598,30.330677,,,,,,,,,,,,,,,
https://live.staticflickr.com/65535/50336138883_2263c638c2_b.jpg,https://www.flickr.com/photos/121195437@N06/50336138883,50.1179,8.627941,,,,,,,,,,,,,,,
https://live.staticflickr.com/65535/50333318932_cdc53a1d31_b.jpg,https://www.flickr.com/photos/121195437@N06/50333318932,50.116936,8.628755,,,,,,,,,,,,,,,
https://live.staticflickr.com/65535/50321350682_d33459ba3a_b.jpg,https://www.flickr.com/photos/8997331@N04/50321350682,51.505038,-0.081028,,,,,,,,,,,,,,,
https://live.staticflickr.com/65535/50319259932_7daa3a235c_b.jpg,https://www.flickr.com/photos/121195437@N06/50319259932,50.116936,8.628755,,,,,,,,,,,,,,,
https://live.staticflickr.com/65535/50318195893_250d0112d7_b.jpg,https://www.flickr.com/photos/121195437@N06/50318195893,50.082269,8.62528,,,,,,,,,,,,,,,
https://live.staticflickr.com/65535/50300605196_f639afd3d4_b.jpg,https://www.flickr.com/photos/121195437@N06/50300605196,50.117461,8.626897,,,,,,,,,,,,,,,
https://live.staticflickr.com/65535/50285814366_3b0afdde1d_b.jpg,https://www.flickr.com/photos/121195437@N06/50285814366,50.0778,8.625855,,,,,,,,,,,,,,,
https://live.staticflickr.com/65535/50268650242_9c07836ef0_b.jpg,https://www.flickr.com/photos/121195437@N06/50268650242,50.116936,8.628755,,,,,,,,,,,,,,,
https://live.staticflickr.com/65535/50261351393_4107d8991a_b.jpg,https://www.flickr.com/photos/121195437@N06/50261351393,50.117344,8.628186,,,,,,,,,,,,,,,
https://live.staticflickr.com/65535/50254140783_6189b04488_b.jpg,https://www.flickr.com/photos/121195437@N06/50254140783,50.082269,8.62528,,,,,,,,,,,,,,,
https://live.staticflickr.com/65535/50242840543_b26e976dc3_b.jpg,https://www.flickr.com/photos/121195437@N06/50242840543,50.080202,8.623938,,,,,,,,,,,,,,,
https://live.staticflickr.com/65535/50241507372_e3e9d64ecc_b.jpg,https://www.flickr.com/photos/63281384@N00/50241507372,41.139205,-8.601184,,,,,,,,,,,,,,,
https://live.staticflickr.com/65535/50221091236_9d5576eae0_b.jpg,https://www.flickr.com/photos/121195437@N06/50221091236,50.10948,8.655019,,,,,,,,,,,,,,,
https://live.staticflickr.com/65535/50217513436_c9784cc59a_b.jpg,https://www.flickr.com/photos/146906624@N04/50217513436,47.226227,-1.554522,,,,,,,,,,,,,,,
https://live.staticflickr.com/65535/50216831548_2d48549061_b.jpg,https://www.flickr.com/photos/146906624@N04/50216831548,47.225863,-1.553213,,,,,,,,,,,,,,,
https://live.staticflickr.com/65535/50209241091_8d236b4283_b.jpg,https://www.flickr.com/photos/121195437@N06/50209241091,50.108375,8.654555,,,,,,,,,,,,,,,
https://live.staticflickr.com/65535/50208715943_37d441340c_b.jpg,https://www.flickr.com/photos/121195437@N06/50208715943,50.108375,8.654555,,,,,,,,,,,,,,,
https://live.staticflickr.com/65535/50202161088_c60ae94642_b.jpg,https://www.flickr.com/photos/63839496@N08/50202161088,48.897716,-0.201525,,,,,,,,,,,,,,,
https://live.staticflickr.com/65535/50198414811_ea49425679_b.jpg,https://www.flickr.com/photos/121195437@N06/50198414811,50.110686,8.65113,,,,,,,,,,,,,,,
https://live.staticflickr.com/65535/50188760093_fef526cd32_b.jpg,https://www.flickr.com/photos/121195437@N06/50188760093,50.11023,8.654727,,,,,,,,,,,,,,,
https://live.staticflickr.com/65535/50176538747_0547be5189_b.jpg,https://www.flickr.com/photos/146906624@N04/50176538747,47.213505,-1.555289,,,,,,,,,,,,,,,
https://live.staticflickr.com/65535/50132679692_7e3c8d5755_b.jpg,https://www.flickr.com/photos/121195437@N06/50132679692,50.110588,8.655086,,,,,,,,,,,,,,,
https://live.staticflickr.com/65535/50128837093_7d4282872b_b.jpg,https://www.flickr.com/photos/79172173@N00/50128837093,51.505272,-0.088306,,,,,,,,,,,,,,,
https://live.staticflickr.com/65535/50125171146_0cf4974db9_b.jpg,https://www.flickr.com/photos/146906624@N04/50125171146,47.215494,-1.547112,,,,,,,,,,,,,,,
https://live.staticflickr.com/65535/50117169692_54668f6e6a_b.jpg,https://www.flickr.com/photos/11200205@N02/50117169692,41.902468,12.461886,,,,,,,,,,,,,,,
https://live.staticflickr.com/65535/50106621218_9a037d9c95_b.jpg,https://www.flickr.com/photos/121195437@N06/50106621218,50.078716,8.624111,,,,,,,,,,,,,,,
https://live.staticflickr.com/65535/50100436856_2366359c6b_b.jpg,https://www.flickr.com/photos/121195437@N06/50100436856,50.082061,8.629363,,,,,,,,,,,,,,,
https://live.staticflickr.com/65535/50086452462_083d40422e_b.jpg,https://www.flickr.com/photos/135625678@N06/50086452462,47.368681,8.5435,,,,,,,,,,,,,,,
https://live.staticflickr.com/65535/50054905806_f710355174_b.jpg,https://www.flickr.com/photos/112125470@N03/50054905806,51.055277,13.743888,,,,,,,,,,,,,,,
https://live.staticflickr.com/65535/50053750928_32df5020a6_b.jpg,https://www.flickr.com/photos/45239009@N04/50053750928,47.805127,13.037467,,,,,,,,,,,,,,,
https://live.staticflickr.com/65535/50053143208_6c43e16d1c_b.jpg,https://www.flickr.com/photos/121195437@N06/50053143208,50.0778,8.625855,,,,,,,,,,,,,,,
https://live.staticflickr.com/65535/50047557638_67220e3c98_b.jpg,https://www.flickr.com/photos/7156765@N05/50047557638,48.861496,2.337169,,,,,,,,,,,,,,,
https://live.staticflickr.com/65535/50044234097_7a6c48b7c5_b.jpg,https://www.flickr.com/photos/11200205@N02/50044234097,43.774955,11.25273,,,,,,,,,,,,,,,
https://live.staticflickr.com/65535/50042916331_25224d4b85_b.jpg,https://www.flickr.com/photos/121195437@N06/50042916331,50.1104,8.654438,,,,,,,,,,,,,,,
https://live.staticflickr.com/65535/50043173752_f81531c89d_b.jpg,https://www.flickr.com/photos/121195437@N06/50043173752,50.1104,8.654438,,,,,,,,,,,,,,,
https://live.staticflickr.com/65535/50042915826_bda37d2490_b.jpg,https://www.flickr.com/photos/121195437@N06/50042915826,50.11023,8.654727,,,,,,,,,,,,,,,
https://live.staticflickr.com/65535/50036019998_ff98f0ec09_b.jpg,https://www.flickr.com/photos/146906624@N04/50036019998,47.212366,-1.536,,,,,,,,,,,,,,,
https://live.staticflickr.com/65535/50025307096_0c2ae6a476_b.jpg,https://www.flickr.com/photos/134751177@N08/50025307096,51.980383,5.90525,,,,,,,,,,,,,,,
https://live.staticflickr.com/65535/50015768308_ac627b9630_b.jpg,https://www.flickr.com/photos/99001487@N04/50015768308,51.045818,2.37601,,,,,,,,,,,,,,,
https://live.staticflickr.com/65535/50014762108_e432e797e3_b.jpg,https://www.flickr.com/photos/146906624@N04/50014762108,47.215247,-1.534992,,,,,,,,,,,,,,,
https://live.staticflickr.com/65535/50011201668_d2ac840b74_b.jpg,https://www.flickr.com/photos/121195437@N06/50011201668,50.111038,8.654138,,,,,,,,,,,,,,,
https://live.staticflickr.com/65535/49989420062_7d1538d025_b.jpg,https://www.flickr.com/photos/143593890@N07/49989420062,40.33529,15.651898,,,,,,,,,,,,,,,
https://live.staticflickr.com/65535/49986570938_232ee08705_b.jpg,https://www.flickr.com/photos/134751177@N08/49986570938,51.983827,5.90218,,,,,,,,,,,,,,,
https://live.staticflickr.com/65535/49980529857_db5679a69b_b.jpg,https://www.flickr.com/photos/121195437@N06/49980529857,50.0778,8.625855,,,,,,,,,,,,,,,
https://live.staticflickr.com/65535/49974863542_3fb30da9f7_b.jpg,https://www.flickr.com/photos/134751177@N08/49974863542,51.980383,5.90525,,,,,,,,,,,,,,,
https://live.staticflickr.com/65535/49967847508_2a2eb36b18_b.jpg,https://www.flickr.com/photos/134751177@N08/49967847508,51.980383,5.90525,,,,,,,,,,,,,,,
https://live.staticflickr.com/65535/49968014142_4d730e447a_b.jpg,https://www.flickr.com/photos/121195437@N06/49968014142,50.108947,8.654727,,,,,,,,,,,,,,,
https://live.staticflickr.com/65535/49963437267_065e4ac861_b.jpg,https://www.flickr.com/photos/7156765@N05/49963437267,48.861496,2.337169,,,,,,,,,,,,,,,
https://live.staticflickr.com/65535/49949359896_800442ab9a_b.jpg,https://www.flickr.com/photos/67820649@N03/49949359896,53.545997,10.006324,,,,,,,,,,,,,,,
https://live.staticflickr.com/65535/49938342352_4dfbd52c9e_b.jpg,https://www.flickr.com/photos/121195437@N06/49938342352,50.082472,8.625102,,,,,,,,,,,,,,,
https://live.staticflickr.com/65535/49938038591_1c30ab6984_b.jpg,https://www.flickr.com/photos/121195437@N06/49938038591,50.082186,8.625063,,,,,,,,,,,,,,,
https://live.staticflickr.com/65535/49937522728_2f1aa35d86_b.jpg,https://www.flickr.com/photos/121195437@N06/49937522728,50.082186,8.625063,,,,,,,,,,,,,,,
https://live.staticflickr.com/65535/49934442192_0808c06e48_b.jpg,https://www.flickr.com/photos/63839496@N08/49934442192,48.89658,2.264608,,,,,,,,,,,,,,,
https://live.staticflickr.com/65535/49929528376_2360b08b4e_b.jpg,https://www.flickr.com/photos/121195437@N06/49929528376,50.079077,8.624475,,,,,,,,,,,,,,,
https://live.staticflickr.com/65535/49925681041_eedd6abc16_b.jpg,https://www.flickr.com/photos/146906624@N04/49925681041,47.215225,-1.535362,,,,,,,,,,,,,,,
https://live.staticflickr.com/65535/49915306768_8125fd6773_b.jpg,https://www.flickr.com/photos/146906624@N04/49915306768,47.215236,-1.535903,,,,,,,,,,,,,,,
https://live.staticflickr.com/65535/49905455888_34fe701a8d_b.jpg,https://www.flickr.com/photos/38134034@N04/49905455888,51.907033,4.489115,,,,,,,,,,,,,,,
https://live.staticflickr.com/65535/49900444168_55f3562ff2_b.jpg,https://www.flickr.com/photos/63839496@N08/49900444168,49.420883,0.23403,,,,,,,,,,,,,,,
https://live.staticflickr.com/65535/49898625666_0422ea2abd_b.jpg,https://www.flickr.com/photos/134751177@N08/49898625666,51.984361,5.901836,,,,,,,,,,,,,,,
https://live.staticflickr.com/65535/49891156638_0b971da11a_b.jpg,https://www.flickr.com/photos/134751177@N08/49891156638,51.983532,5.907157,,,,,,,,,,,,,,,
https://live.staticflickr.com/65535/49883057761_66a0615bca_b.jpg,https://www.flickr.com/photos/121195437@N06/49883057761,50.082033,8.62935,,,,,,,,,,,,,,,
https://live.staticflickr.com/65535/49870854096_fe00b1e204_b.jpg,https://www.flickr.com/photos/67820649@N03/49870854096,53.604248,10.026011,,,,,,,,,,,,,,,
https://live.staticflickr.com/65535/49849213043_9573beaf2c_b.jpg,https://www.flickr.com/photos/85903370@N00/49849213043,43.763144,11.264355,,,,,,,,,,,,,,,
https://live.staticflickr.com/65535/49831696823_1c727a9b72_b.jpg,https://www.flickr.com/photos/59238173@N07/49831696823,51.216232,6.757256,,,,,,,,,,,,,,,
https://live.staticflickr.com/65535/49829842076_a281324caf_b.jpg,https://www.flickr.com/photos/150636614@N05/49829842076,55.680427,37.759677,,,,,,,,,,,,,,,
https://live.staticflickr.com/65535/49828119503_fb84cb84ee_b.jpg,https://www.flickr.com/photos/121195437@N06/49828119503,50.082433,8.628975,,,,,,,,,,,,,,,
https://live.staticflickr.com/4603/24764087667_0870f95098_b.jpg,https://www.flickr.com/photos/61487207@N08/24764087667,52.375555,4.900555,,,,,,,,,,,,,,,
https://live.staticflickr.com/4751/27816304639_896cd0c32a_b.jpg,https://www.flickr.com/photos/88078350@N06/27816304639,51.500721,-0.131728,,,,,,,,,,,,,,,
https://live.staticflickr.com/4593/24473509967_00699ca7c7_b.jpg,https://www.flickr.com/photos/57866172@N05/24473509967,42.88002,-8.544445,,,,,,,,,,,,,,,
https://live.staticflickr.com/4688/24360981277_c8e0d38e02_b.jpg,https://www.flickr.com/photos/144745116@N05/24360981277,48.191897,16.380797,,,,,,,,,,,,,,,
https://live.staticflickr.com/4647/38236491394_01f4e4c6b4_b.jpg,https://www.flickr.com/photos/40182922@N05/38236491394,51.321654,9.276022,,,,,,,,,,,,,,,
https://live.staticflickr.com/4541/38876095931_4b8c876f14_b.jpg,https://www.flickr.com/photos/52559257@N02/38876095931,53.231141,-0.5379,,,,,,,,,,,,,,,
https://live.staticflickr.com/65535/37767424735_76e1a6cce2_b.jpg,https://www.flickr.com/photos/143593890@N07/37767424735,38.105869,15.641441,,,,,,,,,,,,,,,
https://live.staticflickr.com/4546/38620992152_aecb5c4b47_b.jpg,https://www.flickr.com/photos/125216791@N07/38620992152,48.893262,2.236704,,,,,,,,,,,,,,,
https://live.staticflickr.com/4574/37753869445_9625482629_b.jpg,https://www.flickr.com/photos/102086516@N07/37753869445,55.789644,37.743122,,,,,,,,,,,,,,,
https://live.staticflickr.com/4519/38609219482_96874d07f2_b.jpg,https://www.flickr.com/photos/102086516@N07/38609219482,55.7898,37.743252,,,,,,,,,,,,,,,
https://live.staticflickr.com/4533/26828812319_e1fa87853c_b.jpg,https://www.flickr.com/photos/144745116@N05/26828812319,48.214707,16.361099,,,,,,,,,,,,,,,
https://live.staticflickr.com/4484/37531362244_21f921670c_b.jpg,https://www.flickr.com/photos/94542404@N02/37531362244,51.053831,13.735892,,,,,,,,,,,,,,,
https://live.staticflickr.com/4554/24328917508_bd83e41224_b.jpg,https://www.flickr.com/photos/12547928@N07/24328917508,48.137169,11.57533,,,,,,,,,,,,,,,
https://live.staticflickr.com/4493/24025369248_6de82b5494_b.jpg,https://www.flickr.com/photos/21775664@N07/24025369248,51.519,-0.102001,,,,,,,,,,,,,,,
https://live.staticflickr.com/4458/37653692702_9c01ede008_b.jpg,https://www.flickr.com/photos/132014049@N04/37653692702,50.061395,19.937889,,,,,,,,,,,,,,,
https://live.staticflickr.com/4443/23684114768_96b060b8d0_b.jpg,https://www.flickr.com/photos/37355847@N02/23684114768,54.77648,-1.5707,,,,,,,,,,,,,,,
https://live.staticflickr.com/4384/37272750392_50ea1161e0_b.jpg,https://www.flickr.com/photos/12547928@N07/37272750392,53.262055,-2.51072,,,,,,,,,,,,,,,
https://live.staticflickr.com/4426/37049375846_f73401eab4_b.jpg,https://www.flickr.com/photos/21775664@N07/37049375846,51.495456,0.040361,,,,,,,,,,,,,,,
https://live.staticflickr.com/4341/36398217953_37b7d33603_b.jpg,https://www.flickr.com/photos/150243025@N06/36398217953,51.762565,18.089566,,,,,,,,,,,,,,,
https://live.staticflickr.com/4437/36664229375_e2c9d7e6f3_b.jpg,https://www.flickr.com/photos/52559257@N02/36664229375,53.231141,-0.5379,,,,,,,,,,,,,,,
https://live.staticflickr.com/4345/36290482206_de6107e6ac_b.jpg,https://www.flickr.com/photos/81035653@N00/36290482206,48.141996,17.103631,,,,,,,,,,,,,,,
https://live.staticflickr.com/4308/36225856385_2648a71a35_b.jpg,https://www.flickr.com/photos/81035653@N00/36225856385,48.142346,17.109811,,,,,,,,,,,,,,,
https://live.staticflickr.com/4314/35619466140_5f2895eb8b_b.jpg,https://www.flickr.com/photos/52559257@N02/35619466140,53.231141,-0.5379,,,,,,,,,,,,,,,
https://live.staticflickr.com/4206/34986576203_300b25f89b_b.jpg,https://www.flickr.com/photos/65583387@N04/34986576203,38.709791,-9.134042,,,,,,,,,,,,,,,
https://live.staticflickr.com/4274/34996778800_02e9f1386a_b.jpg,https://www.flickr.com/photos/149732725@N08/34996778800,59.965294,30.273427,,,,,,,,,,,,,,,
https://live.staticflickr.com/4224/34773273420_aca0b9a004_b.jpg,https://www.flickr.com/photos/128142562@N07/34773273420,48.235207,16.413166,,,,,,,,,,,,,,,
https://live.staticflickr.com/4272/34668869000_db9e88ef22_b.jpg,https://www.flickr.com/photos/63526336@N08/34668869000,55.742465,37.606501,,,,,,,,,,,,,,,
https://live.staticflickr.com/4200/34922399956_57f9f1fc54_b.jpg,https://www.flickr.com/photos/32532032@N06/34922399956,52.586787,1.727921,,,,,,,,,,,,,,,
https://live.staticflickr.com/4191/34601171065_ab4c82d5f7_b.jpg,https://www.flickr.com/photos/123097342@N04/34601171065,43.259557,-2.92479,,,,,,,,,,,,,,,
https://live.staticflickr.com/4171/34128097090_96e31d43ea_b.jpg,https://www.flickr.com/photos/14838182@N00/34128097090,51.513609,-0.113092,,,,,,,,,,,,,,,
https://live.staticflickr.com/2813/34272821891_49fc054705_b.jpg,https://www.flickr.com/photos/144729932@N02/34272821891,55.706006,37.536077,,,,,,,,,,,,,,,
https://live.staticflickr.com/4192/33577505793_6418f5e6a9_b.jpg,https://www.flickr.com/photos/45090765@N05/33577505793,40.420014,-3.705632,,,,,,,,,,,,,,,
https://live.staticflickr.com/4189/34383578825_a733a5a691_b.jpg,https://www.flickr.com/photos/136572556@N07/34383578825,51.228807,4.411241,,,,,,,,,,,,,,,
https://live.staticflickr.com/2866/33979472060_8559b5918b_b.jpg,https://www.flickr.com/photos/123767219@N05/33979472060,41.14182,-8.604569,,,,,,,,,,,,,,,
https://live.staticflickr.com/3927/33204697704_31a3d8c70e_b.jpg,https://www.flickr.com/photos/94542404@N02/33204697704,51.11386,13.666841,,,,,,,,,,,,,,,
https://live.staticflickr.com/3726/32298594544_d5675cd671_b.jpg,https://www.flickr.com/photos/46267286@N07/32298594544,51.509937,-0.137103,,,,,,,,,,,,,,,
https://live.staticflickr.com/684/32864887775_5eeef0693c_b.jpg,https://www.flickr.com/photos/34234700@N08/32864887775,51.505416,-0.079543,,,,,,,,,,,,,,,
https://live.staticflickr.com/3796/32685615542_c4f24896b9_b.jpg,https://www.flickr.com/photos/145014198@N03/32685615542,48.887605,2.341494,,,,,,,,,,,,,,,
https://live.staticflickr.com/267/31767530204_372c50ca84_b.jpg,https://www.flickr.com/photos/133095026@N06/31767530204,48.842251,2.35455,,,,,,,,,,,,,,,
https://live.staticflickr.com/715/32568914795_b729110507_b.jpg,https://www.flickr.com/photos/133095026@N06/32568914795,48.821871,2.364054,,,,,,,,,,,,,,,
https://live.staticflickr.com/313/31688018864_aac7829447_b.jpg,https://www.flickr.com/photos/61487207@N08/31688018864,51.910777,4.483036,,,,,,,,,,,,,,,
https://live.staticflickr.com/762/31543638184_e8b8ce8638_b.jpg,https://www.flickr.com/photos/7501678@N03/31543638184,50.636342,-4.359866,,,,,,,,,,,,,,,
https://live.staticflickr.com/283/31539406194_3f158d4d24_b.jpg,https://www.flickr.com/photos/7501678@N03/31539406194,50.636342,-4.359866,,,,,,,,,,,,,,,
https://live.staticflickr.com/596/31519872434_55a642e7a8_b.jpg,https://www.flickr.com/photos/61487207@N08/31519872434,51.906236,4.493736,,,,,,,,,,,,,,,
https://live.staticflickr.com/432/32170598576_e6b5e70fbc_b.jpg,https://www.flickr.com/photos/133095026@N06/32170598576,48.821758,2.359033,,,,,,,,,,,,,,,
https://live.staticflickr.com/573/32090822746_75e935f9c9_b.jpg,https://www.flickr.com/photos/137157406@N04/32090822746,40.466898,-3.689206,,,,,,,,,,,,,,,
https://live.staticflickr.com/582/32124653845_1a4afd430f_b.jpg,https://www.flickr.com/photos/92981517@N03/32124653845,47.212338,-1.55302,,,,,,,,,,,,,,,
https://live.staticflickr.com/682/31136520033_cebdebaa17_b.jpg,https://www.flickr.com/photos/146690345@N07/31136520033,44.406684,8.936905,,,,,,,,,,,,,,,
https://live.staticflickr.com/620/31521944262_61c934afc5_b.jpg,https://www.flickr.com/photos/128730796@N02/31521944262,55.607972,12.997437,,,,,,,,,,,,,,,
https://live.staticflickr.com/589/31547343021_23255d1f33_b.jpg,https://www.flickr.com/photos/14559557@N02/31547343021,48.891047,2.230213,,,,,,,,,,,,,,,
https://live.staticflickr.com/5573/30848920763_ac013f6d35_b.jpg,https://www.flickr.com/photos/7501678@N03/30848920763,50.263777,-5.048958,,,,,,,,,,,,,,,
https://live.staticflickr.com/304/31540749856_d8df3e1db0_b.jpg,https://www.flickr.com/photos/40182922@N05/31540749856,35.516831,24.022936,,,,,,,,,,,,,,,
https://live.staticflickr.com/474/31426094472_6b1a19ebf8_b.jpg,https://www.flickr.com/photos/91469216@N08/31426094472,41.401809,2.173004,,,,,,,,,,,,,,,
https://live.staticflickr.com/566/31546158405_2b4325b258_b.jpg,https://www.flickr.com/photos/40182922@N05/31546158405,35.516477,24.020127,,,,,,,,,,,,,,,
https://live.staticflickr.com/261/31535644585_6f79ba3ae1_b.jpg,https://www.flickr.com/photos/40182922@N05/31535644585,35.51677,24.018623,,,,,,,,,,,,,,,
https://live.staticflickr.com/5529/31433881485_37c8406e54_b.jpg,https://www.flickr.com/photos/21775664@N07/31433881485,51.4998,-0.0161,,,,,,,,,,,,,,,
https://live.staticflickr.com/5722/30301164813_77810b97ed_b.jpg,https://www.flickr.com/photos/34234700@N08/30301164813,51.506225,-0.121064,,,,,,,,,,,,,,,
https://live.staticflickr.com/5513/30890442992_35c381fc73_b.jpg,https://www.flickr.com/photos/40182922@N05/30890442992,51.775959,19.454544,,,,,,,,,,,,,,,
https://live.staticflickr.com/5330/30889439656_d979de4fbf_b.jpg,https://www.flickr.com/photos/37629612@N03/30889439656,41.053799,28.987086,,,,,,,,,,,,,,,
https://live.staticflickr.com/5504/30799675706_a4cbf96c85_b.jpg,https://www.flickr.com/photos/21775664@N07/30799675706,51.516133,-0.136678,,,,,,,,,,,,,,,
https://live.staticflickr.com/5725/30680872381_65d21dfc9c_b.jpg,https://www.flickr.com/photos/125638311@N07/30680872381,41.026818,28.981225,,,,,,,,,,,,,,,
https://live.staticflickr.com/5813/30462798216_b258fb9f70_b.jpg,https://www.flickr.com/photos/117657171@N02/30462798216,51.374767,-0.09304,,,,,,,,,,,,,,,
https://live.staticflickr.com/7532/29910340380_e9a6e74984_b.jpg,https://www.flickr.com/photos/63523958@N02/29910340380,40.995018,29.027552,,,,,,,,,,,,,,,
https://live.staticflickr.com/5719/29430663824_ec8d7c3d8f_b.jpg,https://www.flickr.com/photos/108510835@N06/29430663824,59.908415,30.318371,,,,,,,,,,,,,,,
https://live.staticflickr.com/8339/29453509760_076481db1b_b.jpg,https://www.flickr.com/photos/52559257@N02/29453509760,53.231141,-0.5379,,,,,,,,,,,,,,,
https://live.staticflickr.com/8192/29560399631_60e656991a_b.jpg,https://www.flickr.com/photos/91469216@N08/29560399631,43.555445,-5.921863,,,,,,,,,,,,,,,
https://live.staticflickr.com/8385/29423245101_ba1cff61b0_b.jpg,https://www.flickr.com/photos/129598004@N04/29423245101,40.835453,14.247583,,,,,,,,,,,,,,,
https://live.staticflickr.com/8139/29251282036_09d0dcf23a_b.jpg,https://www.flickr.com/photos/99616828@N00/29251282036,43.266471,-2.937973,,,,,,,,,,,,,,,
https://live.staticflickr.com/8326/29164406381_a3b1bbf91e_b.jpg,https://www.flickr.com/photos/21775664@N07/29164406381,51.51,-0.134445,,,,,,,,,,,,,,,
https://live.staticflickr.com/8095/28784868982_430f1c298d_b.jpg,https://www.flickr.com/photos/80345530@N02/28784868982,55.667194,12.532944,,,,,,,,,,,,,,,
https://live.staticflickr.com/8815/28548661701_87657cae1c_b.jpg,https://www.flickr.com/photos/99616828@N00/28548661701,43.266737,-2.937941,,,,,,,,,,,,,,,
https://live.staticflickr.com/8741/28484857362_c08c48df3d_b.jpg,https://www.flickr.com/photos/52559257@N02/28484857362,53.231141,-0.5379,,,,,,,,,,,,,,,
https://live.staticflickr.com/8718/28389547341_43b3023aba_b.jpg,https://www.flickr.com/photos/30116221@N03/28389547341,49.788611,23.370044,,,,,,,,,,,,,,,
https://live.staticflickr.com/8420/27810704433_2f3ba4e1f0_b.jpg,https://www.flickr.com/photos/131021490@N02/27810704433,51.494036,10.789153,,,,,,,,,,,,,,,
https://live.staticflickr.com/7441/27924844801_eaa5e5f7ee_b.jpg,https://www.flickr.com/photos/63523958@N02/27924844801,41.016539,28.971015,,,,,,,,,,,,,,,
https://live.staticflickr.com/7330/27706767940_4785b42ca5_b.jpg,https://www.flickr.com/photos/63523958@N02/27706767940,41.009592,28.96836,,,,,,,,,,,,,,,
https://live.staticflickr.com/4713/26050537498_a1115ec6d7_b.jpg,https://www.flickr.com/photos/61616043@N05/26050537498,52.254041,6.147213,,,,,,,,,,,,,,,
https://live.staticflickr.com/4723/39910449101_ce20271f87_b.jpg,https://www.flickr.com/photos/146906624@N04/39910449101,37.136372,-7.596789,,,,,,,,,,,,,,,
https://live.staticflickr.com/4701/38747046145_88a981d3a9_b.jpg,https://www.flickr.com/photos/50762671@N03/38747046145,48.855771,2.346643,,,,,,,,,,,,,,,
https://live.staticflickr.com/4747/24750741717_301d9478bc_b.jpg,https://www.flickr.com/photos/92082510@N04/24750741717,49.194204,16.605362,,,,,,,,,,,,,,,
https://live.staticflickr.com/4643/38536596185_3f4448b509_b.jpg,https://www.flickr.com/photos/35521260@N03/38536596185,54.868803,23.931044,,,,,,,,,,,,,,,
https://live.staticflickr.com/4690/39375218892_90d611a50a_b.jpg,https://www.flickr.com/photos/89817402@N03/39375218892,55.954678,-3.185799,,,,,,,,,,,,,,,
https://live.staticflickr.com/4739/39386904141_49aa301bc4_b.jpg,https://www.flickr.com/photos/89817402@N03/39386904141,55.954678,-3.185799,,,,,,,,,,,,,,,
https://live.staticflickr.com/4690/38210110415_ba793ba2f5_b.jpg,https://www.flickr.com/photos/37206078@N04/38210110415,37.015727,-4.556923,,,,,,,,,,,,,,,
https://live.staticflickr.com/4644/38054659785_77c92ba425_b.jpg,https://www.flickr.com/photos/35521260@N03/38054659785,55.07868,22.980555,,,,,,,,,,,,,,,
https://live.staticflickr.com/4551/25026781458_e9d7e5dd07_b.jpg,https://www.flickr.com/photos/144745116@N05/25026781458,48.208637,16.373362,,,,,,,,,,,,,,,
https://live.staticflickr.com/4585/38838941481_5a20f1807e_b.jpg,https://www.flickr.com/photos/50762671@N03/38838941481,48.858479,2.294232,,,,,,,,,,,,,,,
https://live.staticflickr.com/4584/38757686301_26a73fb1a3_b.jpg,https://www.flickr.com/photos/50762671@N03/38757686301,48.857952,2.348713,,,,,,,,,,,,,,,
https://live.staticflickr.com/4524/26953547239_41aa05fa21_b.jpg,https://www.flickr.com/photos/50762671@N03/26953547239,48.842385,2.322117,,,,,,,,,,,,,,,
https://live.staticflickr.com/4518/24731199258_114e9e35d6_b.jpg,https://www.flickr.com/photos/101053609@N05/24731199258,50.086652,14.410414,,,,,,,,,,,,,,,
https://live.staticflickr.com/4577/38503756811_d24cea1b93_b.jpg,https://www.flickr.com/photos/50762671@N03/38503756811,48.842385,2.322117,,,,,,,,,,,,,,,
https://live.staticflickr.com/4556/26639464199_a51dee0d3f_b.jpg,https://www.flickr.com/photos/56334128@N07/26639464199,41.899771,12.476607,,,,,,,,,,,,,,,
https://live.staticflickr.com/4541/37590722374_c12d0684b9_b.jpg,https://www.flickr.com/photos/89817402@N03/37590722374,55.976961,-3.169448,,,,,,,,,,,,,,,
https://live.staticflickr.com/4568/26532028179_f82fed9129_b.jpg,https://www.flickr.com/photos/89817402@N03/26532028179,55.976961,-3.169448,,,,,,,,,,,,,,,
https://live.staticflickr.com/4447/37574528040_fe158f8c60_b.jpg,https://www.flickr.com/photos/101053609@N05/37574528040,38.117389,13.356982,,,,,,,,,,,,,,,
https://live.staticflickr.com/4479/37122269143_809f1dbbd3_b.jpg,https://www.flickr.com/photos/116630472@N02/37122269143,42.62773,12.113757,,,,,,,,,,,,,,,
https://live.staticflickr.com/4453/37069258574_aa28dc95f9_b.jpg,https://www.flickr.com/photos/116630472@N02/37069258574,42.718831,12.112941,,,,,,,,,,,,,,,
https://live.staticflickr.com/4476/37697219852_6b63d58d22_b.jpg,https://www.flickr.com/photos/120172085@N07/37697219852,41.901406,12.466875,,,,,,,,,,,,,,,
https://live.staticflickr.com/4473/37666254372_0b4e1965e1_b.jpg,https://www.flickr.com/photos/144745116@N05/37666254372,50.090259,14.407668,,,,,,,,,,,,,,,
https://live.staticflickr.com/4444/37554958472_f30159317c_b.jpg,https://www.flickr.com/photos/50762671@N03/37554958472,48.853251,2.349185,,,,,,,,,,,,,,,
https://live.staticflickr.com/4508/37319637220_d70bdeed50_b.jpg,https://www.flickr.com/photos/94542404@N02/37319637220,50.090424,14.404513,,,,,,,,,,,,,,,
https://live.staticflickr.com/4508/36863903453_5e6cdf763c_b.jpg,https://www.flickr.com/photos/101545735@N08/36863903453,42.908537,-9.261635,,,,,,,,,,,,,,,
https://live.staticflickr.com/4449/37418935062_01c7083cb7_b.jpg,https://www.flickr.com/photos/31460516@N02/37418935062,47.051318,8.307176,,,,,,,,,,,,,,,
https://live.staticflickr.com/4381/36636569913_9e4fa4314d_b.jpg,https://www.flickr.com/photos/89817402@N03/36636569913,55.952513,-3.176175,,,,,,,,,,,,,,,
https://live.staticflickr.com/4356/36448017613_e460beff6c_b.jpg,https://www.flickr.com/photos/28229148@N05/36448017613,55.746527,37.612531,,,,,,,,,,,,,,,
https://live.staticflickr.com/4351/37248376435_6caf227476_b.jpg,https://www.flickr.com/photos/89817402@N03/37248376435,55.951918,-3.197053,,,,,,,,,,,,,,,
https://live.staticflickr.com/4402/36999963195_9ea74e02f1_b.jpg,https://www.flickr.com/photos/101053609@N05/36999963195,44.115929,15.224454,,,,,,,,,,,,,,,
https://live.staticflickr.com/4427/36177986763_2bd238fa7d_b.jpg,https://www.flickr.com/photos/50762671@N03/36177986763,48.853209,2.349314,,,,,,,,,,,,,,,
https://live.staticflickr.com/4377/36698447475_b0c469d044_b.jpg,https://www.flickr.com/photos/89817402@N03/36698447475,55.954678,-3.185799,,,,,,,,,,,,,,,
https://live.staticflickr.com/4362/35737325114_84bd4f0c8d_b.jpg,https://www.flickr.com/photos/50762671@N03/35737325114,48.846325,2.346278,,,,,,,,,,,,,,,
https://live.staticflickr.com/4397/36433576005_848ce2c3c6_b.jpg,https://www.flickr.com/photos/50762671@N03/36433576005,48.855496,2.350398,,,,,,,,,,,,,,,
https://live.staticflickr.com/4294/36066594891_e38884f6bf_b.jpg,https://www.flickr.com/photos/89817402@N03/36066594891,55.976961,-3.169448,,,,,,,,,,,,,,,
https://live.staticflickr.com/4328/36121659656_d827cbf125_b.jpg,https://www.flickr.com/photos/152605126@N05/36121659656,43.274037,6.639014,,,,,,,,,,,,,,,
https://live.staticflickr.com/4315/35330405503_9532335527_b.jpg,https://www.flickr.com/photos/125951254@N07/35330405503,40.210572,-8.431406,,,,,,,,,,,,,,,
https://live.staticflickr.com/4306/35327761493_419745fd50_b.jpg,https://www.flickr.com/photos/74112261@N05/35327761493,54.896844,23.886458,,,,,,,,,,,,,,,
https://live.staticflickr.com/4301/35914733131_123e3685c3_b.jpg,https://www.flickr.com/photos/97609496@N07/35914733131,52.509874,13.376841,,,,,,,,,,,,,,,
https://live.staticflickr.com/4218/35733933526_a0eb3e17d6_b.jpg,https://www.flickr.com/photos/57228126@N02/35733933526,51.504308,-0.075466,,,,,,,,,,,,,,,
https://live.staticflickr.com/4214/35573573202_c6922f8ac8_b.jpg,https://www.flickr.com/photos/137348784@N04/35573573202,50.823898,4.367923,,,,,,,,,,,,,,,
https://live.staticflickr.com/4198/35066385160_ab46095546_b.jpg,https://www.flickr.com/photos/95207503@N08/35066385160,50.087106,14.402153,,,,,,,,,,,,,,,
https://live.staticflickr.com/4245/34640874513_18ce240758_b.jpg,https://www.flickr.com/photos/50762671@N03/34640874513,48.855341,2.345076,,,,,,,,,,,,,,,
https://live.staticflickr.com/4266/34579331124_a715740e6f_b.jpg,https://www.flickr.com/photos/74112261@N05/34579331124,41.137944,-8.613195,,,,,,,,,,,,,,,
https://live.staticflickr.com/4285/35343772225_08a053e5bf_b.jpg,https://www.flickr.com/photos/18023272@N00/35343772225,50.089433,14.41138,,,,,,,,,,,,,,,
https://live.staticflickr.com/4199/34516721323_ce6d5dba51_b.jpg,https://www.flickr.com/photos/137023967@N04/34516721323,45.437377,12.3352,,,,,,,,,,,,,,,
https://live.staticflickr.com/4240/35120417142_5ca8e0575f_b.jpg,https://www.flickr.com/photos/146906624@N04/35120417142,47.214591,-1.543698,,,,,,,,,,,,,,,
https://live.staticflickr.com/4273/34457958613_a29f64361e_b.jpg,https://www.flickr.com/photos/137023967@N04/34457958613,45.441178,12.322701,,,,,,,,,,,,,,,
https://live.staticflickr.com/4277/34304417983_42974dc683_b.jpg,https://www.flickr.com/photos/56334128@N07/34304417983,36.734424,-5.164667,,,,,,,,,,,,,,,
https://live.staticflickr.com/4225/34782275412_c366e35577_b.jpg,https://www.flickr.com/photos/144745116@N05/34782275412,41.112816,20.790992,,,,,,,,,,,,,,,
https://live.staticflickr.com/4162/34497561132_43b5456abd_b.jpg,https://www.flickr.com/photos/92082510@N04/34497561132,50.086803,14.409341,,,,,,,,,,,,,,,
https://live.staticflickr.com/2886/34469259391_a2ce2fc1d8_b.jpg,https://www.flickr.com/photos/149194982@N02/34469259391,52.010491,4.369327,,,,,,,,,,,,,,,
https://live.staticflickr.com/4170/34357317481_038194d481_b.jpg,https://www.flickr.com/photos/142726132@N02/34357317481,48.853724,2.347791,,,,,,,,,,,,,,,
https://live.staticflickr.com/2879/33635171133_b7e8e5b8b7_b.jpg,https://www.flickr.com/photos/129513109@N05/33635171133,52.375579,4.900374,,,,,,,,,,,,,,,
https://live.staticflickr.com/4161/34068861651_dd55076714_b.jpg,https://www.flickr.com/photos/113339808@N08/34068861651,55.946686,-3.190056,,,,,,,,,,,,,,,
https://live.staticflickr.com/3848/33879560395_a887f5602e_b.jpg,https://www.flickr.com/photos/50762671@N03/33879560395,48.858475,2.337491,,,,,,,,,,,,,,,
https://live.staticflickr.com/2875/33040286903_042785d19e_b.jpg,https://www.flickr.com/photos/45960275@N05/33040286903,42.64253,18.115317,,,,,,,,,,,,,,,
https://live.staticflickr.com/3857/33663893952_1f780de074_b.jpg,https://www.flickr.com/photos/50762671@N03/33663893952,48.858334,2.294425,,,,,,,,,,,,,,,
https://live.staticflickr.com/3846/33656854492_f9a5390c0f_b.jpg,https://www.flickr.com/photos/45960275@N05/33656854492,42.647154,18.104095,,,,,,,,,,,,,,,
https://live.staticflickr.com/2934/33436770451_3550a1dc54_b.jpg,https://www.flickr.com/photos/96972102@N00/33436770451,43.445077,16.693266,,,,,,,,,,,,,,,
https://live.staticflickr.com/2948/33534425605_30f02f50ce_b.jpg,https://www.flickr.com/photos/102086516@N07/33534425605,55.779722,37.625555,,,,,,,,,,,,,,,
https://live.staticflickr.com/3777/33072850550_777313bf3e_b.jpg,https://www.flickr.com/photos/50762671@N03/33072850550,38.708492,-9.146855,,,,,,,,,,,,,,,
https://live.staticflickr.com/3908/33431581925_53532741e3_b.jpg,https://www.flickr.com/photos/50762671@N03/33431581925,38.715585,-9.144358,,,,,,,,,,,,,,,
https://live.staticflickr.com/738/32547381433_3e85bc7af8_b.jpg,https://www.flickr.com/photos/94542404@N02/32547381433,51.051996,13.741535,,,,,,,,,,,,,,,
https://live.staticflickr.com/751/33208654581_192e8cd5bb_b.jpg,https://www.flickr.com/photos/137023967@N04/33208654581,36.461261,25.374598,,,,,,,,,,,,,,,
https://live.staticflickr.com/2895/32513773093_3759b6a9ea_b.jpg,https://www.flickr.com/photos/125951254@N07/32513773093,40.150423,-8.867104,,,,,,,,,,,,,,,
https://live.staticflickr.com/580/33238571266_d60eed2f2a_b.jpg,https://www.flickr.com/photos/50762671@N03/33238571266,48.860112,2.326955,,,,,,,,,,,,,,,
https://live.staticflickr.com/3715/32285638964_98b10bfced_b.jpg,https://www.flickr.com/photos/125951254@N07/32285638964,40.209097,-8.430676,,,,,,,,,,,,,,,
https://live.staticflickr.com/2896/33123908855_8dafc88504_b.jpg,https://www.flickr.com/photos/50762671@N03/33123908855,48.853399,2.343918,,,,,,,,,,,,,,,
https://live.staticflickr.com/770/33103981195_2209ffe50d_b.jpg,https://www.flickr.com/photos/145143043@N04/33103981195,43.263956,26.924357,,,,,,,,,,,,,,,
https://live.staticflickr.com/3835/32969013031_280cbab39e_b.jpg,https://www.flickr.com/photos/50762671@N03/32969013031,46.157161,-1.153607,,,,,,,,,,,,,,,
https://live.staticflickr.com/3750/32265827943_4b3c49c209_b.jpg,https://www.flickr.com/photos/14838182@N00/32265827943,45.461111,9.186388,,,,,,,,,,,,,,,
https://live.staticflickr.com/2713/33040620655_6bc2e8c54b_b.jpg,https://www.flickr.com/photos/50762671@N03/33040620655,48.858348,2.294597,,,,,,,,,,,,,,,
https://live.staticflickr.com/65535/47873222631_d0181b48f0_b.jpg,https://www.flickr.com/photos/19907278@N00/47873222631,52.368452,4.880751,,,,,,,,,,,,,,,
https://live.staticflickr.com/65535/33945871788_3afae24c2a_b.jpg,https://www.flickr.com/photos/138571748@N07/33945871788,55.949944,-3.191742,,,,,,,,,,,,,,,
https://live.staticflickr.com/65535/47725407722_3a2a81c0a0_b.jpg,https://www.flickr.com/photos/138571748@N07/47725407722,53.405975,-2.980685,,,,,,,,,,,,,,,
https://live.staticflickr.com/65535/40797372083_c6e3bbf1d0_b.jpg,https://www.flickr.com/photos/138571748@N07/40797372083,55.949944,-3.191742,,,,,,,,,,,,,,,
https://live.staticflickr.com/65535/47741331411_89f0e39a66_b.jpg,https://www.flickr.com/photos/166620534@N04/47741331411,52.519942,13.377635,,,,,,,,,,,,,,,
https://live.staticflickr.com/65535/32796199457_fdfa5f9892_b.jpg,https://www.flickr.com/photos/138571748@N07/32796199457,55.949944,-3.191742,,,,,,,,,,,,,,,
https://live.staticflickr.com/65535/32790338907_8a2f480e04_b.jpg,https://www.flickr.com/photos/80345530@N02/32790338907,55.676295,12.575149,,,,,,,,,,,,,,,
https://live.staticflickr.com/65535/47731449601_ac66cc7b4e_b.jpg,https://www.flickr.com/photos/138571748@N07/47731449601,55.949944,-3.191742,,,,,,,,,,,,,,,
https://live.staticflickr.com/65535/47644043382_bf92365be2_b.jpg,https://www.flickr.com/photos/138571748@N07/47644043382,55.949944,-3.191742,,,,,,,,,,,,,,,
https://live.staticflickr.com/65535/46778994725_3a10a6b007_b.jpg,https://www.flickr.com/photos/138571748@N07/46778994725,53.757753,-2.703387,,,,,,,,,,,,,,,
https://live.staticflickr.com/65535/33809526458_1a8a7454f7_b.jpg,https://www.flickr.com/photos/138571748@N07/33809526458,53.815309,-3.050894,,,,,,,,,,,,,,,
https://live.staticflickr.com/65535/47684507461_bd4025f294_b.jpg,https://www.flickr.com/photos/32532032@N06/47684507461,52.586976,1.73393,,,,,,,,,,,,,,,
https://live.staticflickr.com/65535/46934314824_bb86483361_b.jpg,https://www.flickr.com/photos/138571748@N07/46934314824,53.405975,-2.980685,,,,,,,,,,,,,,,
https://live.staticflickr.com/65535/46726404205_d83092ba98_b.jpg,https://www.flickr.com/photos/138571748@N07/46726404205,53.757753,-2.703387,,,,,,,,,,,,,,,
https://live.staticflickr.com/65535/46715917035_ff6dd1e806_b.jpg,https://www.flickr.com/photos/52559257@N02/46715917035,53.233833,-0.542137,,,,,,,,,,,,,,,
https://live.staticflickr.com/65535/46903087234_14a6ed403c_b.jpg,https://www.flickr.com/photos/42767052@N08/46903087234,41.004548,28.976783,,,,,,,,,,,,,,,
https://live.staticflickr.com/65535/40657593303_923fb44f9a_b.jpg,https://www.flickr.com/photos/138571748@N07/40657593303,55.951959,-3.188286,,,,,,,,,,,,,,,
https://live.staticflickr.com/65535/47617850651_fac069fdcb_b.jpg,https://www.flickr.com/photos/26522673@N07/47617850651,48.853046,2.350108,,,,,,,,,,,,,,,
https://live.staticflickr.com/7822/33717419368_da50b66726_b.jpg,https://www.flickr.com/photos/138571748@N07/33717419368,55.953317,-3.189436,,,,,,,,,,,,,,,
https://live.staticflickr.com/7818/40619201433_35da489fee_b.jpg,https://www.flickr.com/photos/138571748@N07/40619201433,55.949987,-3.189489,,,,,,,,,,,,,,,
https://live.staticflickr.com/7815/47530965472_9073ab7ab7_b.jpg,https://www.flickr.com/photos/138571748@N07/47530965472,55.950028,-3.188567,,,,,,,,,,,,,,,
https://live.staticflickr.com/7853/47577791711_ee891aa7a9_b.jpg,https://www.flickr.com/photos/138571748@N07/47577791711,55.952144,-3.194669,,,,,,,,,,,,,,,
https://live.staticflickr.com/7886/47519693932_d2766598f6_b.jpg,https://www.flickr.com/photos/42767052@N08/47519693932,41.00871,28.968501,,,,,,,,,,,,,,,
https://live.staticflickr.com/7807/47565494661_33d9df012d_b.jpg,https://www.flickr.com/photos/52559257@N02/47565494661,53.233833,-0.542137,,,,,,,,,,,,,,,
https://live.staticflickr.com/7860/46648003675_fdd0f488db_b.jpg,https://www.flickr.com/photos/138571748@N07/46648003675,55.952144,-3.194669,,,,,,,,,,,,,,,
https://live.staticflickr.com/7897/46616391545_78d2f2d107_b.jpg,https://www.flickr.com/photos/58084041@N07/46616391545,41.618073,0.63534,,,,,,,,,,,,,,,
https://live.staticflickr.com/7847/32585673907_f8799d6de7_b.jpg,https://www.flickr.com/photos/138571748@N07/32585673907,55.950028,-3.188567,,,,,,,,,,,,,,,
https://live.staticflickr.com/7905/40562033243_91c60a61e0_b.jpg,https://www.flickr.com/photos/138571748@N07/40562033243,55.954169,-3.187366,,,,,,,,,,,,,,,
https://live.staticflickr.com/7851/33637276148_a7b0d3ff72_b.jpg,https://www.flickr.com/photos/138571748@N07/33637276148,55.951102,-3.202821,,,,,,,,,,,,,,,
https://live.staticflickr.com/7861/47451644452_0498c87753_b.jpg,https://www.flickr.com/photos/138571748@N07/47451644452,55.950003,-3.218204,,,,,,,,,,,,,,,
https://live.staticflickr.com/7802/46774101884_4b7eaa1225_b.jpg,https://www.flickr.com/photos/138571748@N07/46774101884,55.945456,-3.188759,,,,,,,,,,,,,,,
https://live.staticflickr.com/7903/46575611415_9b042d8c63_b.jpg,https://www.flickr.com/photos/138571748@N07/46575611415,55.94953,-3.191716,,,,,,,,,,,,,,,
https://live.staticflickr.com/7853/33610103228_f5f331d693_b.jpg,https://www.flickr.com/photos/138571748@N07/33610103228,55.948273,-3.192156,,,,,,,,,,,,,,,
https://live.staticflickr.com/7814/32528796407_b4cf07a16a_b.jpg,https://www.flickr.com/photos/138571748@N07/32528796407,55.952751,-3.190448,,,,,,,,,,,,,,,
https://live.staticflickr.com/7922/46555258415_43ab2f8587_b.jpg,https://www.flickr.com/photos/138571748@N07/46555258415,55.952144,-3.194669,,,,,,,,,,,,,,,
https://live.staticflickr.com/7811/47411914172_2b30d32581_b.jpg,https://www.flickr.com/photos/56218409@N03/47411914172,52.540919,13.412343,,,,,,,,,,,,,,,
https://live.staticflickr.com/7927/47457864591_9eb882c552_b.jpg,https://www.flickr.com/photos/138571748@N07/47457864591,55.9444,-3.191383,,,,,,,,,,,,,,,
https://live.staticflickr.com/7826/46732701404_679a14bc8c_b.jpg,https://www.flickr.com/photos/138571748@N07/46732701404,55.949537,-3.19187,,,,,,,,,,,,,,,
https://live.staticflickr.com/7908/32505272167_7e8d4aa5d1_b.jpg,https://www.flickr.com/photos/138571748@N07/32505272167,55.950582,-3.189182,,,,,,,,,,,,,,,
https://live.staticflickr.com/7925/32505257497_191297dfbc_b.jpg,https://www.flickr.com/photos/138571748@N07/32505257497,55.949781,-3.191055,,,,,,,,,,,,,,,
https://live.staticflickr.com/7897/40478211593_491b806edd_b.jpg,https://www.flickr.com/photos/52559257@N02/40478211593,53.224094,-0.535939,,,,,,,,,,,,,,,
https://live.staticflickr.com/7878/40474189603_20f1ac09ed_b.jpg,https://www.flickr.com/photos/138571748@N07/40474189603,55.952144,-3.194669,,,,,,,,,,,,,,,
https://live.staticflickr.com/7899/40468529393_5842396d05_b.jpg,https://www.flickr.com/photos/138571748@N07/40468529393,55.952144,-3.194669,,,,,,,,,,,,,,,
https://live.staticflickr.com/7912/47430097611_0a080dbda1_b.jpg,https://www.flickr.com/photos/138571748@N07/47430097611,55.950028,-3.188567,,,,,,,,,,,,,,,
https://live.staticflickr.com/4911/40426782183_f2f2ed508d_b.jpg,https://www.flickr.com/photos/138571748@N07/40426782183,55.950028,-3.188567,,,,,,,,,,,,,,,
https://live.staticflickr.com/7836/33481550648_55aeea63c4_b.jpg,https://www.flickr.com/photos/99001487@N04/33481550648,48.835211,2.37616,,,,,,,,,,,,,,,
https://live.staticflickr.com/7925/32373999727_eceb02886c_b.jpg,https://www.flickr.com/photos/138571748@N07/32373999727,55.951593,-3.199574,,,,,,,,,,,,,,,
https://live.staticflickr.com/7907/33412253348_2743fc5238_b.jpg,https://www.flickr.com/photos/138571748@N07/33412253348,55.951162,-3.202506,,,,,,,,,,,,,,,
https://live.staticflickr.com/7911/33395737638_a11094bef9_b.jpg,https://www.flickr.com/photos/80345530@N02/33395737638,55.67568,12.587054,,,,,,,,,,,,,,,
https://live.staticflickr.com/7804/32302731297_c6e3bc31b5_b.jpg,https://www.flickr.com/photos/138571748@N07/32302731297,55.950582,-3.189182,,,,,,,,,,,,,,,
https://live.staticflickr.com/7820/46507294914_bbe0d1f910_b.jpg,https://www.flickr.com/photos/52559257@N02/46507294914,53.234269,-0.538648,,,,,,,,,,,,,,,
https://live.staticflickr.com/7906/40251391513_ba4917769e_b.jpg,https://www.flickr.com/photos/138571748@N07/40251391513,55.950028,-3.188567,,,,,,,,,,,,,,,
https://live.staticflickr.com/7867/33340703008_82945019a3_b.jpg,https://www.flickr.com/photos/138571748@N07/33340703008,55.952144,-3.194669,,,,,,,,,,,,,,,
https://live.staticflickr.com/7913/32268487157_a3ff94c07a_b.jpg,https://www.flickr.com/photos/120418507@N03/32268487157,53.79432,-1.546701,,,,,,,,,,,,,,,
https://live.staticflickr.com/7849/33330085728_1e48dbcdc1_b.jpg,https://www.flickr.com/photos/138571748@N07/33330085728,55.945556,-3.205211,,,,,,,,,,,,,,,
https://live.staticflickr.com/7817/47147683642_fa6b626332_b.jpg,https://www.flickr.com/photos/138571748@N07/47147683642,55.950028,-3.188567,,,,,,,,,,,,,,,
https://live.staticflickr.com/7887/47195533881_1b2e29cff4_b.jpg,https://www.flickr.com/photos/138571748@N07/47195533881,55.951804,-3.191478,,,,,,,,,,,,,,,
https://live.staticflickr.com/7833/40192218283_bf6c6551f3_b.jpg,https://www.flickr.com/photos/29340218@N03/40192218283,52.375075,4.897649,,,,,,,,,,,,,,,
https://live.staticflickr.com/7903/47091742262_2e75c9c7cb_b.jpg,https://www.flickr.com/photos/138571748@N07/47091742262,55.950028,-3.188567,,,,,,,,,,,,,,,
https://live.staticflickr.com/7840/46398656424_7216eebe11_b.jpg,https://www.flickr.com/photos/138571748@N07/46398656424,55.947535,-3.196213,,,,,,,,,,,,,,,
https://live.staticflickr.com/7812/33246722268_a686115ffc_b.jpg,https://www.flickr.com/photos/138571748@N07/33246722268,55.859261,-4.25813,,,,,,,,,,,,,,,
https://live.staticflickr.com/7873/47057365202_4ba9536b74_b.jpg,https://www.flickr.com/photos/138571748@N07/47057365202,55.948688,-3.193845,,,,,,,,,,,,,,,
https://live.staticflickr.com/7915/32164454927_294f538af4_b.jpg,https://www.flickr.com/photos/120418507@N03/32164454927,53.796265,-1.545102,,,,,,,,,,,,,,,
https://live.staticflickr.com/7805/40141179933_7018a362e4_b.jpg,https://www.flickr.com/photos/10817753@N03/40141179933,38.708127,-9.15862,,,,,,,,,,,,,,,
https://live.staticflickr.com/7842/46367629444_e2dbbd3ddf_b.jpg,https://www.flickr.com/photos/138571748@N07/46367629444,55.948288,-3.190845,,,,,,,,,,,,,,,
https://live.staticflickr.com/7900/47091011641_de4bebb663_b.jpg,https://www.flickr.com/photos/138571748@N07/47091011641,55.950028,-3.188567,,,,,,,,,,,,,,,
https://live.staticflickr.com/7919/46367354694_9199df070f_b.jpg,https://www.flickr.com/photos/155589534@N03/46367354694,55.977484,37.1447,,,,,,,,,,,,,,,
https://live.staticflickr.com/7880/47028789832_f14512aa67_b.jpg,https://www.flickr.com/photos/138571748@N07/47028789832,55.948688,-3.193845,,,,,,,,,,,,,,,
https://live.staticflickr.com/7808/32129009057_258c49d3b4_b.jpg,https://www.flickr.com/photos/138571748@N07/32129009057,55.950028,-3.188567,,,,,,,,,,,,,,,
https://live.staticflickr.com/7902/47069734711_cddc71a4a5_b.jpg,https://www.flickr.com/photos/44079668@N07/47069734711,51.492459,-0.067183,,,,,,,,,,,,,,,
https://live.staticflickr.com/7865/46153924835_bbf9060139_b.jpg,https://www.flickr.com/photos/155589534@N03/46153924835,55.754155,37.662645,,,,,,,,,,,,,,,
https://live.staticflickr.com/7823/47002849742_4b89f23b03_b.jpg,https://www.flickr.com/photos/8136604@N05/47002849742,47.610638,12.185022,,,,,,,,,,,,,,,
https://live.staticflickr.com/7906/46310606504_750b05d664_b.jpg,https://www.flickr.com/photos/138571748@N07/46310606504,55.947254,-3.189314,,,,,,,,,,,,,,,
https://live.staticflickr.com/4856/46111113905_5a8ac41877_b.jpg,https://www.flickr.com/photos/138571748@N07/46111113905,55.950028,-3.188567,,,,,,,,,,,,,,,
https://live.staticflickr.com/4910/33133278518_d8dfa2e438_b.jpg,https://www.flickr.com/photos/52559257@N02/33133278518,53.225447,-0.542389,,,,,,,,,,,,,,,
https://live.staticflickr.com/7919/46092629125_326b2d288a_b.jpg,https://www.flickr.com/photos/138571748@N07/46092629125,55.948288,-3.190845,,,,,,,,,,,,,,,
https://live.staticflickr.com/7902/47003786041_c607bdf71b_b.jpg,https://www.flickr.com/photos/138571748@N07/47003786041,55.950028,-3.188567,,,,,,,,,,,,,,,
https://live.staticflickr.com/4881/32051978647_1f7ec5327c_b.jpg,https://www.flickr.com/photos/138571748@N07/32051978647,55.95148,-3.205114,,,,,,,,,,,,,,,
https://live.staticflickr.com/7819/46968770861_dedeb19b5f_b.jpg,https://www.flickr.com/photos/138571748@N07/46968770861,55.950028,-3.188567,,,,,,,,,,,,,,,
https://live.staticflickr.com/4869/46032122335_061b4fe1a5_b.jpg,https://www.flickr.com/photos/138571748@N07/46032122335,55.950991,-3.190468,,,,,,,,,,,,,,,
https://live.staticflickr.com/4899/46032095075_ab8e91a8c7_b.jpg,https://www.flickr.com/photos/138571748@N07/46032095075,55.950028,-3.188567,,,,,,,,,,,,,,,
https://live.staticflickr.com/7845/39956098983_942ae7bfa8_b.jpg,https://www.flickr.com/photos/55592968@N00/39956098983,48.197518,11.52513,,,,,,,,,,,,,,,
https://live.staticflickr.com/4862/46915055121_5b618e2081_b.jpg,https://www.flickr.com/photos/138571748@N07/46915055121,55.948688,-3.193845,,,,,,,,,,,,,,,
https://live.staticflickr.com/4874/39940157003_002d44a08a_b.jpg,https://www.flickr.com/photos/138571748@N07/39940157003,55.952221,-3.191972,,,,,,,,,,,,,,,
https://live.staticflickr.com/7909/39936295713_0d6637c1a7_b.jpg,https://www.flickr.com/photos/155589534@N03/39936295713,55.688642,37.771682,,,,,,,,,,,,,,,
https://live.staticflickr.com/7893/33015479578_b365ce223a_b.jpg,https://www.flickr.com/photos/138571748@N07/33015479578,55.952144,-3.194669,,,,,,,,,,,,,,,
https://live.staticflickr.com/7909/46828530152_6b1f912ca5_b.jpg,https://www.flickr.com/photos/52559257@N02/46828530152,53.237702,-0.544284,,,,,,,,,,,,,,,
https://live.staticflickr.com/4822/33004189258_018dd351e2_b.jpg,https://www.flickr.com/photos/138571748@N07/33004189258,55.952144,-3.194669,,,,,,,,,,,,,,,
https://live.staticflickr.com/4911/45927255505_96a130a196_b.jpg,https://www.flickr.com/photos/58084041@N07/45927255505,41.065277,1.060899,,,,,,,,,,,,,,,
https://live.staticflickr.com/4887/32964857028_11bfd7fa47_b.jpg,https://www.flickr.com/photos/20984045@N05/32964857028,53.576964,9.975886,,,,,,,,,,,,,,,
https://live.staticflickr.com/7900/31896905417_a77bb66b97_b.jpg,https://www.flickr.com/photos/138571748@N07/31896905417,55.952606,-3.201077,,,,,,,,,,,,,,,
https://live.staticflickr.com/7813/46772302302_f30eb4e4bd_b.jpg,https://www.flickr.com/photos/138571748@N07/46772302302,55.950885,-3.203684,,,,,,,,,,,,,,,
https://live.staticflickr.com/4829/39842588193_da8867302a_b.jpg,https://www.flickr.com/photos/155589534@N03/39842588193,55.688642,37.771682,,,,,,,,,,,,,,,
https://live.staticflickr.com/7815/46745993002_2bbcf65762_b.jpg,https://www.flickr.com/photos/52559257@N02/46745993002,53.324125,-0.940914,,,,,,,,,,,,,,,
https://live.staticflickr.com/898/40563366344_bf7d78e280_b.jpg,https://www.flickr.com/photos/58084041@N07/40563366344,41.064128,1.057133,,,,,,,,,,,,,,,
https://live.staticflickr.com/789/27395582128_3c04f433fd_b.jpg,https://www.flickr.com/photos/16185748@N00/27395582128,41.381606,2.163791,,,,,,,,,,,,,,,
https://live.staticflickr.com/790/41132027371_dd41703f92_b.jpg,https://www.flickr.com/photos/23445687@N02/41132027371,53.478245,-2.239676,,,,,,,,,,,,,,,
https://live.staticflickr.com/4775/39968850254_80083ac547_b.jpg,https://www.flickr.com/photos/90305666@N02/39968850254,45.479503,9.148328,,,,,,,,,,,,,,,
https://live.staticflickr.com/4746/40668883691_347b424fbe_b.jpg,https://www.flickr.com/photos/96844815@N03/40668883691,55.862127,-4.253661,,,,,,,,,,,,,,,
https://live.staticflickr.com/4656/26681696968_52e62a2b9b_b.jpg,https://www.flickr.com/photos/16185748@N00/26681696968,55.674015,12.565248,,,,,,,,,,,,,,,
https://live.staticflickr.com/4705/40473742161_6ea396ff7c_b.jpg,https://www.flickr.com/photos/75876285@N04/40473742161,47.506891,18.966063,,,,,,,,,,,,,,,
https://live.staticflickr.com/4616/39675313604_4a5031ca42_b.jpg,https://www.flickr.com/photos/58084041@N07/39675313604,41.616934,0.633044,,,,,,,,,,,,,,,
https://live.staticflickr.com/4628/40253590732_060d7973d4_b.jpg,https://www.flickr.com/photos/42394061@N05/40253590732,44.494591,11.34363,,,,,,,,,,,,,,,
https://live.staticflickr.com/4610/40235251732_ab03958b61_b.jpg,https://www.flickr.com/photos/66360003@N07/40235251732,51.48161,-0.166329,,,,,,,,,,,,,,,
https://live.staticflickr.com/4648/38440850280_d2bdb9e2bc_b.jpg,https://www.flickr.com/photos/27586438@N04/38440850280,53.19947,5.79638,,,,,,,,,,,,,,,
https://live.staticflickr.com/4650/40119822151_ae8897fbcb_b.jpg,https://www.flickr.com/photos/94542404@N02/40119822151,51.042196,13.798978,,,,,,,,,,,,,,,
https://live.staticflickr.com/4659/40103120291_aaf6ffe98d_b.jpg,https://www.flickr.com/photos/58084041@N07/40103120291,41.617624,0.617787,,,,,,,,,,,,,,,
https://live.staticflickr.com/4678/28202452829_32ff2af9df_b.jpg,https://www.flickr.com/photos/101545735@N08/28202452829,38.014253,-6.529977,,,,,,,,,,,,,,,
https://live.staticflickr.com/4761/26099613638_515d97be09_b.jpg,https://www.flickr.com/photos/16185748@N00/26099613638,55.682097,12.552351,,,,,,,,,,,,,,,
https://live.staticflickr.com/4613/26076811108_edaa790aca_b.jpg,https://www.flickr.com/photos/47716682@N07/26076811108,52.07425,-3.126296,,,,,,,,,,,,,,,
https://live.staticflickr.com/4768/38978022475_1596b9e9fc_b.jpg,https://www.flickr.com/photos/96844815@N03/38978022475,55.863403,-4.255871,,,,,,,,,,,,,,,
https://live.staticflickr.com/4629/38882300675_96bde98559_b.jpg,https://www.flickr.com/photos/96844815@N03/38882300675,55.860706,-4.253801,,,,,,,,,,,,,,,
https://live.staticflickr.com/65535/39034212354_e31804159a_b.jpg,https://www.flickr.com/photos/20984045@N05/39034212354,53.555158,9.983677,,,,,,,,,,,,,,,
https://live.staticflickr.com/4757/39707615391_2579aaa572_b.jpg,https://www.flickr.com/photos/20984045@N05/39707615391,53.553706,9.98507,,,,,,,,,,,,,,,
https://live.staticflickr.com/4725/24581488637_3491ace645_b.jpg,https://www.flickr.com/photos/16185748@N00/24581488637,55.663196,12.56263,,,,,,,,,,,,,,,
https://live.staticflickr.com/4739/27449334649_09f8f82481_b.jpg,https://www.flickr.com/photos/16185748@N00/27449334649,55.673978,12.574045,,,,,,,,,,,,,,,
https://live.staticflickr.com/4593/38338739175_2411484c5c_b.jpg,https://www.flickr.com/photos/21775664@N07/38338739175,51.513761,-0.15567,,,,,,,,,,,,,,,
https://live.staticflickr.com/4600/25201231108_9fa07d696e_b.jpg,https://www.flickr.com/photos/21775664@N07/25201231108,51.513208,-0.138884,,,,,,,,,,,,,,,
https://live.staticflickr.com/4635/38071131835_5feb4737c0_b.jpg,https://www.flickr.com/photos/142995416@N07/38071131835,48.868367,2.3232,,,,,,,,,,,,,,,
https://live.staticflickr.com/4537/25059053338_70f80d0460_b.jpg,https://www.flickr.com/photos/52559257@N02/25059053338,51.147361,-2.711939,,,,,,,,,,,,,,,
https://live.staticflickr.com/4586/38854519331_d842c84f88_b.jpg,https://www.flickr.com/photos/96844815@N03/38854519331,55.864397,-4.257448,,,,,,,,,,,,,,,
https://live.staticflickr.com/4544/24975942298_f70026b65f_b.jpg,https://www.flickr.com/photos/21775664@N07/24975942298,51.513208,-0.138884,,,,,,,,,,,,,,,
https://live.staticflickr.com/4564/24801145708_37b57b2395_b.jpg,https://www.flickr.com/photos/16185748@N00/24801145708,55.683633,12.578766,,,,,,,,,,,,,,,
https://live.staticflickr.com/4540/26828734019_1a76139d65_b.jpg,https://www.flickr.com/photos/28791544@N04/26828734019,51.531988,-0.122953,,,,,,,,,,,,,,,
https://live.staticflickr.com/4558/24652125588_07dcd9992b_b.jpg,https://www.flickr.com/photos/47716682@N07/24652125588,40.649363,14.626257,,,,,,,,,,,,,,,
https://live.staticflickr.com/4571/37577247524_2fdac57504_b.jpg,https://www.flickr.com/photos/27440475@N03/37577247524,43.321899,-1.959021,,,,,,,,,,,,,,,
https://live.staticflickr.com/4477/38010987186_36e28fb09e_b.jpg,https://www.flickr.com/photos/141773281@N04/38010987186,52.62866,1.291816,,,,,,,,,,,,,,,
https://live.staticflickr.com/4511/37328128284_0a4c7a21ea_b.jpg,https://www.flickr.com/photos/21775664@N07/37328128284,51.5071,-0.1141,,,,,,,,,,,,,,,
https://live.staticflickr.com/4476/37600729570_cfc1d7e05f_b.jpg,https://www.flickr.com/photos/96844815@N03/37600729570,55.858309,-4.255732,,,,,,,,,,,,,,,
https://live.staticflickr.com/4498/37855872001_ca247714f2_b.jpg,https://www.flickr.com/photos/94542404@N02/37855872001,51.053716,13.814513,,,,,,,,,,,,,,,
https://live.staticflickr.com/4480/37794093031_52a2fb3d36_b.jpg,https://www.flickr.com/photos/16185748@N00/37794093031,55.673652,12.581963,,,,,,,,,,,,,,,
https://live.staticflickr.com/4451/37637835801_deec265fb5_b.jpg,https://www.flickr.com/photos/141773281@N04/37637835801,52.629305,1.294927,,,,,,,,,,,,,,,
https://live.staticflickr.com/4421/37362821486_5422871669_b.jpg,https://www.flickr.com/photos/141773281@N04/37362821486,52.629305,1.294927,,,,,,,,,,,,,,,
https://live.staticflickr.com/4378/37051243110_0e454c14c7_b.jpg,https://www.flickr.com/photos/21775664@N07/37051243110,51.5071,-0.1141,,,,,,,,,,,,,,,
https://live.staticflickr.com/4479/37259870291_a56219f7f0_b.jpg,https://www.flickr.com/photos/16185748@N00/37259870291,55.680197,12.587338,,,,,,,,,,,,,,,
https://live.staticflickr.com/4440/36806792560_2bf0fb6ff4_b.jpg,https://www.flickr.com/photos/119192561@N02/36806792560,51.47617,-0.098201,,,,,,,,,,,,,,,
https://live.staticflickr.com/4389/36869391341_e97611045a_b.jpg,https://www.flickr.com/photos/93448689@N02/36869391341,51.096464,0.5351,,,,,,,,,,,,,,,
https://live.staticflickr.com/4410/36913031145_fc22a76ff3_b.jpg,https://www.flickr.com/photos/30888227@N08/36913031145,49.458735,10.851016,,,,,,,,,,,,,,,
https://live.staticflickr.com/4437/36449087161_3176ca552c_b.jpg,https://www.flickr.com/photos/156242065@N05/36449087161,53.864188,10.689707,,,,,,,,,,,,,,,
https://live.staticflickr.com/4419/36189416540_9c4c587871_b.jpg,https://www.flickr.com/photos/156242065@N05/36189416540,53.873759,10.690995,,,,,,,,,,,,,,,
https://live.staticflickr.com/4410/36189415400_5af6d285b2_b.jpg,https://www.flickr.com/photos/156242065@N05/36189415400,53.871571,10.686939,,,,,,,,,,,,,,,
https://live.staticflickr.com/4441/35776504793_8b8fd29503_b.jpg,https://www.flickr.com/photos/156242065@N05/35776504793,53.870843,10.683066,,,,,,,,,,,,,,,
https://live.staticflickr.com/4329/35414661034_5de0e0a431_b.jpg,https://www.flickr.com/photos/16185748@N00/35414661034,55.650304,12.078534,,,,,,,,,,,,,,,
https://live.staticflickr.com/4312/35179513183_9de25c2a08_b.jpg,https://www.flickr.com/photos/137348784@N04/35179513183,50.825084,4.281352,,,,,,,,,,,,,,,
https://live.staticflickr.com/4231/35794895176_87013ee354_b.jpg,https://www.flickr.com/photos/27440475@N03/35794895176,43.165185,-1.193776,,,,,,,,,,,,,,,
https://live.staticflickr.com/4290/35615581591_2b5592859d_b.jpg,https://www.flickr.com/photos/123704698@N08/35615581591,37.976497,23.725866,,,,,,,,,,,,,,,
https://live.staticflickr.com/4213/35332203242_e1ae287b68_b.jpg,https://www.flickr.com/photos/96844815@N03/35332203242,52.522808,-1.467769,,,,,,,,,,,,,,,
https://live.staticflickr.com/4213/34743616130_1913359250_b.jpg,https://www.flickr.com/photos/134751177@N08/34743616130,52.382953,4.625759,,,,,,,,,,,,,,,
https://live.staticflickr.com/4224/34788792672_ecc7310229_b.jpg,https://www.flickr.com/photos/27586438@N04/34788792672,53.199,5.797,,,,,,,,,,,,,,,
https://live.staticflickr.com/4177/34306147650_a40367f8eb_b.jpg,https://www.flickr.com/photos/60296502@N02/34306147650,41.52323,23.391244,,,,,,,,,,,,,,,
https://live.staticflickr.com/4171/33664351984_16217f71e6_b.jpg,https://www.flickr.com/photos/147324437@N06/33664351984,47.765829,9.161492,,,,,,,,,,,,,,,
https://live.staticflickr.com/2879/33640009163_ee678f86fd_b.jpg,https://www.flickr.com/photos/42394061@N05/33640009163,44.4946,11.345497,,,,,,,,,,,,,,,
https://live.staticflickr.com/4157/34394287936_dda6e8c17f_b.jpg,https://www.flickr.com/photos/141773281@N04/34394287936,52.625131,1.29159,,,,,,,,,,,,,,,
https://live.staticflickr.com/4182/34278156251_f33b8af91f_b.jpg,https://www.flickr.com/photos/37720623@N06/34278156251,38.709267,-9.142009,,,,,,,,,,,,,,,
https://live.staticflickr.com/2874/34408913525_24a2f3374c_b.jpg,https://www.flickr.com/photos/37720623@N06/34408913525,38.735276,-9.132878,,,,,,,,,,,,,,,
https://live.staticflickr.com/2864/33356191314_5fe7cbdfeb_b.jpg,https://www.flickr.com/photos/96844815@N03/33356191314,52.522677,-1.469324,,,,,,,,,,,,,,,
https://live.staticflickr.com/2806/33010001104_b24ceeb97c_b.jpg,https://www.flickr.com/photos/20984045@N05/33010001104,53.57755,9.947819,,,,,,,,,,,,,,,
https://live.staticflickr.com/3703/33842365105_cf692a30fa_b.jpg,https://www.flickr.com/photos/141773281@N04/33842365105,52.627944,1.293253,,,,,,,,,,,,,,,
https://live.staticflickr.com/2908/33620448772_5c8cb5e28c_b.jpg,https://www.flickr.com/photos/42394061@N05/33620448772,44.4938,11.343827,,,,,,,,,,,,,,,
https://live.staticflickr.com/2810/33663876315_4d85c2315d_b.jpg,https://www.flickr.com/photos/9939547@N08/33663876315,38.321373,23.790271,,,,,,,,,,,,,,,
https://live.staticflickr.com/3700/33629499445_702918c890_b.jpg,https://www.flickr.com/photos/16185748@N00/33629499445,55.676918,12.572908,,,,,,,,,,,,,,,
https://live.staticflickr.com/3840/32794810343_e7db9cc09d_b.jpg,https://www.flickr.com/photos/42394061@N05/32794810343,44.494263,11.343995,,,,,,,,,,,,,,,
https://live.staticflickr.com/3724/33369492611_1fb77b9829_b.jpg,https://www.flickr.com/photos/9201491@N03/33369492611,38.707597,-9.141763,,,,,,,,,,,,,,,
https://live.staticflickr.com/3790/32644574864_b79c2324ae_b.jpg,https://www.flickr.com/photos/141773281@N04/32644574864,51.509463,-0.127909,,,,,,,,,,,,,,,
https://live.staticflickr.com/3930/33391574365_31b7a84656_b.jpg,https://www.flickr.com/photos/137348784@N04/33391574365,50.857407,4.351154,,,,,,,,,,,,,,,
https://live.staticflickr.com/594/33184231352_d89d0238e9_b.jpg,https://www.flickr.com/photos/14838182@N00/33184231352,45.465616,9.191848,,,,,,,,,,,,,,,
https://live.staticflickr.com/742/33331669505_b31f68e149_b.jpg,https://www.flickr.com/photos/64453831@N08/33331669505,51.516481,-0.08357,,,,,,,,,,,,,,,
https://live.staticflickr.com/7896/45673817995_dd69b781e6_b.jpg,https://www.flickr.com/photos/76865418@N05/45673817995,35.894964,14.512569,,,,,,,,,,,,,,,
https://live.staticflickr.com/4874/46539641901_301e4fb0f7_b.jpg,https://www.flickr.com/photos/92686536@N00/46539641901,51.23094,2.937834,,,,,,,,,,,,,,,
https://live.staticflickr.com/7865/46461846402_21885047de_b.jpg,https://www.flickr.com/photos/46405406@N03/46461846402,54.558887,-0.790919,,,,,,,,,,,,,,,
https://live.staticflickr.com/4845/46459960822_e6eb7e6ed8_b.jpg,https://www.flickr.com/photos/116366487@N08/46459960822,52.363519,4.898346,,,,,,,,,,,,,,,
https://live.staticflickr.com/7915/46439922072_20b7688abd_b.jpg,https://www.flickr.com/photos/134751177@N08/46439922072,52.632587,4.743765,,,,,,,,,,,,,,,
https://live.staticflickr.com/7839/32614337338_2b196bf4da_b.jpg,https://www.flickr.com/photos/120418507@N03/32614337338,53.798648,-1.547055,,,,,,,,,,,,,,,
https://live.staticflickr.com/4823/46377743831_fc938bb051_b.jpg,https://www.flickr.com/photos/65380161@N04/46377743831,48.741948,37.593176,,,,,,,,,,,,,,,
https://live.staticflickr.com/4917/32440757588_75e5cf4b50_b.jpg,https://www.flickr.com/photos/133095026@N06/32440757588,48.868427,2.386446,,,,,,,,,,,,,,,
https://live.staticflickr.com/4855/46262448492_da5f29c7d7_b.jpg,https://www.flickr.com/photos/92912266@N00/46262448492,45.133738,10.024938,,,,,,,,,,,,,,,
https://live.staticflickr.com/4874/45589039614_84cc6219f7_b.jpg,https://www.flickr.com/photos/21775664@N07/45589039614,51.512,-0.123459,,,,,,,,,,,,,,,
https://live.staticflickr.com/4879/46255710942_23b2e22950_b.jpg,https://www.flickr.com/photos/65509607@N08/46255710942,55.749011,37.538373,,,,,,,,,,,,,,,
https://live.staticflickr.com/4875/46278471101_c960cfa845_b.jpg,https://www.flickr.com/photos/134751177@N08/46278471101,52.632554,4.743905,,,,,,,,,,,,,,,
https://live.staticflickr.com/4841/32376691988_607f481e42_b.jpg,https://www.flickr.com/photos/112464378@N06/32376691988,53.01021,18.603029,,,,,,,,,,,,,,,
https://live.staticflickr.com/4805/32373512688_39ba94d972_b.jpg,https://www.flickr.com/photos/134751177@N08/32373512688,52.632554,4.743905,,,,,,,,,,,,,,,
https://live.staticflickr.com/4873/45285468665_09440fda61_b.jpg,https://www.flickr.com/photos/13634925@N03/45285468665,51.598374,-0.119733,,,,,,,,,,,,,,,
https://live.staticflickr.com/4911/46127662451_3fab20e685_b.jpg,https://www.flickr.com/photos/7159073@N04/46127662451,51.520274,-0.09731,,,,,,,,,,,,,,,
https://live.staticflickr.com/65535/31147934027_aa7eb8183d_b.jpg,https://www.flickr.com/photos/48390961@N05/31147934027,41.384246,2.176891,,,,,,,,,,,,,,,
https://live.staticflickr.com/4862/46059923541_1de20438f0_b.jpg,https://www.flickr.com/photos/142042655@N08/46059923541,46.157915,-1.15335,,,,,,,,,,,,,,,
https://live.staticflickr.com/4869/32112991658_1157a49eba_b.jpg,https://www.flickr.com/photos/52382736@N00/32112991658,43.716255,13.219041,,,,,,,,,,,,,,,
https://live.staticflickr.com/4834/44152363100_122d89774e_b.jpg,https://www.flickr.com/photos/7159073@N04/44152363100,51.505139,-0.113146,,,,,,,,,,,,,,,
https://live.staticflickr.com/4835/45231004564_b12809cffa_b.jpg,https://www.flickr.com/photos/21775664@N07/45231004564,51.515422,-0.141181,,,,,,,,,,,,,,,
https://live.staticflickr.com/4809/45161046664_2e16d8866e_b.jpg,https://www.flickr.com/photos/24044636@N00/45161046664,48.789739,9.404833,,,,,,,,,,,,,,,
https://live.staticflickr.com/1910/30918193477_bedd16002b_b.jpg,https://www.flickr.com/photos/123868529@N03/30918193477,51.48952,-0.351841,,,,,,,,,,,,,,,
https://live.staticflickr.com/1970/45680708582_e2e41a044c_b.jpg,https://www.flickr.com/photos/21775664@N07/45680708582,51.515277,-0.083889,,,,,,,,,,,,,,,
https://live.staticflickr.com/4844/45677263092_307863a243_b.jpg,https://www.flickr.com/photos/26884490@N08/45677263092,42.64159,18.10726,,,,,,,,,,,,,,,
https://live.staticflickr.com/4819/44786103095_6f9bc27b8a_b.jpg,https://www.flickr.com/photos/62973218@N02/44786103095,38.693687,-9.205596,,,,,,,,,,,,,,,
https://live.staticflickr.com/1929/31670116968_e90cb81564_b.jpg,https://www.flickr.com/photos/35151564@N06/31670116968,57.651673,12.016915,,,,,,,,,,,,,,,
https://live.staticflickr.com/1959/45538166111_6f3b607287_b.jpg,https://www.flickr.com/photos/96844815@N03/45538166111,55.863223,-4.25188,,,,,,,,,,,,,,,
https://live.staticflickr.com/1956/43611813150_eff51cae98_b.jpg,https://www.flickr.com/photos/53400673@N08/43611813150,42.641055,18.110211,,,,,,,,,,,,,,,
https://live.staticflickr.com/1962/43566895550_c9d1631f6a_b.jpg,https://www.flickr.com/photos/110479925@N06/43566895550,51.513329,-0.099188,,,,,,,,,,,,,,,
https://live.staticflickr.com/1974/45312733112_4acbe6bbfa_b.jpg,https://www.flickr.com/photos/95597086@N00/45312733112,54.899069,23.931322,,,,,,,,,,,,,,,
https://live.staticflickr.com/1930/31443262768_fda335b324_b.jpg,https://www.flickr.com/photos/8211107@N06/31443262768,40.435311,-3.687736,,,,,,,,,,,,,,,
https://live.staticflickr.com/65535/45295842851_a862156647_b.jpg,https://www.flickr.com/photos/102086516@N07/45295842851,55.105502,38.756472,,,,,,,,,,,,,,,
https://live.staticflickr.com/65535/44530346784_1eb4c62eb9_b.jpg,https://www.flickr.com/photos/102086516@N07/44530346784,55.101294,38.755161,,,,,,,,,,,,,,,
https://live.staticflickr.com/65535/45179946192_6ebe02a61f_b.jpg,https://www.flickr.com/photos/102086516@N07/45179946192,55.106363,38.756613,,,,,,,,,,,,,,,
https://live.staticflickr.com/65535/44318115825_83a5a9778c_b.jpg,https://www.flickr.com/photos/102086516@N07/44318115825,55.104136,38.754508,,,,,,,,,,,,,,,
https://live.staticflickr.com/1929/31245819118_60175c1aa5_b.jpg,https://www.flickr.com/photos/90410079@N07/31245819118,41.6559,-0.877768,,,,,,,,,,,,,,,
https://live.staticflickr.com/1939/44125546195_5c4a1779a2_b.jpg,https://www.flickr.com/photos/150694648@N02/44125546195,48.6963,6.178897,,,,,,,,,,,,,,,
https://live.staticflickr.com/1978/30019164467_401d9a64a2_b.jpg,https://www.flickr.com/photos/42767052@N08/30019164467,48.874044,2.294297,,,,,,,,,,,,,,,
https://live.staticflickr.com/1924/29970801937_8108a98b36_b.jpg,https://www.flickr.com/photos/47184557@N08/29970801937,41.655631,-0.870409,,,,,,,,,,,,,,,
https://live.staticflickr.com/1947/44144282564_48604dbea3_b.jpg,https://www.flickr.com/photos/87402959@N02/44144282564,50.852897,4.355725,,,,,,,,,,,,,,,
https://live.staticflickr.com/1893/29852592127_76a66a3bc1_b.jpg,https://www.flickr.com/photos/96840254@N08/29852592127,51.920155,4.487836,,,,,,,,,,,,,,,
https://live.staticflickr.com/1888/43442514515_ed06a9cd4f_b.jpg,https://www.flickr.com/photos/94917918@N03/43442514515,48.865463,2.321698,,,,,,,,,,,,,,,
https://live.staticflickr.com/1885/42532556090_2041325551_b.jpg,https://www.flickr.com/photos/40385587@N00/42532556090,48.197811,16.37142,,,,,,,,,,,,,,,
https://live.staticflickr.com/1880/30445599538_16897b68f9_b.jpg,https://www.flickr.com/photos/135836556@N06/30445599538,51.055153,13.736622,,,,,,,,,,,,,,,
https://live.staticflickr.com/1858/44224996232_2505819d62_b.jpg,https://www.flickr.com/photos/134867221@N07/44224996232,52.514152,13.392977,,,,,,,,,,,,,,,
https://live.staticflickr.com/1850/44208690042_9edbf08f72_b.jpg,https://www.flickr.com/photos/143503546@N07/44208690042,48.207655,16.394308,,,,,,,,,,,,,,,
https://live.staticflickr.com/1873/43267132985_53f9596fb2_b.jpg,https://www.flickr.com/photos/96844815@N03/43267132985,55.864487,-4.257427,,,,,,,,,,,,,,,
https://live.staticflickr.com/1777/43109904605_6321bc60b8_b.jpg,https://www.flickr.com/photos/96844815@N03/43109904605,55.8612,-4.253897,,,,,,,,,,,,,,,
https://live.staticflickr.com/939/29038398957_c1c6315c34_b.jpg,https://www.flickr.com/photos/96844815@N03/29038398957,55.85858,-4.247256,,,,,,,,,,,,,,,
https://live.staticflickr.com/1836/43953800821_254cfb7024_b.jpg,https://www.flickr.com/photos/59238173@N07/43953800821,46.947999,7.450715,,,,,,,,,,,,,,,
https://live.staticflickr.com/1779/42090944810_55cc0d6fb9_b.jpg,https://www.flickr.com/photos/62973218@N02/42090944810,59.325048,18.070711,,,,,,,,,,,,,,,
https://live.staticflickr.com/935/43857279611_45bc243067_b.jpg,https://www.flickr.com/photos/62973218@N02/43857279611,59.325048,18.070711,,,,,,,,,,,,,,,
https://live.staticflickr.com/1776/42940712785_7c75c2b78d_b.jpg,https://www.flickr.com/photos/46424308@N03/42940712785,52.519972,13.414403,,,,,,,,,,,,,,,
https://live.staticflickr.com/924/42746814545_95276ce278_b.jpg,https://www.flickr.com/photos/152965534@N06/42746814545,59.440564,24.748549,,,,,,,,,,,,,,,
https://live.staticflickr.com/941/43628313771_ed8e08ca54_b.jpg,https://www.flickr.com/photos/62410617@N03/43628313771,35.516508,24.01738,,,,,,,,,,,,,,,
https://live.staticflickr.com/849/43594516831_714a793033_b.jpg,https://www.flickr.com/photos/158055187@N06/43594516831,52.192538,-2.225128,,,,,,,,,,,,,,,
https://live.staticflickr.com/841/43537925322_77d9bffd3f_b.jpg,https://www.flickr.com/photos/62410617@N03/43537925322,35.516577,24.017463,,,,,,,,,,,,,,,
https://live.staticflickr.com/1825/29693962068_e01de80fec_b.jpg,https://www.flickr.com/photos/135420200@N02/29693962068,46.84145,7.53402,,,,,,,,,,,,,,,
https://live.staticflickr.com/1770/28637568607_09d6ca6310_b.jpg,https://www.flickr.com/photos/32253820@N04/28637568607,42.234722,-8.715834,,,,,,,,,,,,,,,
https://live.staticflickr.com/1781/42568030175_ac0dd43ca8_b.jpg,https://www.flickr.com/photos/62410617@N03/42568030175,35.516508,24.01738,,,,,,,,,,,,,,,
https://live.staticflickr.com/838/43424500082_6d6c98d3ea_b.jpg,https://www.flickr.com/photos/102086516@N07/43424500082,55.759241,37.619436,,,,,,,,,,,,,,,
https://live.staticflickr.com/1788/42562449735_af664ede36_b.jpg,https://www.flickr.com/photos/62410617@N03/42562449735,35.516561,24.017336,,,,,,,,,,,,,,,
https://live.staticflickr.com/65535/42745603354_9497366bc5_b.jpg,https://www.flickr.com/photos/48390961@N05/42745603354,41.384528,2.177782,,,,,,,,,,,,,,,
https://live.staticflickr.com/914/42529228125_35a5763bbe_b.jpg,https://www.flickr.com/photos/33057199@N03/42529228125,52.51633,13.378355,,,,,,,,,,,,,,,
https://live.staticflickr.com/922/28546930887_2087e0c36a_b.jpg,https://www.flickr.com/photos/134867221@N07/28546930887,52.522783,13.392548,,,,,,,,,,,,,,,
https://live.staticflickr.com/1764/43369035562_1a5e054699_b.jpg,https://www.flickr.com/photos/58222120@N05/43369035562,45.759214,4.825637,,,,,,,,,,,,,,,
https://live.staticflickr.com/1766/43300940192_a4c6cbd8e4_b.jpg,https://www.flickr.com/photos/8172958@N05/43300940192,54.279263,-0.398726,,,,,,,,,,,,,,,
https://live.staticflickr.com/65535/54157678299_b806587e6e_b.jpg,https://www.flickr.com/photos/33634811@N07/54157678299,35.693151,139.699566,,,,,,,,,,,,,,,
https://live.staticflickr.com/65535/54450688008_9aef326536_b.jpg,https://www.flickr.com/photos/150517192@N05/54450688008,22.276647,114.171767,,,,,,,,,,,,,,,
https://live.staticflickr.com/65535/54437799609_a60cdba5ba_b.jpg,https://www.flickr.com/photos/150517192@N05/54437799609,22.300601,114.167754,,,,,,,,,,,,,,,
https://live.staticflickr.com/65535/54297967917_d4a947132b_b.jpg,https://www.flickr.com/photos/202193951@N02/54297967917,35.003776,135.778259,,,,,,,,,,,,,,,
https://live.staticflickr.com/65535/53724584425_9affbfa766_b.jpg,https://www.flickr.com/photos/95351092@N00/53724584425,37.567541,127.010117,,,,,,,,,,,,,,,
https://live.staticflickr.com/65535/53544049307_8509cd06b3_b.jpg,https://www.flickr.com/photos/86712386@N05/53544049307,35.694164,139.701653,,,,,,,,,,,,,,,
https://live.staticflickr.com/65535/52581132204_163887d8aa_b.jpg,https://www.flickr.com/photos/72203909@N00/52581132204,27.705434,85.305404,,,,,,,,,,,,,,,
https://live.staticflickr.com/65535/52560972117_27cbe6f8bc_b.jpg,https://www.flickr.com/photos/35669598@N04/52560972117,35.710763,139.796333,,,,,,,,,,,,,,,
https://live.staticflickr.com/65535/51544976787_36c198c790_b.jpg,https://www.flickr.com/photos/36686497@N05/51544976787,31.238471,121.486322,,,,,,,,,,,,,,,
https://live.staticflickr.com/65535/51540788834_2140892de9_b.jpg,https://www.flickr.com/photos/36686497@N05/51540788834,31.237499,121.5013,,,,,,,,,,,,,,,
https://live.staticflickr.com/65535/51499353051_0dbc817a2f_b.jpg,https://www.flickr.com/photos/20908775@N04/51499353051,10.299327,123.903994,,,,,,,,,,,,,,,
https://live.staticflickr.com/65535/50877477776_c3d4bfc5a3_b.jpg,https://www.flickr.com/photos/62356909@N05/50877477776,35.659536,139.700421,,,,,,,,,,,,,,,
https://live.staticflickr.com/65535/50059674497_39a4f3ec91_b.jpg,https://www.flickr.com/photos/36686497@N05/50059674497,15.877207,108.328156,,,,,,,,,,,,,,,
https://live.staticflickr.com/65535/50056730132_7b42683e1b_b.jpg,https://www.flickr.com/photos/36686497@N05/50056730132,15.87724,108.33119,,,,,,,,,,,,,,,
https://live.staticflickr.com/65535/49951680743_2968bb48f1_b.jpg,https://www.flickr.com/photos/8975511@N07/49951680743,34.67854,135.499577,,,,,,,,,,,,,,,
https://live.staticflickr.com/65535/49918758767_ca0300dfe8_b.jpg,https://www.flickr.com/photos/36686497@N05/49918758767,11.94402,108.435444,,,,,,,,,,,,,,,
https://live.staticflickr.com/65535/49776075438_f7c05ac2e2_b.jpg,https://www.flickr.com/photos/21775664@N07/49776075438,22.274061,114.143338,,,,,,,,,,,,,,,
https://live.staticflickr.com/65535/49771867338_e0031ee69a_b.jpg,https://www.flickr.com/photos/126043053@N08/49771867338,1.303012,103.87511,,,,,,,,,,,,,,,
https://live.staticflickr.com/65535/49767283286_e10a356f78_b.jpg,https://www.flickr.com/photos/125840100@N05/49767283286,35.670214,139.763989,,,,,,,,,,,,,,,
https://live.staticflickr.com/65535/49745245838_1250d29a0a_b.jpg,https://www.flickr.com/photos/126043053@N08/49745245838,1.284048,103.865883,,,,,,,,,,,,,,,
https://live.staticflickr.com/65535/49555961268_552a22aeb2_b.jpg,https://www.flickr.com/photos/33634811@N07/49555961268,35.666065,139.763174,,,,,,,,,,,,,,,
https://live.staticflickr.com/915/42853268014_8815041d4e_b.jpg,https://www.flickr.com/photos/59114488@N00/42853268014,22.28414,114.212523,,,,,,,,,,,,,,,
https://live.staticflickr.com/922/29691832878_f4b0ac2001_b.jpg,https://www.flickr.com/photos/140781529@N06/29691832878,23.780757,90.383546,,,,,,,,,,,,,,,
https://live.staticflickr.com/914/42640278895_f38e9cab68_b.jpg,https://www.flickr.com/photos/66801399@N00/42640278895,1.283798,103.842397,,,,,,,,,,,,,,,
https://live.staticflickr.com/1790/43438283662_558b1bdfc1_b.jpg,https://www.flickr.com/photos/21775664@N07/43438283662,22.316666,114.183333,,,,,,,,,,,,,,,
https://live.staticflickr.com/903/27015152007_1342e1fac4_b.jpg,https://www.flickr.com/photos/21775664@N07/27015152007,22.299506,114.172132,,,,,,,,,,,,,,,
https://live.staticflickr.com/969/41821959731_3df1a536e0_b.jpg,https://www.flickr.com/photos/21775664@N07/41821959731,22.298712,114.172561,,,,,,,,,,,,,,,
https://live.staticflickr.com/962/26868722867_77d00cb104_b.jpg,https://www.flickr.com/photos/21775664@N07/26868722867,22.304568,114.16799,,,,,,,,,,,,,,,
https://live.staticflickr.com/65535/40308315495_eba6c88028_b.jpg,https://www.flickr.com/photos/33554580@N00/40308315495,35.676803,139.764289,,,,,,,,,,,,,,,
https://live.staticflickr.com/4743/39793085984_d841b286ae_b.jpg,https://www.flickr.com/photos/25743613@N06/39793085984,34.669499,133.932781,,,,,,,,,,,,,,,
https://live.staticflickr.com/4589/38683440695_a11decc5f1_b.jpg,https://www.flickr.com/photos/28404293@N05/38683440695,39.911661,116.456993,,,,,,,,,,,,,,,
https://live.staticflickr.com/4471/36738236233_6fd18e4fcd_b.jpg,https://www.flickr.com/photos/52570859@N02/36738236233,35.674973,139.771714,,,,,,,,,,,,,,,
https://live.staticflickr.com/500/31427475771_d9460cd846_b.jpg,https://www.flickr.com/photos/72463300@N00/31427475771,5.41809,100.332577,,,,,,,,,,,,,,,
https://live.staticflickr.com/7473/28097622225_74fbe78714_b.jpg,https://www.flickr.com/photos/46414140@N08/28097622225,34.66874,135.49932,,,,,,,,,,,,,,,
https://live.staticflickr.com/1506/24572131075_ea446f3a86_b.jpg,https://www.flickr.com/photos/19109134@N00/24572131075,1.301477,103.851319,,,,,,,,,,,,,,,
https://live.staticflickr.com/5686/23237334913_b4cbe93728_b.jpg,https://www.flickr.com/photos/98042252@N07/23237334913,22.283239,114.153892,,,,,,,,,,,,,,,
https://live.staticflickr.com/772/23242639220_ecce4fdb8b_b.jpg,https://www.flickr.com/photos/19109134@N00/23242639220,1.302561,103.854832,,,,,,,,,,,,,,,
https://live.staticflickr.com/5808/22798698453_617c0fbe38_b.jpg,https://www.flickr.com/photos/98042252@N07/22798698453,22.283944,114.151189,,,,,,,,,,,,,,,
https://live.staticflickr.com/740/23174577616_e67b73b725_b.jpg,https://www.flickr.com/photos/98042252@N07/23174577616,22.29122,114.197119,,,,,,,,,,,,,,,
https://live.staticflickr.com/5728/22572188584_18e6453e7d_b.jpg,https://www.flickr.com/photos/98042252@N07/22572188584,22.29122,114.197119,,,,,,,,,,,,,,,
https://live.staticflickr.com/5768/21379216888_52988c4f9c_b.jpg,https://www.flickr.com/photos/31460516@N02/21379216888,35.003724,135.776896,,,,,,,,,,,,,,,
https://live.staticflickr.com/5833/21560821215_8486bd673d_b.jpg,https://www.flickr.com/photos/98042252@N07/21560821215,31.237536,121.49055,,,,,,,,,,,,,,,
https://live.staticflickr.com/618/21369111181_739de46b25_b.jpg,https://www.flickr.com/photos/47402059@N04/21369111181,36.21903,136.141866,,,,,,,,,,,,,,,
https://live.staticflickr.com/608/21182719582_8c5784bd84_b.jpg,https://www.flickr.com/photos/31460516@N02/21182719582,34.998187,135.780801,,,,,,,,,,,,,,,
https://live.staticflickr.com/502/19959201542_9b316bb1ae_b.jpg,https://www.flickr.com/photos/19109134@N00/19959201542,1.307136,103.789091,,,,,,,,,,,,,,,
https://live.staticflickr.com/441/19821067331_51cf76517a_b.jpg,https://www.flickr.com/photos/98042252@N07/19821067331,31.225087,121.490421,,,,,,,,,,,,,,,
https://live.staticflickr.com/463/19531470370_2c508f7a58_b.jpg,https://www.flickr.com/photos/19109134@N00/19531470370,1.298919,103.852066,,,,,,,,,,,,,,,
https://live.staticflickr.com/427/19203878401_644249b818_b.jpg,https://www.flickr.com/photos/59984755@N04/19203878401,35.662222,139.729542,,,,,,,,,,,,,,,
https://live.staticflickr.com/7701/16868451218_a7944f5544_b.jpg,https://www.flickr.com/photos/28404293@N05/16868451218,28.806053,113.08628,,,,,,,,,,,,,,,
https://live.staticflickr.com/3909/14453247599_dcc5a42feb_b.jpg,https://www.flickr.com/photos/59984755@N04/14453247599,35.491583,139.671733,,,,,,,,,,,,,,,
https://live.staticflickr.com/3908/14453247459_7964355c06_b.jpg,https://www.flickr.com/photos/59984755@N04/14453247459,35.666971,139.75838,,,,,,,,,,,,,,,
https://live.staticflickr.com/3845/14453204610_84cb10285d_b.jpg,https://www.flickr.com/photos/59984755@N04/14453204610,35.668296,139.75296,,,,,,,,,,,,,,,
https://live.staticflickr.com/3901/14616874606_943c27936d_b.jpg,https://www.flickr.com/photos/59984755@N04/14616874606,35.66495,139.760833,,,,,,,,,,,,,,,
https://live.staticflickr.com/3882/14637696994_8f8a3d724a_b.jpg,https://www.flickr.com/photos/59984755@N04/14637696994,35.66625,139.761666,,,,,,,,,,,,,,,
https://live.staticflickr.com/3910/14616874426_e72c0f5d1a_b.jpg,https://www.flickr.com/photos/59984755@N04/14616874426,35.894667,139.921179,,,,,,,,,,,,,,,
https://live.staticflickr.com/8517/8570053098_0987f97830_b.jpg,https://www.flickr.com/photos/58171316@N08/8570053098,22.271361,114.149522,,,,,,,,,,,,,,,
https://live.staticflickr.com/65535/54811419314_73fdbe7a4a_b.jpg,https://www.flickr.com/photos/191649086@N02/54811419314,1.284144,103.846249,,,,,,,,,,,,,,,
https://live.staticflickr.com/65535/54725055889_bfaf673775_b.jpg,https://www.flickr.com/photos/146804714@N02/54725055889,35.698821,139.776046,,,,,,,,,,,,,,,
https://live.staticflickr.com/65535/54560443128_1fa6a64752_b.jpg,https://www.flickr.com/photos/41535816@N04/54560443128,1.307055,103.851023,,,,,,,,,,,,,,,
https://live.staticflickr.com/65535/54460141275_b28a1a18a5_b.jpg,https://www.flickr.com/photos/41535816@N04/54460141275,1.288488,103.848803,,,,,,,,,,,,,,,
https://live.staticflickr.com/65535/54379910852_7669e3452b_b.jpg,https://www.flickr.com/photos/44978658@N04/54379910852,12.928704,100.885841,,,,,,,,,,,,,,,
https://live.staticflickr.com/65535/54343419715_a77b95096d_b.jpg,https://www.flickr.com/photos/201881621@N07/54343419715,28.654365,77.229938,,,,,,,,,,,,,,,
https://live.staticflickr.com/65535/54300666798_1f8d9b10bb_b.jpg,https://www.flickr.com/photos/41535816@N04/54300666798,1.28955,103.849489,,,,,,,,,,,,,,,
https://live.staticflickr.com/65535/54294925081_2de5ba8bfc_b.jpg,https://www.flickr.com/photos/33634811@N07/54294925081,35.004803,135.770242,,,,,,,,,,,,,,,
https://live.staticflickr.com/65535/52715361946_88a401cae2_b.jpg,https://www.flickr.com/photos/59238173@N07/52715361946,1.285721,103.851067,,,,,,,,,,,,,,,
https://live.staticflickr.com/65535/52711401499_294fd024d1_b.jpg,https://www.flickr.com/photos/8136604@N05/52711401499,13.731205,100.512655,,,,,,,,,,,,,,,
https://live.staticflickr.com/65535/52695438404_bf597c530c_b.jpg,https://www.flickr.com/photos/8136604@N05/52695438404,13.741733,100.498513,,,,,,,,,,,,,,,
https://live.staticflickr.com/65535/52677156464_23bec6737e_b.jpg,https://www.flickr.com/photos/25076731@N05/52677156464,1.288947,103.85488,,,,,,,,,,,,,,,
https://live.staticflickr.com/65535/52668699022_0e7ec8d37a_b.jpg,https://www.flickr.com/photos/8136604@N05/52668699022,13.754622,100.49908,,,,,,,,,,,,,,,
https://live.staticflickr.com/65535/52667700904_0452f1800c_b.jpg,https://www.flickr.com/photos/8136604@N05/52667700904,13.718841,100.514088,,,,,,,,,,,,,,,
https://live.staticflickr.com/65535/52660481247_153a61d6e1_b.jpg,https://www.flickr.com/photos/42534216@N03/52660481247,1.28511,103.85877,,,,,,,,,,,,,,,
https://live.staticflickr.com/65535/52650817646_82d3005aa9_b.jpg,https://www.flickr.com/photos/125840100@N05/52650817646,35.656084,139.698876,,,,,,,,,,,,,,,
https://live.staticflickr.com/65535/52643677528_d3fc9bfc1e_b.jpg,https://www.flickr.com/photos/60527064@N00/52643677528,34.692244,135.191531,,,,,,,,,,,,,,,
https://live.staticflickr.com/65535/52633553984_db518fb82f_b.jpg,https://www.flickr.com/photos/125840100@N05/52633553984,35.681648,139.765094,,,,,,,,,,,,,,,
https://live.staticflickr.com/65535/52627393326_bc74ab50a2_b.jpg,https://www.flickr.com/photos/8136604@N05/52627393326,13.763777,100.495747,,,,,,,,,,,,,,,
https://live.staticflickr.com/65535/52624237114_f3b2c94f9c_b.jpg,https://www.flickr.com/photos/60527064@N00/52624237114,34.703468,135.494695,,,,,,,,,,,,,,,
https://live.staticflickr.com/65535/52618745314_5f5192070a_b.jpg,https://www.flickr.com/photos/131814204@N04/52618745314,32.062644,118.790208,,,,,,,,,,,,,,,
https://live.staticflickr.com/65535/52612925677_01074f1278_b.jpg,https://www.flickr.com/photos/8136604@N05/52612925677,13.731919,100.541561,,,,,,,,,,,,,,,
https://live.staticflickr.com/65535/52598334167_28976b8983_b.jpg,https://www.flickr.com/photos/8136604@N05/52598334167,13.732097,100.514927,,,,,,,,,,,,,,,
https://live.staticflickr.com/65535/52573378574_0f2d1f1819_b.jpg,https://www.flickr.com/photos/59238173@N07/52573378574,1.275928,103.841229,,,,,,,,,,,,,,,
https://live.staticflickr.com/65535/52557556974_408e8a4142_b.jpg,https://www.flickr.com/photos/59238173@N07/52557556974,1.282396,103.864146,,,,,,,,,,,,,,,
https://live.staticflickr.com/65535/52535149833_444f4beb18_b.jpg,https://www.flickr.com/photos/60527064@N00/52535149833,34.698287,135.500993,,,,,,,,,,,,,,,
https://live.staticflickr.com/65535/52525738569_83a4c3fda6_b.jpg,https://www.flickr.com/photos/8136604@N05/52525738569,13.748399,100.498112,,,,,,,,,,,,,,,
https://live.staticflickr.com/65535/52518504539_c8d99a98bb_b.jpg,https://www.flickr.com/photos/125840100@N05/52518504539,35.681648,139.765094,,,,,,,,,,,,,,,
https://live.staticflickr.com/65535/52510719521_db5ae5b07d_b.jpg,https://www.flickr.com/photos/8136604@N05/52510719521,13.753891,100.495972,,,,,,,,,,,,,,,
https://live.staticflickr.com/65535/52508824756_e46f559a15_b.jpg,https://www.flickr.com/photos/8136604@N05/52508824756,13.74648,100.492186,,,,,,,,,,,,,,,
https://live.staticflickr.com/65535/52494941342_49856e8af8_b.jpg,https://www.flickr.com/photos/8136604@N05/52494941342,13.726513,100.50898,,,,,,,,,,,,,,,
https://live.staticflickr.com/65535/52480321513_fdc4fbfc35_b.jpg,https://www.flickr.com/photos/8136604@N05/52480321513,13.737213,100.560455,,,,,,,,,,,,,,,
https://live.staticflickr.com/65535/52472784002_ab593b288b_b.jpg,https://www.flickr.com/photos/60527064@N00/52472784002,34.625659,135.474214,,,,,,,,,,,,,,,
https://live.staticflickr.com/65535/52462923117_b0262bd310_b.jpg,https://www.flickr.com/photos/8136604@N05/52462923117,13.746616,100.490697,,,,,,,,,,,,,,,
https://live.staticflickr.com/65535/52459665648_9bcf97873c_b.jpg,https://www.flickr.com/photos/60527064@N00/52459665648,34.810958,135.495564,,,,,,,,,,,,,,,
https://live.staticflickr.com/65535/52457343753_1110dd196a_b.jpg,https://www.flickr.com/photos/60527064@N00/52457343753,34.809874,135.495157,,,,,,,,,,,,,,,
https://live.staticflickr.com/65535/52427538622_7409635ab5_b.jpg,https://www.flickr.com/photos/8136604@N05/52427538622,13.746541,100.494202,,,,,,,,,,,,,,,
https://live.staticflickr.com/65535/52428493130_4ca3b9b704_b.jpg,https://www.flickr.com/photos/8136604@N05/52428493130,13.749572,100.494011,,,,,,,,,,,,,,,
https://live.staticflickr.com/65535/52414155909_4ba24c4614_b.jpg,https://www.flickr.com/photos/8136604@N05/52414155909,13.728377,100.557938,,,,,,,,,,,,,,,
https://live.staticflickr.com/65535/52413980909_76d2184a98_b.jpg,https://www.flickr.com/photos/60527064@N00/52413980909,34.702177,135.500307,,,,,,,,,,,,,,,
https://live.staticflickr.com/65535/52411199687_9bdb95ccbe_b.jpg,https://www.flickr.com/photos/8136604@N05/52411199687,13.729711,100.558016,,,,,,,,,,,,,,,
https://live.staticflickr.com/65535/52405521924_0a00af8d3b_b.jpg,https://www.flickr.com/photos/60527064@N00/52405521924,34.703103,135.495007,,,,,,,,,,,,,,,
https://live.staticflickr.com/65535/52398329220_518c588bd5_b.jpg,https://www.flickr.com/photos/8136604@N05/52398329220,13.732469,100.557841,,,,,,,,,,,,,,,
https://live.staticflickr.com/65535/52396271503_a37d006dfe_b.jpg,https://www.flickr.com/photos/8136604@N05/52396271503,13.732141,100.558569,,,,,,,,,,,,,,,
https://live.staticflickr.com/65535/52381956653_eb676d9f7d_b.jpg,https://www.flickr.com/photos/8136604@N05/52381956653,13.732916,100.559119,,,,,,,,,,,,,,,
https://live.staticflickr.com/65535/52380780282_3b05233f37_b.jpg,https://www.flickr.com/photos/8136604@N05/52380780282,13.732352,100.558497,,,,,,,,,,,,,,,
https://live.staticflickr.com/65535/52365288938_aa99e37ceb_b.jpg,https://www.flickr.com/photos/8136604@N05/52365288938,13.751197,100.493888,,,,,,,,,,,,,,,
https://live.staticflickr.com/65535/52363316765_e96343225d_b.jpg,https://www.flickr.com/photos/8136604@N05/52363316765,13.752119,100.49633,,,,,,,,,,,,,,,
https://live.staticflickr.com/65535/52362890296_26d1cb8682_b.jpg,https://www.flickr.com/photos/8136604@N05/52362890296,13.753083,100.496075,,,,,,,,,,,,,,,
https://live.staticflickr.com/65535/52313707700_4c2e2c9661_b.jpg,https://www.flickr.com/photos/8136604@N05/52313707700,13.745177,100.496413,,,,,,,,,,,,,,,
https://live.staticflickr.com/65535/52299883109_5be186f386_b.jpg,https://www.flickr.com/photos/8136604@N05/52299883109,13.750769,100.500733,,,,,,,,,,,,,,,
https://live.staticflickr.com/65535/52284076974_1a98030a34_b.jpg,https://www.flickr.com/photos/8136604@N05/52284076974,13.756011,100.505875,,,,,,,,,,,,,,,
https://live.staticflickr.com/65535/52282821533_5a8a731168_b.jpg,https://www.flickr.com/photos/116938653@N02/52282821533,22.380027,114.190858,,,,,,,,,,,,,,,
https://live.staticflickr.com/65535/52270878853_e3d37bef9f_b.jpg,https://www.flickr.com/photos/160992566@N03/52270878853,22.2683,114.20618,,,,,,,,,,,,,,,
https://live.staticflickr.com/65535/52266294509_c38a1c3dc4_b.jpg,https://www.flickr.com/photos/8136604@N05/52266294509,13.751669,100.505236,,,,,,,,,,,,,,,
https://live.staticflickr.com/65535/52252368483_63cc32dc8d_b.jpg,https://www.flickr.com/photos/8136604@N05/52252368483,13.746877,100.503944,,,,,,,,,,,,,,,
https://live.staticflickr.com/65535/52220965998_bdf7a629be_b.jpg,https://www.flickr.com/photos/8136604@N05/52220965998,13.751452,100.487927,,,,,,,,,,,,,,,
https://live.staticflickr.com/65535/52219945762_2ed7fb929d_b.jpg,https://www.flickr.com/photos/8136604@N05/52219945762,13.74373,100.490655,,,,,,,,,,,,,,,
https://live.staticflickr.com/65535/52218961258_35c6880935_b.jpg,https://www.flickr.com/photos/8136604@N05/52218961258,13.74396,100.490537,,,,,,,,,,,,,,,
https://live.staticflickr.com/65535/52189459073_6fdd20a99d_b.jpg,https://www.flickr.com/photos/8136604@N05/52189459073,13.7405,100.494046,,,,,,,,,,,,,,,
https://live.staticflickr.com/65535/52187854865_928ef08ddd_b.jpg,https://www.flickr.com/photos/8136604@N05/52187854865,13.732235,100.511233,,,,,,,,,,,,,,,
https://live.staticflickr.com/65535/52183125209_14284bdd1c_b.jpg,https://www.flickr.com/photos/12054734@N06/52183125209,35.667078,139.771703,,,,,,,,,,,,,,,
https://live.staticflickr.com/65535/52173405475_072b383976_b.jpg,https://www.flickr.com/photos/8136604@N05/52173405475,13.725936,100.512413,,,,,,,,,,,,,,,
https://live.staticflickr.com/65535/52170748331_f90fa80e68_b.jpg,https://www.flickr.com/photos/8136604@N05/52170748331,13.730734,100.511544,,,,,,,,,,,,,,,
https://live.staticflickr.com/65535/52154660510_dc175c20f2_b.jpg,https://www.flickr.com/photos/8136604@N05/52154660510,13.718805,100.512705,,,,,,,,,,,,,,,
https://live.staticflickr.com/65535/52138353342_4f617d337e_b.jpg,https://www.flickr.com/photos/8136604@N05/52138353342,13.751783,100.487994,,,,,,,,,,,,,,,
https://live.staticflickr.com/65535/52137692350_db9788455a_b.jpg,https://www.flickr.com/photos/8136604@N05/52137692350,13.734838,100.509627,,,,,,,,,,,,,,,
https://live.staticflickr.com/65535/52122640443_9e30d68691_b.jpg,https://www.flickr.com/photos/8136604@N05/52122640443,13.744179,100.542937,,,,,,,,,,,,,,,
https://live.staticflickr.com/65535/52106108633_6ec83e3a5b_b.jpg,https://www.flickr.com/photos/8136604@N05/52106108633,13.729769,100.512058,,,,,,,,,,,,,,,
https://live.staticflickr.com/65535/52102968052_dc95201d03_b.jpg,https://www.flickr.com/photos/8136604@N05/52102968052,13.730936,100.511777,,,,,,,,,,,,,,,
https://live.staticflickr.com/65535/52103991836_ded1a35531_b.jpg,https://www.flickr.com/photos/8136604@N05/52103991836,13.745127,100.539697,,,,,,,,,,,,,,,
https://live.staticflickr.com/65535/52101158842_15d72cb65a_b.jpg,https://www.flickr.com/photos/131814204@N04/52101158842,36.065908,120.309283,,,,,,,,,,,,,,,
https://live.staticflickr.com/65535/52072747532_88b9c2f383_b.jpg,https://www.flickr.com/photos/8136604@N05/52072747532,13.739505,100.496547,,,,,,,,,,,,,,,
https://live.staticflickr.com/65535/52073784861_927f5663b1_b.jpg,https://www.flickr.com/photos/8136604@N05/52073784861,13.736541,100.507605,,,,,,,,,,,,,,,
https://live.staticflickr.com/65535/52041290329_bec518015d_b.jpg,https://www.flickr.com/photos/8136604@N05/52041290329,13.750497,100.490691,,,,,,,,,,,,,,,
https://live.staticflickr.com/65535/52023549988_7cc742159b_b.jpg,https://www.flickr.com/photos/160992566@N03/52023549988,22.29435,114.166738,,,,,,,,,,,,,,,
https://live.staticflickr.com/65535/52023290670_5b8817f5a6_b.jpg,https://www.flickr.com/photos/8136604@N05/52023290670,13.751419,100.492986,,,,,,,,,,,,,,,
https://live.staticflickr.com/65535/52007703500_e0b41d567f_b.jpg,https://www.flickr.com/photos/8136604@N05/52007703500,13.751849,100.491181,,,,,,,,,,,,,,,
https://live.staticflickr.com/65535/51993453271_1af2bab272_b.jpg,https://www.flickr.com/photos/8136604@N05/51993453271,13.738801,100.499163,,,,,,,,,,,,,,,
https://live.staticflickr.com/65535/51993997285_e47ba1082b_b.jpg,https://www.flickr.com/photos/8136604@N05/51993997285,13.740677,100.493777,,,,,,,,,,,,,,,
https://live.staticflickr.com/65535/51961441144_82417acc8e_b.jpg,https://www.flickr.com/photos/8136604@N05/51961441144,13.752666,100.493663,,,,,,,,,,,,,,,
https://live.staticflickr.com/65535/51960154237_fc6b80412d_b.jpg,https://www.flickr.com/photos/8136604@N05/51960154237,13.746716,100.494347,,,,,,,,,,,,,,,
https://live.staticflickr.com/65535/51946722668_6b15e8d0db_b.jpg,https://www.flickr.com/photos/8136604@N05/51946722668,13.753733,100.506375,,,,,,,,,,,,,,,
https://live.staticflickr.com/65535/51932770743_84fcff520c_b.jpg,https://www.flickr.com/photos/8136604@N05/51932770743,13.753822,100.50648,,,,,,,,,,,,,,,
https://live.staticflickr.com/65535/51932768703_0ce3ded339_b.jpg,https://www.flickr.com/photos/8136604@N05/51932768703,13.753238,100.506205,,,,,,,,,,,,,,,
https://live.staticflickr.com/65535/51928045203_81625d2d13_b.jpg,https://www.flickr.com/photos/96187989@N07/51928045203,1.284606,103.864574,,,,,,,,,,,,,,,
https://live.staticflickr.com/65535/51915119323_349f5d0df7_b.jpg,https://www.flickr.com/photos/131814204@N04/51915119323,32.058299,118.847699,,,,,,,,,,,,,,,
https://live.staticflickr.com/65535/51905096949_eb39fd2cf8_b.jpg,https://www.flickr.com/photos/8136604@N05/51905096949,13.747969,100.501411,,,,,,,,,,,,,,,
https://live.staticflickr.com/65535/51878627850_f325295fa4_b.jpg,https://www.flickr.com/photos/8136604@N05/51878627850,13.741091,100.494811,,,,,,,,,,,,,,,
https://live.staticflickr.com/65535/51875165792_e3eb6ec0d9_b.jpg,https://www.flickr.com/photos/8136604@N05/51875165792,13.741172,100.495608,,,,,,,,,,,,,,,
https://live.staticflickr.com/65535/51862489981_989324ffa8_b.jpg,https://www.flickr.com/photos/8136604@N05/51862489981,13.730052,100.557755,,,,,,,,,,,,,,,
https://live.staticflickr.com/65535/51862486121_f4f3b56ea3_b.jpg,https://www.flickr.com/photos/8136604@N05/51862486121,13.752194,100.4937,,,,,,,,,,,,,,,
https://live.staticflickr.com/65535/51853778098_51e4262cba_b.jpg,https://www.flickr.com/photos/160992566@N03/51853778098,13.438805,103.887105,,,,,,,,,,,,,,,
https://live.staticflickr.com/65535/50868620981_a477566af2_b.jpg,https://www.flickr.com/photos/36516246@N04/50868620981,39.825638,116.277069,,,,,,,,,,,,,,,
https://live.staticflickr.com/65535/50868718447_a26741f7cd_b.jpg,https://www.flickr.com/photos/36516246@N04/50868718447,39.939613,116.390113,,,,,,,,,,,,,,,
https://live.staticflickr.com/65535/50868620061_4a5b24632c_b.jpg,https://www.flickr.com/photos/36516246@N04/50868620061,39.934749,116.396872,,,,,,,,,,,,,,,
https://live.staticflickr.com/65535/50868524611_59f7860ec5_b.jpg,https://www.flickr.com/photos/36516246@N04/50868524611,39.870616,116.335091,,,,,,,,,,,,,,,
https://live.staticflickr.com/65535/50866024336_f856260bd1_b.jpg,https://www.flickr.com/photos/191871390@N03/50866024336,35.659497,139.700677,,,,,,,,,,,,,,,
https://live.staticflickr.com/65535/50862347476_524e33ffa5_b.jpg,https://www.flickr.com/photos/97238650@N08/50862347476,11.994611,120.205383,,,,,,,,,,,,,,,
https://live.staticflickr.com/65535/50858205618_f778147630_b.jpg,https://www.flickr.com/photos/97238650@N08/50858205618,11.995411,120.205961,,,,,,,,,,,,,,,
https://live.staticflickr.com/65535/50847468163_55481db7eb_b.jpg,https://www.flickr.com/photos/97238650@N08/50847468163,11.997608,120.2027,,,,,,,,,,,,,,,
https://live.staticflickr.com/65535/50837638852_23e1b35f25_b.jpg,https://www.flickr.com/photos/97238650@N08/50837638852,11.996352,120.203713,,,,,,,,,,,,,,,
https://live.staticflickr.com/65535/50820477786_494739b45d_b.jpg,https://www.flickr.com/photos/31676563@N05/50820477786,34.998257,135.779889,,,,,,,,,,,,,,,
https://live.staticflickr.com/65535/50813356377_3732430188_b.jpg,https://www.flickr.com/photos/31676563@N05/50813356377,34.998407,135.779417,,,,,,,,,,,,,,,
https://live.staticflickr.com/65535/50740839222_fcb3bc6c8d_b.jpg,https://www.flickr.com/photos/18023272@N00/50740839222,15.876582,108.326772,,,,,,,,,,,,,,,
https://live.staticflickr.com/65535/50737166178_0a1b2e0855_b.jpg,https://www.flickr.com/photos/18023272@N00/50737166178,15.876385,108.326472,,,,,,,,,,,,,,,
https://live.staticflickr.com/65535/50736427996_b3ce54dfd8_b.jpg,https://www.flickr.com/photos/37409770@N00/50736427996,26.875752,100.233738,,,,,,,,,,,,,,,
https://live.staticflickr.com/65535/50650765342_fae96ac922_b.jpg,https://www.flickr.com/photos/98786299@N00/50650765342,36.257653,136.905903,,,,,,,,,,,,,,,
https://live.staticflickr.com/65535/50632778503_8d6e74be36_b.jpg,https://www.flickr.com/photos/52831065@N00/50632778503,22.278888,114.193888,,,,,,,,,,,,,,,
https://live.staticflickr.com/65535/50565167116_1c2457d8e8_b.jpg,https://www.flickr.com/photos/59600577@N07/50565167116,37.535719,127.09643,,,,,,,,,,,,,,,
https://live.staticflickr.com/65535/50466349247_021859d9bf_b.jpg,https://www.flickr.com/photos/59600577@N07/50466349247,37.485236,127.175847,,,,,,,,,,,,,,,
https://live.staticflickr.com/65535/50437780056_9bf3b3ec2f_b.jpg,https://www.flickr.com/photos/52570859@N02/50437780056,35.674973,139.771714,,,,,,,,,,,,,,,
https://live.staticflickr.com/65535/50362856128_205555b48f_b.jpg,https://www.flickr.com/photos/12550754@N06/50362856128,1.280755,103.841744,,,,,,,,,,,,,,,
https://live.staticflickr.com/65535/50273713428_30f88edf42_b.jpg,https://www.flickr.com/photos/33554580@N00/50273713428,35.96611,137.811748,,,,,,,,,,,,,,,
https://live.staticflickr.com/65535/50168497061_9b90b31221_b.jpg,https://www.flickr.com/photos/19109134@N00/50168497061,1.303119,103.851742,,,,,,,,,,,,,,,
https://live.staticflickr.com/65535/50149503102_799a5c34a9_b.jpg,https://www.flickr.com/photos/133914936@N02/50149503102,28.641108,77.213641,,,,,,,,,,,,,,,
https://live.staticflickr.com/65535/50142908366_472b8ca2d4_b.jpg,https://www.flickr.com/photos/59600577@N07/50142908366,1.285277,103.870833,,,,,,,,,,,,,,,
https://live.staticflickr.com/65535/50110185371_1a66af179f_b.jpg,https://www.flickr.com/photos/36686497@N05/50110185371,10.770971,106.692481,,,,,,,,,,,,,,,
https://live.staticflickr.com/65535/50103765988_92e514c7e9_b.jpg,https://www.flickr.com/photos/36686497@N05/50103765988,10.768024,106.687599,,,,,,,,,,,,,,,
https://live.staticflickr.com/65535/50073069302_59345280f2_b.jpg,https://www.flickr.com/photos/117671697@N03/50073069302,35.249929,135.432972,,,,,,,,,,,,,,,
https://live.staticflickr.com/65535/50037799596_f23e9af749_b.jpg,https://www.flickr.com/photos/36686497@N05/50037799596,12.241852,109.189167,,,,,,,,,,,,,,,
https://live.staticflickr.com/65535/49995230961_02447d392f_b.jpg,https://www.flickr.com/photos/36686497@N05/49995230961,10.940677,108.280048,,,,,,,,,,,,,,,
https://live.staticflickr.com/65535/49986931273_5d9081a3f9_b.jpg,https://www.flickr.com/photos/64117201@N06/49986931273,35.695307,139.697632,,,,,,,,,,,,,,,
https://live.staticflickr.com/65535/49953743047_f246a03941_b.jpg,https://www.flickr.com/photos/31676563@N05/49953743047,35.689796,139.692932,,,,,,,,,,,,,,,
https://live.staticflickr.com/65535/49929520872_9c728a3402_b.jpg,https://www.flickr.com/photos/131937425@N06/49929520872,12.996802,77.669363,,,,,,,,,,,,,,,
https://live.staticflickr.com/65535/49882111367_0caa9b1565_b.jpg,https://www.flickr.com/photos/69825860@N04/49882111367,22.388583,114.201954,,,,,,,,,,,,,,,
https://live.staticflickr.com/65535/49743477541_4728710bb8_b.jpg,https://www.flickr.com/photos/36516246@N04/49743477541,39.944094,116.408579,,,,,,,,,,,,,,,
https://live.staticflickr.com/65535/49742908243_f5a79b834b_b.jpg,https://www.flickr.com/photos/36516246@N04/49742908243,39.944094,116.408579,,,,,,,,,,,,,,,
https://live.staticflickr.com/65535/49718613942_a787edd603_b.jpg,https://www.flickr.com/photos/40746115@N06/49718613942,35.030751,135.731062,,,,,,,,,,,,,,,
https://live.staticflickr.com/65535/49717345462_26108f17d2_b.jpg,https://www.flickr.com/photos/124072682@N04/49717345462,21.022842,105.837972,,,,,,,,,,,,,,,
https://live.staticflickr.com/65535/49556390491_6f19720e88_b.jpg,https://www.flickr.com/photos/31676563@N05/49556390491,34.998398,135.779675,,,,,,,,,,,,,,,
https://live.staticflickr.com/65535/49372444776_b65186d207_b.jpg,https://www.flickr.com/photos/43572791@N04/49372444776,34.967271,135.772712,,,,,,,,,,,,,,,
https://live.staticflickr.com/65535/49277641918_d96094d195_b.jpg,https://www.flickr.com/photos/55648226@N03/49277641918,35.714727,139.795147,,,,,,,,,,,,,,,
https://live.staticflickr.com/65535/49236754272_1430c10ca4_b.jpg,https://www.flickr.com/photos/36516246@N04/49236754272,39.97505,116.427179,,,,,,,,,,,,,,,
https://live.staticflickr.com/65535/49236752732_faa9408cd9_b.jpg,https://www.flickr.com/photos/36516246@N04/49236752732,39.97505,116.427179,,,,,,,,,,,,,,,
https://live.staticflickr.com/65535/49151527398_a12a1c9b80_b.jpg,https://www.flickr.com/photos/65483505@N07/49151527398,35.014677,135.794233,,,,,,,,,,,,,,,
https://live.staticflickr.com/65535/49141221171_913d76a735_b.jpg,https://www.flickr.com/photos/55648226@N03/49141221171,35.696372,139.793677,,,,,,,,,,,,,,,
https://live.staticflickr.com/65535/49128015743_017ecd7c25_b.jpg,https://www.flickr.com/photos/43572791@N04/49128015743,35.015253,135.782346,,,,,,,,,,,,,,,
https://live.staticflickr.com/65535/49105947613_6ca3e4a6b1_b.jpg,https://www.flickr.com/photos/43572791@N04/49105947613,35.017272,135.783238,,,,,,,,,,,,,,,
https://live.staticflickr.com/65535/49074151453_8c5b440026_b.jpg,https://www.flickr.com/photos/58268663@N08/49074151453,22.719704,88.351514,,,,,,,,,,,,,,,
https://live.staticflickr.com/65535/49071852508_9ff4fa701b_b.jpg,https://www.flickr.com/photos/103533263@N07/49071852508,28.632906,77.219638,,,,,,,,,,,,,,,
https://live.staticflickr.com/65535/49071852178_7f86a04c2a_b.jpg,https://www.flickr.com/photos/103533263@N07/49071852178,28.632906,77.219638,,,,,,,,,,,,,,,
https://live.staticflickr.com/65535/49019223523_9c56d9f262_b.jpg,https://www.flickr.com/photos/58268663@N08/49019223523,22.866111,88.35823,,,,,,,,,,,,,,,
https://live.staticflickr.com/65535/48879676811_72b5d15c99_b.jpg,https://www.flickr.com/photos/41622708@N00/48879676811,26.911772,70.911863,,,,,,,,,,,,,,,
https://live.staticflickr.com/65535/48871531701_d6527fca6c_b.jpg,https://www.flickr.com/photos/43572791@N04/48871531701,34.682441,135.831452,,,,,,,,,,,,,,,
https://live.staticflickr.com/65535/48842418776_b8fd6ff7d0_b.jpg,https://www.flickr.com/photos/43572791@N04/48842418776,34.687608,135.8399,,,,,,,,,,,,,,,
https://live.staticflickr.com/65535/48807207812_033e60f391_b.jpg,https://www.flickr.com/photos/43572791@N04/48807207812,35.038938,135.728888,,,,,,,,,,,,,,,
https://live.staticflickr.com/65535/48638343963_71f82af66a_b.jpg,https://www.flickr.com/photos/43572791@N04/48638343963,34.973768,135.773774,,,,,,,,,,,,,,,
https://live.staticflickr.com/65535/48614441673_7779d6a421_b.jpg,https://www.flickr.com/photos/59600577@N07/48614441673,1.288888,103.855555,,,,,,,,,,,,,,,
https://live.staticflickr.com/65535/48566947527_7fc8bf2c4b_b.jpg,https://www.flickr.com/photos/146373865@N04/48566947527,25.029963,121.576744,,,,,,,,,,,,,,,
https://live.staticflickr.com/65535/48528793521_3463e5f2c0_b.jpg,https://www.flickr.com/photos/43572791@N04/48528793521,35.713661,139.796577,,,,,,,,,,,,,,,
https://live.staticflickr.com/65535/48373243692_a46cd75414_b.jpg,https://www.flickr.com/photos/63839496@N08/48373243692,22.292952,114.169766,,,,,,,,,,,,,,,
https://live.staticflickr.com/65535/48366630601_aca40def4c_b.jpg,https://www.flickr.com/photos/43572791@N04/48366630601,34.976227,135.773147,,,,,,,,,,,,,,,
https://live.staticflickr.com/65535/48315644371_fe338fc66f_b.jpg,https://www.flickr.com/photos/74330235@N07/48315644371,16.467283,107.57879,,,,,,,,,,,,,,,
https://live.staticflickr.com/65535/48300378856_19617d5393_b.jpg,https://www.flickr.com/photos/43572791@N04/48300378856,35.656311,139.747112,,,,,,,,,,,,,,,
https://live.staticflickr.com/65535/48291278727_7030b06b0d_b.jpg,https://www.flickr.com/photos/43572791@N04/48291278727,35.003325,135.778536,,,,,,,,,,,,,,,
https://live.staticflickr.com/65535/48273296027_bf16f1f32b_b.jpg,https://www.flickr.com/photos/63839496@N08/48273296027,22.292952,114.169766,,,,,,,,,,,,,,,
https://live.staticflickr.com/65535/47977527083_b9deaaf75b_b.jpg,https://www.flickr.com/photos/96536076@N07/47977527083,34.669047,135.503036,,,,,,,,,,,,,,,
https://live.staticflickr.com/65535/47973455058_5e89013bda_b.jpg,https://www.flickr.com/photos/96536076@N07/47973455058,34.668979,135.50095,,,,,,,,,,,,,,,
https://live.staticflickr.com/65535/47963402196_64ba48537e_b.jpg,https://www.flickr.com/photos/30008272@N00/47963402196,25.307761,83.011094,,,,,,,,,,,,,,,
https://live.staticflickr.com/65535/47936165391_f391e1dabd_b.jpg,https://www.flickr.com/photos/146373865@N04/47936165391,17.02683,99.693172,,,,,,,,,,,,,,,
https://live.staticflickr.com/65535/47935171008_88cf286076_b.jpg,https://www.flickr.com/photos/146373865@N04/47935171008,17.017694,99.704708,,,,,,,,,,,,,,,
https://live.staticflickr.com/1973/45371055212_7b56d4a4bd_b.jpg,https://www.flickr.com/photos/145357557@N08/45371055212,1.282261,103.864311,,,,,,,,,,,,,,,
https://live.staticflickr.com/1912/44586769464_10dc72cdb8_b.jpg,https://www.flickr.com/photos/49503180180@N01/44586769464,31.24273,121.486644,,,,,,,,,,,,,,,
https://live.staticflickr.com/1972/30230719787_3343eb03f1_b.jpg,https://www.flickr.com/photos/59600577@N07/30230719787,22.293166,114.171222,,,,,,,,,,,,,,,
https://live.staticflickr.com/1904/43331518030_a07fc1796a_b.jpg,https://www.flickr.com/photos/67248583@N06/43331518030,22.317919,114.168136,,,,,,,,,,,,,,,
https://live.staticflickr.com/1916/44416034394_0b55088463_b.jpg,https://www.flickr.com/photos/67872093@N03/44416034394,31.249613,121.458766,,,,,,,,,,,,,,,
https://live.staticflickr.com/1909/29911466917_95a1345706_b.jpg,https://www.flickr.com/photos/15632944@N00/29911466917,35.688759,139.699219,,,,,,,,,,,,,,,
https://live.staticflickr.com/1879/30938473188_b7b6fa9135_b.jpg,https://www.flickr.com/photos/33704506@N08/30938473188,24.435169,118.082511,,,,,,,,,,,,,,,
https://live.staticflickr.com/1895/44785307741_523149a92b_b.jpg,https://www.flickr.com/photos/59238173@N07/44785307741,1.286826,103.854317,,,,,,,,,,,,,,,
https://live.staticflickr.com/1845/29805133547_305db456a4_b.jpg,https://www.flickr.com/photos/33704506@N08/29805133547,24.433138,118.100713,,,,,,,,,,,,,,,
https://live.staticflickr.com/1880/44735848891_812ddfa8da_b.jpg,https://www.flickr.com/photos/105102315@N05/44735848891,1.277183,103.864381,,,,,,,,,,,,,,,
https://live.staticflickr.com/1893/43590194565_e6f8e309f5_b.jpg,https://www.flickr.com/photos/33704506@N08/43590194565,24.44158,118.091022,,,,,,,,,,,,,,,
https://live.staticflickr.com/1885/29500966787_78fb22fefe_b.jpg,https://www.flickr.com/photos/59600577@N07/29500966787,13.767002,100.569244,,,,,,,,,,,,,,,
https://live.staticflickr.com/1872/29458219807_3e1ecd1401_b.jpg,https://www.flickr.com/photos/59600577@N07/29458219807,22.278138,114.146805,,,,,,,,,,,,,,,
https://live.staticflickr.com/1883/44279600321_d41d3effec_b.jpg,https://www.flickr.com/photos/95790832@N05/44279600321,23.107907,113.308407,,,,,,,,,,,,,,,
https://live.staticflickr.com/1820/43153527535_85a0e702e7_b.jpg,https://www.flickr.com/photos/60527064@N00/43153527535,34.705361,135.499137,,,,,,,,,,,,,,,
https://live.staticflickr.com/1834/44025658361_27ed04e94e_b.jpg,https://www.flickr.com/photos/146373865@N04/44025658361,10.768438,106.692672,,,,,,,,,,,,,,,
https://live.staticflickr.com/1798/42039348400_fb830a61c9_b.jpg,https://www.flickr.com/photos/47402059@N04/42039348400,24.935713,121.189822,,,,,,,,,,,,,,,
https://live.staticflickr.com/1840/43126979944_16dcae334d_b.jpg,https://www.flickr.com/photos/47402059@N04/43126979944,25.126252,121.737786,,,,,,,,,,,,,,,
https://live.staticflickr.com/1837/43833407741_32cc7942d4_b.jpg,https://www.flickr.com/photos/59600577@N07/43833407741,22.303416,114.160333,,,,,,,,,,,,,,,
https://live.staticflickr.com/859/43765752322_9789088e14_b.jpg,https://www.flickr.com/photos/59600577@N07/43765752322,34.998333,135.779722,,,,,,,,,,,,,,,
https://live.staticflickr.com/848/43015180614_582fcbf514_b.jpg,https://www.flickr.com/photos/47402059@N04/43015180614,25.011013,121.548663,,,,,,,,,,,,,,,
https://live.staticflickr.com/833/41733306920_9a09c919c8_b.jpg,https://www.flickr.com/photos/59600577@N07/41733306920,1.284902,103.858402,,,,,,,,,,,,,,,
https://live.staticflickr.com/922/43487246211_fa98a19c19_b.jpg,https://www.flickr.com/photos/59600577@N07/43487246211,22.282305,114.196944,,,,,,,,,,,,,,,
https://live.staticflickr.com/1803/43485612261_96c059f2a9_b.jpg,https://www.flickr.com/photos/59600577@N07/43485612261,3.169344,101.710555,,,,,,,,,,,,,,,
https://live.staticflickr.com/1781/43484065851_efdee9ebb6_b.jpg,https://www.flickr.com/photos/47167774@N08/43484065851,22.3074,114.169819,,,,,,,,,,,,,,,
https://live.staticflickr.com/1768/28465947997_8c468ff017_b.jpg,https://www.flickr.com/photos/24448805@N07/28465947997,31.21715,121.454039,,,,,,,,,,,,,,,
https://live.staticflickr.com/833/29322257398_417c6ffd72_b.jpg,https://www.flickr.com/photos/74492144@N00/29322257398,31.238905,121.498877,,,,,,,,,,,,,,,
https://live.staticflickr.com/839/42379323574_a3d7b7d966_b.jpg,https://www.flickr.com/photos/24448805@N07/42379323574,31.246819,121.488597,,,,,,,,,,,,,,,
https://live.staticflickr.com/1783/42984175882_5eb93b4823_b.jpg,https://www.flickr.com/photos/47167774@N08/42984175882,22.194508,113.540452,,,,,,,,,,,,,,,
https://live.staticflickr.com/1814/28078153287_a9d0dd49f4_b.jpg,https://www.flickr.com/photos/146373865@N04/28078153287,13.669877,100.541497,,,,,,,,,,,,,,,
https://live.staticflickr.com/1823/42034898635_e409dc2c72_b.jpg,https://www.flickr.com/photos/133095026@N06/42034898635,31.220641,121.495276,,,,,,,,,,,,,,,
https://live.staticflickr.com/1767/42200537714_a83b4bc7a3_b.jpg,https://www.flickr.com/photos/21775664@N07/42200537714,22.316666,114.183333,,,,,,,,,,,,,,,
https://live.staticflickr.com/1733/42801327512_f9fa803b0b_b.jpg,https://www.flickr.com/photos/40405706@N03/42801327512,31.239277,121.498988,,,,,,,,,,,,,,,
https://live.staticflickr.com/1734/42017432464_316701009c_b.jpg,https://www.flickr.com/photos/92534842@N04/42017432464,21.052442,105.793876,,,,,,,,,,,,,,,
https://live.staticflickr.com/1760/28759158138_28b81c6662_b.jpg,https://www.flickr.com/photos/24448805@N07/28759158138,31.240086,121.496257,,,,,,,,,,,,,,,
https://live.staticflickr.com/890/42480382051_1afafd6142_b.jpg,https://www.flickr.com/photos/47402059@N04/42480382051,25.003338,121.490088,,,,,,,,,,,,,,,
https://live.staticflickr.com/1747/42413427741_c8a02c0b35_b.jpg,https://www.flickr.com/photos/8125412@N04/42413427741,5.410678,100.338145,,,,,,,,,,,,,,,
https://live.staticflickr.com/1731/40571285640_d2180dcfe9_b.jpg,https://www.flickr.com/photos/61485851@N06/40571285640,3.155728,101.713871,,,,,,,,,,,,,,,
https://live.staticflickr.com/878/27487796697_18a39e009e_b.jpg,https://www.flickr.com/photos/61485851@N06/27487796697,3.155953,101.71253,,,,,,,,,,,,,,,
https://live.staticflickr.com/1733/27472616697_ee2f53b8c6_b.jpg,https://www.flickr.com/photos/21775664@N07/27472616697,22.316666,114.183333,,,,,,,,,,,,,,,
https://live.staticflickr.com/951/28437070478_94507a809d_b.jpg,https://www.flickr.com/photos/59600577@N07/28437070478,31.23945,121.486188,,,,,,,,,,,,,,,
https://live.staticflickr.com/905/42229811472_3b2d6a59ef_b.jpg,https://www.flickr.com/photos/59600577@N07/42229811472,31.239166,121.490833,,,,,,,,,,,,,,,
https://live.staticflickr.com/974/42176333402_e95d50cf30_b.jpg,https://www.flickr.com/photos/146373865@N04/42176333402,13.666155,100.539863,,,,,,,,,,,,,,,
https://live.staticflickr.com/964/40209715320_638504260b_b.jpg,https://www.flickr.com/photos/24448805@N07/40209715320,31.244305,121.48688,,,,,,,,,,,,,,,
https://live.staticflickr.com/65535/41817960652_e54bfd22df_b.jpg,https://www.flickr.com/photos/24448805@N07/41817960652,31.245883,121.484713,,,,,,,,,,,,,,,
https://live.staticflickr.com/826/41750347472_9a4ef20579_b.jpg,https://www.flickr.com/photos/59600577@N07/41750347472,31.239166,121.490833,,,,,,,,,,,,,,,
https://live.staticflickr.com/906/26923449777_1cf6d2ea8b_b.jpg,https://www.flickr.com/photos/125840100@N05/26923449777,35.692994,139.699423,,,,,,,,,,,,,,,
https://live.staticflickr.com/957/27885329598_5419242790_b.jpg,https://www.flickr.com/photos/59600577@N07/27885329598,10.771372,106.709625,,,,,,,,,,,,,,,
https://live.staticflickr.com/887/41335308202_a892b42554_b.jpg,https://www.flickr.com/photos/59600577@N07/41335308202,3.168436,101.710677,,,,,,,,,,,,,,,
https://live.staticflickr.com/864/27401667868_9d5a0f3143_b.jpg,https://www.flickr.com/photos/41053536@N08/27401667868,37.529017,126.968532,,,,,,,,,,,,,,,
https://live.staticflickr.com/879/39366675420_be62508b83_b.jpg,https://www.flickr.com/photos/137023967@N04/39366675420,35.716761,139.807162,,,,,,,,,,,,,,,
https://live.staticflickr.com/820/39346072130_30742c1142_b.jpg,https://www.flickr.com/photos/61485851@N06/39346072130,3.162976,101.677286,,,,,,,,,,,,,,,
https://live.staticflickr.com/893/26267406027_2c04bf1b95_b.jpg,https://www.flickr.com/photos/54953055@N02/26267406027,39.922869,116.382127,,,,,,,,,,,,,,,
https://live.staticflickr.com/815/40353411754_8d01bbd1d6_b.jpg,https://www.flickr.com/photos/59600577@N07/40353411754,3.168272,101.710819,,,,,,,,,,,,,,,
https://live.staticflickr.com/872/41047097011_5b4ef42759_b.jpg,https://www.flickr.com/photos/59644022@N08/41047097011,35.713486,139.795639,,,,,,,,,,,,,,,
https://live.staticflickr.com/797/27029448318_c99da80ea2_b.jpg,https://www.flickr.com/photos/145078281@N04/27029448318,1.28319,103.859124,,,,,,,,,,,,,,,
https://live.staticflickr.com/4775/25982830177_7b019ac696_b.jpg,https://www.flickr.com/photos/59600577@N07/25982830177,13.67163,100.541388,,,,,,,,,,,,,,,
https://live.staticflickr.com/4798/25895601457_8ed64e0330_b.jpg,https://www.flickr.com/photos/31460516@N02/25895601457,34.998354,135.779836,,,,,,,,,,,,,,,
https://live.staticflickr.com/4786/40663311172_6c57a1ae63_b.jpg,https://www.flickr.com/photos/59600577@N07/40663311172,3.153708,101.71513,,,,,,,,,,,,,,,
https://live.staticflickr.com/4702/40631173731_dbeffcf053_b.jpg,https://www.flickr.com/photos/59600577@N07/40631173731,3.168186,101.710594,,,,,,,,,,,,,,,
https://live.staticflickr.com/4603/39634579735_120b01704e_b.jpg,https://www.flickr.com/photos/47402059@N04/39634579735,35.660555,139.729444,,,,,,,,,,,,,,,
https://live.staticflickr.com/4720/38719497160_0ec5e006ec_b.jpg,https://www.flickr.com/photos/47402059@N04/38719497160,35.660555,139.729444,,,,,,,,,,,,,,,
https://live.staticflickr.com/4754/39819374194_8ebc071023_b.jpg,https://www.flickr.com/photos/47402059@N04/39819374194,35.660555,139.729444,,,,,,,,,,,,,,,
https://live.staticflickr.com/4759/39634515115_f92dd547d5_b.jpg,https://www.flickr.com/photos/47402059@N04/39634515115,35.689977,139.691708,,,,,,,,,,,,,,,
https://live.staticflickr.com/4711/26658473498_7c15b4d3c2_b.jpg,https://www.flickr.com/photos/47402059@N04/26658473498,35.689405,139.69183,,,,,,,,,,,,,,,
https://live.staticflickr.com/4616/39779691804_aae37ecf13_b.jpg,https://www.flickr.com/photos/59600577@N07/39779691804,22.303416,114.160333,,,,,,,,,,,,,,,
https://live.staticflickr.com/4714/40437973261_d4afcacbac_b.jpg,https://www.flickr.com/photos/60342453@N06/40437973261,35.660399,139.729222,,,,,,,,,,,,,,,
https://live.staticflickr.com/4608/40375735032_4b7ed739ff_b.jpg,https://www.flickr.com/photos/59600577@N07/40375735032,1.291111,103.854166,,,,,,,,,,,,,,,
https://live.staticflickr.com/4708/25465954957_597a4cb522_b.jpg,https://www.flickr.com/photos/7216222@N03/25465954957,13.745262,100.517606,,,,,,,,,,,,,,,
https://live.staticflickr.com/4748/39589748464_5a9da48279_b.jpg,https://www.flickr.com/photos/63839496@N08/39589748464,35.668711,139.706055,,,,,,,,,,,,,,,
https://live.staticflickr.com/4761/40147929712_b571230ce7_b.jpg,https://www.flickr.com/photos/61485851@N06/40147929712,3.162884,101.677297,,,,,,,,,,,,,,,
https://live.staticflickr.com/4611/39447384864_4e2521d55f_b.jpg,https://www.flickr.com/photos/47167774@N08/39447384864,22.197375,113.541013,,,,,,,,,,,,,,,
https://live.staticflickr.com/4752/40098606192_9a8f090c6d_b.jpg,https://www.flickr.com/photos/9201491@N03/40098606192,3.157656,101.711339,,,,,,,,,,,,,,,
https://live.staticflickr.com/4752/26238036678_b7407b28d3_b.jpg,https://www.flickr.com/photos/145078281@N04/26238036678,1.290739,103.851547,,,,,,,,,,,,,,,
https://live.staticflickr.com/4667/39199329444_63746d58a4_b.jpg,https://www.flickr.com/photos/7216222@N03/39199329444,13.731589,100.569555,,,,,,,,,,,,,,,
https://live.staticflickr.com/4163/34504244895_65b4377a63_b.jpg,https://www.flickr.com/photos/59600577@N07/34504244895,31.246163,121.483327,,,,,,,,,,,,,,,
https://live.staticflickr.com/2807/34059290292_aeb1baf819_b.jpg,https://www.flickr.com/photos/59600577@N07/34059290292,13.733055,100.541666,,,,,,,,,,,,,,,
https://live.staticflickr.com/3940/33986909956_6d7ab3d6db_b.jpg,https://www.flickr.com/photos/69825860@N04/33986909956,31.236527,121.503102,,,,,,,,,,,,,,,
https://live.staticflickr.com/3948/33146863074_2021c01470_b.jpg,https://www.flickr.com/photos/59600577@N07/33146863074,1.288758,103.854672,,,,,,,,,,,,,,,
https://live.staticflickr.com/2878/33976325575_b1fa71032b_b.jpg,https://www.flickr.com/photos/59600577@N07/33976325575,13.726444,100.543277,,,,,,,,,,,,,,,
https://live.staticflickr.com/2845/33457014601_6c84c53b3b_b.jpg,https://www.flickr.com/photos/34425083@N02/33457014601,35.172558,136.908244,,,,,,,,,,,,,,,
https://live.staticflickr.com/2906/33138806080_4c68545046_b.jpg,https://www.flickr.com/photos/59600577@N07/33138806080,13.719305,100.512694,,,,,,,,,,,,,,,
https://live.staticflickr.com/3917/32779899700_7e2ac8d530_b.jpg,https://www.flickr.com/photos/59600577@N07/32779899700,1.289722,103.868055,,,,,,,,,,,,,,,
https://live.staticflickr.com/710/33004235922_c96445b32b_b.jpg,https://www.flickr.com/photos/59600577@N07/33004235922,1.285277,103.870833,,,,,,,,,,,,,,,
https://live.staticflickr.com/609/32707098410_91b30b508a_b.jpg,https://www.flickr.com/photos/62796867@N04/32707098410,3.16163,101.705975,,,,,,,,,,,,,,,
https://live.staticflickr.com/3790/33053171455_40ea6e4eb5_b.jpg,https://www.flickr.com/photos/59600577@N07/33053171455,13.740555,100.5475,,,,,,,,,,,,,,,
https://live.staticflickr.com/2598/32894941782_16d0be40f2_b.jpg,https://www.flickr.com/photos/59600577@N07/32894941782,31.225555,121.464722,,,,,,,,,,,,,,,
https://live.staticflickr.com/2764/32804794821_56c6461d39_b.jpg,https://www.flickr.com/photos/59600577@N07/32804794821,34.638055,135.414722,,,,,,,,,,,,,,,
https://live.staticflickr.com/2356/32833726786_f26693ca69_b.jpg,https://www.flickr.com/photos/59600577@N07/32833726786,13.726666,100.531111,,,,,,,,,,,,,,,
https://live.staticflickr.com/503/32474212870_e9777815f7_b.jpg,https://www.flickr.com/photos/59600577@N07/32474212870,34.998333,135.779722,,,,,,,,,,,,,,,
https://live.staticflickr.com/620/31846924083_e3cbd5f4c6_b.jpg,https://www.flickr.com/photos/60527064@N00/31846924083,34.697713,135.492271,,,,,,,,,,,,,,,
https://live.staticflickr.com/274/32262770821_b868fc6182_b.jpg,https://www.flickr.com/photos/59600577@N07/32262770821,3.163888,101.734722,,,,,,,,,,,,,,,
https://live.staticflickr.com/392/32077167271_0957529a5e_b.jpg,https://www.flickr.com/photos/30957604@N06/32077167271,27.718944,85.288962,,,,,,,,,,,,,,,
https://live.staticflickr.com/622/32046973692_709e4bf838_b.jpg,https://www.flickr.com/photos/30957604@N06/32046973692,27.718944,85.288962,,,,,,,,,,,,,,,
https://live.staticflickr.com/734/32100147506_1fa7f95f27_b.jpg,https://www.flickr.com/photos/59600577@N07/32100147506,3.153611,101.713888,,,,,,,,,,,,,,,
https://live.staticflickr.com/526/31842124632_d0ab095a51_b.jpg,https://www.flickr.com/photos/60527064@N00/31842124632,34.699645,135.497206,,,,,,,,,,,,,,,
https://live.staticflickr.com/352/31835912085_819de21d4b_b.jpg,https://www.flickr.com/photos/8136604@N05/31835912085,1.286075,103.852,,,,,,,,,,,,,,,
https://live.staticflickr.com/414/30942559024_88d512380e_b.jpg,https://www.flickr.com/photos/8136604@N05/30942559024,1.285764,103.851377,,,,,,,,,,,,,,,
https://live.staticflickr.com/528/31303034630_ba78cc220a_b.jpg,https://www.flickr.com/photos/59600577@N07/31303034630,3.154166,101.714722,,,,,,,,,,,,,,,
https://live.staticflickr.com/573/30833086094_52a27b622f_b.jpg,https://www.flickr.com/photos/60527064@N00/30833086094,34.699195,135.497324,,,,,,,,,,,,,,,
https://live.staticflickr.com/667/30804409763_2d37de63be_b.jpg,https://www.flickr.com/photos/59600577@N07/30804409763,22.277777,114.142777,,,,,,,,,,,,,,,
https://live.staticflickr.com/5678/30996320630_21b755c7bb_b.jpg,https://www.flickr.com/photos/74492144@N00/30996320630,31.819203,117.206965,,,,,,,,,,,,,,,
https://live.staticflickr.com/5460/31271852536_b50d3fd3a9_b.jpg,https://www.flickr.com/photos/74492144@N00/31271852536,31.241036,121.486116,,,,,,,,,,,,,,,
https://live.staticflickr.com/5628/31250283226_789e7c0b48_b.jpg,https://www.flickr.com/photos/59600577@N07/31250283226,13.714444,100.556944,,,,,,,,,,,,,,,
https://live.staticflickr.com/5692/31124726672_7eeb081e3a_b.jpg,https://www.flickr.com/photos/23380867@N06/31124726672,22.285383,114.156188,,,,,,,,,,,,,,,
https://live.staticflickr.com/5590/30920228772_cd6a01e29b_b.jpg,https://www.flickr.com/photos/63830461@N02/30920228772,35.683426,139.763882,,,,,,,,,,,,,,,
https://live.staticflickr.com/5571/30181181350_b4e00caa63_b.jpg,https://www.flickr.com/photos/59600577@N07/30181181350,35.656388,139.756666,,,,,,,,,,,,,,,
https://live.staticflickr.com/5688/30400527065_125de1d8b9_b.jpg,https://www.flickr.com/photos/59600577@N07/30400527065,31.238502,121.485494,,,,,,,,,,,,,,,
https://live.staticflickr.com/5345/29755721464_66dfda5f65_b.jpg,https://www.flickr.com/photos/44319079@N06/29755721464,25.025247,121.587679,,,,,,,,,,,,,,,
https://live.staticflickr.com/8642/29695350013_172b1a6fdc_b.jpg,https://www.flickr.com/photos/59984889@N00/29695350013,35.666536,139.749944,,,,,,,,,,,,,,,
https://live.staticflickr.com/5600/30212407351_1962d5fc03_b.jpg,https://www.flickr.com/photos/23380867@N06/30212407351,22.332054,114.219338,,,,,,,,,,,,,,,
https://live.staticflickr.com/5557/30176885216_5d9edaf8f5_b.jpg,https://www.flickr.com/photos/23380867@N06/30176885216,22.332054,114.219338,,,,,,,,,,,,,,,
https://live.staticflickr.com/5044/29561889934_09e617606f_b.jpg,https://www.flickr.com/photos/36438834@N03/29561889934,3.156467,101.705317,,,,,,,,,,,,,,,
https://live.staticflickr.com/8280/29552011943_bc8286b066_b.jpg,https://www.flickr.com/photos/59600577@N07/29552011943,31.243472,121.4868,,,,,,,,,,,,,,,
https://live.staticflickr.com/8264/29728104715_aea4f86c05_b.jpg,https://www.flickr.com/photos/59600577@N07/29728104715,34.998333,135.779722,,,,,,,,,,,,,,,
https://live.staticflickr.com/8473/29520185862_1d4da7bc16_b.jpg,https://www.flickr.com/photos/59600577@N07/29520185862,3.179444,101.705277,,,,,,,,,,,,,,,
https://live.staticflickr.com/8477/29226840280_8be2b58ae9_b.jpg,https://www.flickr.com/photos/59600577@N07/29226840280,13.667777,100.539999,,,,,,,,,,,,,,,
https://live.staticflickr.com/8565/29202866450_6879fc46bc_b.jpg,https://www.flickr.com/photos/59600577@N07/29202866450,3.148111,101.692864,,,,,,,,,,,,,,,
https://live.staticflickr.com/8324/28827272473_f8819596eb_b.jpg,https://www.flickr.com/photos/59600577@N07/28827272473,22.279722,114.165277,,,,,,,,,,,,,,,
https://live.staticflickr.com/8309/29311919152_07290c1625_b.jpg,https://www.flickr.com/photos/59600577@N07/29311919152,31.246163,121.483327,,,,,,,,,,,,,,,
https://live.staticflickr.com/8541/28758616944_4238908e10_b.jpg,https://www.flickr.com/photos/44319079@N06/28758616944,25.033651,121.521438,,,,,,,,,,,,,,,
https://live.staticflickr.com/8485/29330120905_7e47f532eb_b.jpg,https://www.flickr.com/photos/59600577@N07/29330120905,13.716944,100.514444,,,,,,,,,,,,,,,
https://live.staticflickr.com/8546/29197239661_1191c2a285_b.jpg,https://www.flickr.com/photos/59600577@N07/29197239661,13.726666,100.531111,,,,,,,,,,,,,,,
https://live.staticflickr.com/8277/28578959444_57577ae4a3_b.jpg,https://www.flickr.com/photos/67872093@N03/28578959444,31.242223,121.505473,,,,,,,,,,,,,,,
https://live.staticflickr.com/8234/28580988053_4104341852_b.jpg,https://www.flickr.com/photos/67872093@N03/28580988053,31.242223,121.505473,,,,,,,,,,,,,,,
https://live.staticflickr.com/8257/29053289161_3908415071_b.jpg,https://www.flickr.com/photos/15005196@N07/29053289161,13.759758,100.544997,,,,,,,,,,,,,,,
https://live.staticflickr.com/8597/28858944282_14c5dc88ab_b.jpg,https://www.flickr.com/photos/59600577@N07/28858944282,3.179444,101.705277,,,,,,,,,,,,,,,
https://live.staticflickr.com/8708/28663341020_bc3c3e7ca4_b.jpg,https://www.flickr.com/photos/59600577@N07/28663341020,3.161388,101.706111,,,,,,,,,,,,,,,
https://live.staticflickr.com/7591/28609109850_e150357159_b.jpg,https://www.flickr.com/photos/15005196@N07/28609109850,25.025742,121.586323,,,,,,,,,,,,,,,
https://live.staticflickr.com/7667/28727453266_943981ee5f_b.jpg,https://www.flickr.com/photos/59600577@N07/28727453266,31.240555,121.503333,,,,,,,,,,,,,,,
https://live.staticflickr.com/8834/28648266422_18cfe38f2e_b.jpg,https://www.flickr.com/photos/54250072@N06/28648266422,24.167379,120.638895,,,,,,,,,,,,,,,
https://live.staticflickr.com/8865/28125940703_1945553e5f_b.jpg,https://www.flickr.com/photos/54250072@N06/28125940703,24.167379,120.638895,,,,,,,,,,,,,,,
https://live.staticflickr.com/8411/28565627942_0a14cfafb6_b.jpg,https://www.flickr.com/photos/36438834@N03/28565627942,22.321044,114.170216,,,,,,,,,,,,,,,
https://live.staticflickr.com/8138/28647828615_ee7e8726cb_b.jpg,https://www.flickr.com/photos/59600577@N07/28647828615,31.225555,121.464722,,,,,,,,,,,,,,,
https://live.staticflickr.com/8740/28027923324_63b53a2c14_b.jpg,https://www.flickr.com/photos/59600577@N07/28027923324,31.240086,121.486191,,,,,,,,,,,,,,,
https://live.staticflickr.com/8577/28565766241_209f11dba4_b.jpg,https://www.flickr.com/photos/59600577@N07/28565766241,31.241297,121.486272,,,,,,,,,,,,,,,
https://live.staticflickr.com/8794/27945376084_a2d53fdd95_b.jpg,https://www.flickr.com/photos/59600577@N07/27945376084,31.239905,121.503533,,,,,,,,,,,,,,,
https://live.staticflickr.com/7546/27829824244_ee00b996b8_b.jpg,https://www.flickr.com/photos/59600577@N07/27829824244,31.225616,121.464719,,,,,,,,,,,,,,,
https://live.staticflickr.com/7293/27714833360_0eb3b79025_b.jpg,https://www.flickr.com/photos/10822989@N03/27714833360,22.33389,114.163784,,,,,,,,,,,,,,,
https://live.staticflickr.com/7442/27955830565_4891e8925f_b.jpg,https://www.flickr.com/photos/10822989@N03/27955830565,22.334595,114.164031,,,,,,,,,,,,,,,
https://live.staticflickr.com/7572/27592238800_c594a4653a_b.jpg,https://www.flickr.com/photos/59600577@N07/27592238800,3.152777,101.704166,,,,,,,,,,,,,,,
https://live.staticflickr.com/7170/27441963151_5b15ce5069_b.jpg,https://www.flickr.com/photos/59600577@N07/27441963151,1.287777,103.860555,,,,,,,,,,,,,,,
https://live.staticflickr.com/7293/27474907725_c6f6fa0121_b.jpg,https://www.flickr.com/photos/59600577@N07/27474907725,22.293055,114.169722,,,,,,,,,,,,,,,
https://live.staticflickr.com/7315/27446913185_116c9c93bb_b.jpg,https://www.flickr.com/photos/59600577@N07/27446913185,1.286875,103.854452,,,,,,,,,,,,,,,
https://live.staticflickr.com/7590/27069872376_003a7410cc_b.jpg,https://www.flickr.com/photos/59600577@N07/27069872376,3.163888,101.734722,,,,,,,,,,,,,,,
https://live.staticflickr.com/7532/26993678682_d18d05ce0b_b.jpg,https://www.flickr.com/photos/134324668@N05/26993678682,13.746169,100.530846,,,,,,,,,,,,,,,
https://live.staticflickr.com/7196/26900985201_f261ca04c6_b.jpg,https://www.flickr.com/photos/61301419@N00/26900985201,25.033126,121.559493,,,,,,,,,,,,,,,
https://live.staticflickr.com/7613/26327015503_5329755905_b.jpg,https://www.flickr.com/photos/59600577@N07/26327015503,1.288888,103.856944,,,,,,,,,,,,,,,
https://live.staticflickr.com/1606/26696216061_921b7aebb9_b.jpg,https://www.flickr.com/photos/59600577@N07/26696216061,3.161388,101.706111,,,,,,,,,,,,,,,
https://live.staticflickr.com/1716/26653145232_33ebc87fb5_b.jpg,https://www.flickr.com/photos/34968588@N04/26653145232,28.466955,77.086279,,,,,,,,,,,,,,,
https://live.staticflickr.com/1554/26493351492_2aa9430f35_b.jpg,https://www.flickr.com/photos/59600577@N07/26493351492,22.293055,114.169722,,,,,,,,,,,,,,,
https://live.staticflickr.com/1495/26441304742_528689004b_b.jpg,https://www.flickr.com/photos/59600577@N07/26441304742,3.164166,101.692777,,,,,,,,,,,,,,,
https://live.staticflickr.com/1585/26533421075_153ef05151_b.jpg,https://www.flickr.com/photos/59600577@N07/26533421075,3.161388,101.706111,,,,,,,,,,,,,,,
https://live.staticflickr.com/65535/48933317593_cceb22f2d4_b.jpg,https://www.flickr.com/photos/12547546@N00/48933317593,1.283727,103.849388,,,,,,,,,,,,,,,
https://live.staticflickr.com/65535/48910610488_013f25bcdb_b.jpg,https://www.flickr.com/photos/60527064@N00/48910610488,35.665371,139.730461,,,,,,,,,,,,,,,
https://live.staticflickr.com/65535/48879929292_b73a38e03f_b.jpg,https://www.flickr.com/photos/41622708@N00/48879929292,26.294066,73.016525,,,,,,,,,,,,,,,
https://live.staticflickr.com/65535/48879717336_f6f208e40f_b.jpg,https://www.flickr.com/photos/41622708@N00/48879717336,26.925927,75.825544,,,,,,,,,,,,,,,
https://live.staticflickr.com/65535/48811600306_243690a3a6_b.jpg,https://www.flickr.com/photos/62505979@N07/48811600306,35.656841,139.703894,,,,,,,,,,,,,,,
https://live.staticflickr.com/65535/48791215888_820446954f_b.jpg,https://www.flickr.com/photos/131814204@N04/48791215888,29.562505,106.577705,,,,,,,,,,,,,,,
https://live.staticflickr.com/65535/48775456042_0ff282d62c_b.jpg,https://www.flickr.com/photos/145357557@N08/48775456042,1.295049,103.8521,,,,,,,,,,,,,,,
https://live.staticflickr.com/65535/48655028617_6a35b218b3_b.jpg,https://www.flickr.com/photos/135638490@N03/48655028617,35.709124,139.808635,,,,,,,,,,,,,,,
https://live.staticflickr.com/65535/48646414413_d4db00cc28_b.jpg,https://www.flickr.com/photos/145357557@N08/48646414413,1.283438,103.860719,,,,,,,,,,,,,,,
https://live.staticflickr.com/65535/48590741677_6c82747739_b.jpg,https://www.flickr.com/photos/145357557@N08/48590741677,1.292211,103.852197,,,,,,,,,,,,,,,
https://live.staticflickr.com/65535/48573934032_8b1c9ac7b2_b.jpg,https://www.flickr.com/photos/145357557@N08/48573934032,1.284613,103.865983,,,,,,,,,,,,,,,
https://live.staticflickr.com/65535/48572576866_f3b3b885c4_b.jpg,https://www.flickr.com/photos/131814204@N04/48572576866,39.942527,116.391794,,,,,,,,,,,,,,,
https://live.staticflickr.com/65535/48548835602_3fd3e1b2e7_b.jpg,https://www.flickr.com/photos/131814204@N04/48548835602,39.942591,116.39273,,,,,,,,,,,,,,,
https://live.staticflickr.com/65535/48541500812_9a8e81045a_b.jpg,https://www.flickr.com/photos/131814204@N04/48541500812,39.942563,116.39328,,,,,,,,,,,,,,,
https://live.staticflickr.com/65535/48517241177_751cd6a40f_b.jpg,https://www.flickr.com/photos/131814204@N04/48517241177,39.946311,116.397997,,,,,,,,,,,,,,,
https://live.staticflickr.com/65535/48493223382_5c498db94b_b.jpg,https://www.flickr.com/photos/131814204@N04/48493223382,39.946083,116.397102,,,,,,,,,,,,,,,
https://live.staticflickr.com/65535/48485483021_52431ee70b_b.jpg,https://www.flickr.com/photos/131814204@N04/48485483021,39.946755,116.396552,,,,,,,,,,,,,,,
https://live.staticflickr.com/65535/48479986721_8dd9a2632c_b.jpg,https://www.flickr.com/photos/145357557@N08/48479986721,1.303861,103.836336,,,,,,,,,,,,,,,
https://live.staticflickr.com/65535/48477888296_9559f67c2e_b.jpg,https://www.flickr.com/photos/131814204@N04/48477888296,39.946311,116.393094,,,,,,,,,,,,,,,
https://live.staticflickr.com/65535/48469844477_3dae3d364e_b.jpg,https://www.flickr.com/photos/131814204@N04/48469844477,39.946105,116.391538,,,,,,,,,,,,,,,
https://live.staticflickr.com/65535/48333588996_6bd3439607_b.jpg,https://www.flickr.com/photos/8136604@N05/48333588996,1.306513,103.851752,,,,,,,,,,,,,,,
https://live.staticflickr.com/65535/48293820377_c96f03360c_b.jpg,https://www.flickr.com/photos/127449591@N07/48293820377,36.703847,137.214372,,,,,,,,,,,,,,,
https://live.staticflickr.com/65535/48285520806_2bab16c074_b.jpg,https://www.flickr.com/photos/77031487@N03/48285520806,35.005835,135.773124,,,,,,,,,,,,,,,
https://live.staticflickr.com/65535/48268650101_9cdb1982eb_b.jpg,https://www.flickr.com/photos/8136604@N05/48268650101,1.282427,103.847952,,,,,,,,,,,,,,,
https://live.staticflickr.com/65535/48216785976_39afbe5ed4_b.jpg,https://www.flickr.com/photos/8136604@N05/48216785976,1.307022,103.851961,,,,,,,,,,,,,,,
https://live.staticflickr.com/65535/48216782321_b5cf3eb93c_b.jpg,https://www.flickr.com/photos/8136604@N05/48216782321,1.303136,103.859127,,,,,,,,,,,,,,,
https://live.staticflickr.com/65535/48162629971_2f9358318c_b.jpg,https://www.flickr.com/photos/145357557@N08/48162629971,1.290066,103.867891,,,,,,,,,,,,,,,
https://live.staticflickr.com/65535/48148154867_e1b50e7fbb_b.jpg,https://www.flickr.com/photos/8136604@N05/48148154867,1.268016,103.81903,,,,,,,,,,,,,,,
https://live.staticflickr.com/65535/48144249057_5c2ed445fb_b.jpg,https://www.flickr.com/photos/49457129@N05/48144249057,22.284529,114.212493,,,,,,,,,,,,,,,
https://live.staticflickr.com/65535/48103068253_675089b0d7_b.jpg,https://www.flickr.com/photos/95790832@N05/48103068253,25.033136,121.559225,,,,,,,,,,,,,,,
https://live.staticflickr.com/65535/48069964372_5bcb4af559_b.jpg,https://www.flickr.com/photos/8136604@N05/48069964372,1.280538,103.84768,,,,,,,,,,,,,,,
https://live.staticflickr.com/65535/48049608047_ce28b25114_b.jpg,https://www.flickr.com/photos/145357557@N08/48049608047,1.283438,103.860719,,,,,,,,,,,,,,,
https://live.staticflickr.com/65535/48042185081_4c7c9af12d_b.jpg,https://www.flickr.com/photos/145357557@N08/48042185081,1.332147,103.722658,,,,,,,,,,,,,,,
https://live.staticflickr.com/65535/48030651218_43c8c69546_b.jpg,https://www.flickr.com/photos/146373865@N04/48030651218,22.279611,114.149422,,,,,,,,,,,,,,,
https://live.staticflickr.com/65535/48029675747_64bf05c986_b.jpg,https://www.flickr.com/photos/145357557@N08/48029675747,1.298836,103.789608,,,,,,,,,,,,,,,
https://live.staticflickr.com/65535/48027277082_04f3fa4ba6_b.jpg,https://www.flickr.com/photos/8136604@N05/48027277082,1.280894,103.871666,,,,,,,,,,,,,,,
https://live.staticflickr.com/65535/48027205123_5c55c2b119_b.jpg,https://www.flickr.com/photos/8136604@N05/48027205123,1.301991,103.858425,,,,,,,,,,,,,,,
https://live.staticflickr.com/65535/48024428551_af0885f320_b.jpg,https://www.flickr.com/photos/124982286@N08/48024428551,34.694371,135.194749,,,,,,,,,,,,,,,
https://live.staticflickr.com/65535/47841254331_5bfee53f3c_b.jpg,https://www.flickr.com/photos/146373865@N04/47841254331,1.294852,103.858852,,,,,,,,,,,,,,,
https://live.staticflickr.com/65535/47728865282_7885ca5e76_b.jpg,https://www.flickr.com/photos/146373865@N04/47728865282,13.716538,100.516011,,,,,,,,,,,,,,,
https://live.staticflickr.com/65535/32837381997_ee7edf8388_b.jpg,https://www.flickr.com/photos/146373865@N04/32837381997,13.716538,100.516011,,,,,,,,,,,,,,,
https://live.staticflickr.com/65535/40809458893_48a43ed001_b.jpg,https://www.flickr.com/photos/8136604@N05/40809458893,1.302288,103.85945,,,,,,,,,,,,,,,
https://live.staticflickr.com/65535/40790305143_8898a6e224_b.jpg,https://www.flickr.com/photos/146373865@N04/40790305143,13.716538,100.516011,,,,,,,,,,,,,,,
https://live.staticflickr.com/65535/47714443601_786f65035e_b.jpg,https://www.flickr.com/photos/49457129@N05/47714443601,22.326368,114.163473,,,,,,,,,,,,,,,
https://live.staticflickr.com/7907/46854546604_68f8160d8b_b.jpg,https://www.flickr.com/photos/132839688@N08/46854546604,35.661192,139.730333,,,,,,,,,,,,,,,
https://live.staticflickr.com/7803/33668853288_17b2d5c337_b.jpg,https://www.flickr.com/photos/59600577@N07/33668853288,37.535691,127.096386,,,,,,,,,,,,,,,
https://live.staticflickr.com/65535/40574842473_fc4896f0cb_b.jpg,https://www.flickr.com/photos/33554580@N00/40574842473,36.141496,137.259879,,,,,,,,,,,,,,,
https://live.staticflickr.com/7862/40536908203_1ebf5b08f7_b.jpg,https://www.flickr.com/photos/8136604@N05/40536908203,1.286558,103.844726,,,,,,,,,,,,,,,
https://live.staticflickr.com/7861/46754657884_b3d7415942_b.jpg,https://www.flickr.com/photos/69825860@N04/46754657884,22.386252,114.202741,,,,,,,,,,,,,,,
https://live.staticflickr.com/7890/46554469555_aa9c8eae7a_b.jpg,https://www.flickr.com/photos/146373865@N04/46554469555,22.279961,114.145213,,,,,,,,,,,,,,,
https://live.staticflickr.com/65535/47454275591_9b157cedff_b.jpg,https://www.flickr.com/photos/33554580@N00/47454275591,36.141531,137.259857,,,,,,,,,,,,,,,
https://live.staticflickr.com/7866/47356953351_6801734621_b.jpg,https://www.flickr.com/photos/59600577@N07/47356953351,1.291111,103.854166,,,,,,,,,,,,,,,
https://live.staticflickr.com/7882/46417507075_3af3af7d76_b.jpg,https://www.flickr.com/photos/8136604@N05/46417507075,13.732327,100.557761,,,,,,,,,,,,,,,
https://live.staticflickr.com/7909/40175049903_5a5fe31bdf_b.jpg,https://www.flickr.com/photos/48762421@N00/40175049903,35.713743,139.795055,,,,,,,,,,,,,,,
https://live.staticflickr.com/7850/46383394104_2a755f38d1_b.jpg,https://www.flickr.com/photos/33057199@N03/46383394104,40.829041,140.736077,,,,,,,,,,,,,,,
https://live.staticflickr.com/7828/46184158555_2f22d25e31_b.jpg,https://www.flickr.com/photos/59600577@N07/46184158555,22.293083,114.170555,,,,,,,,,,,,,,,
https://live.staticflickr.com/65535/47017233242_d5029c6e96_b.jpg,https://www.flickr.com/photos/33554580@N00/47017233242,36.141392,137.259471,,,,,,,,,,,,,,,
https://live.staticflickr.com/65535/47057766381_fd4bfe8906_b.jpg,https://www.flickr.com/photos/33554580@N00/47057766381,36.141392,137.259471,,,,,,,,,,,,,,,
https://live.staticflickr.com/7862/47003589332_2a3bfca828_b.jpg,https://www.flickr.com/photos/125840100@N05/47003589332,35.682746,139.68702,,,,,,,,,,,,,,,
https://live.staticflickr.com/7826/47000192871_e7df2fddc1_b.jpg,https://www.flickr.com/photos/41535816@N04/47000192871,19.824451,99.762618,,,,,,,,,,,,,,,
https://live.staticflickr.com/4887/46915317521_33442d5673_b.jpg,https://www.flickr.com/photos/132839688@N08/46915317521,35.659109,139.700807,,,,,,,,,,,,,,,
https://live.staticflickr.com/4899/31886764267_1183d070ab_b.jpg,https://www.flickr.com/photos/140781529@N06/31886764267,23.750582,90.375564,,,,,,,,,,,,,,,
https://live.staticflickr.com/4864/46799538091_e93139e61b_b.jpg,https://www.flickr.com/photos/69825860@N04/46799538091,34.988198,135.758963,,,,,,,,,,,,,,,
https://live.staticflickr.com/7874/31838939197_586a8bab43_b.jpg,https://www.flickr.com/photos/79338683@N05/31838939197,22.285304,114.158838,,,,,,,,,,,,,,,
https://live.staticflickr.com/4906/46755070521_a739a5beee_b.jpg,https://www.flickr.com/photos/59238173@N07/46755070521,31.233747,121.471152,,,,,,,,,,,,,,,
https://live.staticflickr.com/4796/40065991634_c78c2970cf_b.jpg,https://www.flickr.com/photos/124547984@N02/40065991634,13.743133,100.508994,,,,,,,,,,,,,,,
https://live.staticflickr.com/4785/40707246151_2f810b427d_b.jpg,https://www.flickr.com/photos/21775664@N07/40707246151,35.683333,139.683333,,,,,,,,,,,,,,,
https://live.staticflickr.com/4609/39740687855_fcf67f993d_b.jpg,https://www.flickr.com/photos/132252811@N07/39740687855,22.283425,114.155669,,,,,,,,,,,,,,,
https://live.staticflickr.com/4766/26649513678_b7983c6c0c_b.jpg,https://www.flickr.com/photos/7216222@N03/26649513678,13.757768,100.53415,,,,,,,,,,,,,,,
https://live.staticflickr.com/65535/40496096871_013876c75b_b.jpg,https://www.flickr.com/photos/59600577@N07/40496096871,22.278444,114.1465,,,,,,,,,,,,,,,
https://live.staticflickr.com/65535/39522113475_49920db701_b.jpg,https://www.flickr.com/photos/7216222@N03/39522113475,18.784238,98.990421,,,,,,,,,,,,,,,
https://live.staticflickr.com/4623/38474820360_e2c3b195c2_b.jpg,https://www.flickr.com/photos/61485851@N06/38474820360,3.180966,101.698712,,,,,,,,,,,,,,,
https://live.staticflickr.com/4676/40281637691_bfe4fbb6d8_b.jpg,https://www.flickr.com/photos/7216222@N03/40281637691,13.731589,100.569555,,,,,,,,,,,,,,,
https://live.staticflickr.com/4616/39028901815_95fa73ed9c_b.jpg,https://www.flickr.com/photos/61485851@N06/39028901815,3.154367,101.714859,,,,,,,,,,,,,,,
https://live.staticflickr.com/4761/28137321999_63794153aa_b.jpg,https://www.flickr.com/photos/71695110@N00/28137321999,15.877531,108.329358,,,,,,,,,,,,,,,
https://live.staticflickr.com/4723/26024424648_4d905b4b3e_b.jpg,https://www.flickr.com/photos/63839496@N08/26024424648,22.28693,114.143566,,,,,,,,,,,,,,,
https://live.staticflickr.com/4742/24743625847_2ec69ee4ee_b.jpg,https://www.flickr.com/photos/85541784@N06/24743625847,22.618784,120.288493,,,,,,,,,,,,,,,
https://live.staticflickr.com/4639/38680980455_17fc2d4e7b_b.jpg,https://www.flickr.com/photos/16526505@N06/38680980455,1.377566,103.856522,,,,,,,,,,,,,,,
https://live.staticflickr.com/4638/39506720772_965735083a_b.jpg,https://www.flickr.com/photos/126043053@N08/39506720772,1.286322,103.860733,,,,,,,,,,,,,,,
https://live.staticflickr.com/4732/39455100502_f409679702_b.jpg,https://www.flickr.com/photos/41053536@N08/39455100502,37.529454,126.967803,,,,,,,,,,,,,,,
https://live.staticflickr.com/4594/27508551749_3023d16bc7_b.jpg,https://www.flickr.com/photos/52557358@N07/27508551749,26.298764,73.013441,,,,,,,,,,,,,,,
https://live.staticflickr.com/4595/39222677072_f4e14c1405_b.jpg,https://www.flickr.com/photos/59600577@N07/39222677072,31.238502,121.485494,,,,,,,,,,,,,,,
https://live.staticflickr.com/4692/39222524822_d110eddb67_b.jpg,https://www.flickr.com/photos/98652059@N00/39222524822,35.693545,139.701848,,,,,,,,,,,,,,,
https://live.staticflickr.com/65535/25265460238_cef5b8c0d7_b.jpg,https://www.flickr.com/photos/9201491@N03/25265460238,1.282718,103.853673,,,,,,,,,,,,,,,
https://live.staticflickr.com/4735/25042814808_0342cff455_b.jpg,https://www.flickr.com/photos/60342453@N06/25042814808,34.998183,135.780097,,,,,,,,,,,,,,,
https://live.staticflickr.com/4541/25003248428_11470f04e7_b.jpg,https://www.flickr.com/photos/98652059@N00/25003248428,35.708269,139.797313,,,,,,,,,,,,,,,
https://live.staticflickr.com/4529/27029453629_e2988e207b_b.jpg,https://www.flickr.com/photos/59984755@N04/27029453629,35.680016,139.734583,,,,,,,,,,,,,,,
https://live.staticflickr.com/4576/37918515065_f84570582f_b.jpg,https://www.flickr.com/photos/59984755@N04/37918515065,35.679033,139.738033,,,,,,,,,,,,,,,
https://live.staticflickr.com/4537/23932910937_ee42557905_b.jpg,https://www.flickr.com/photos/19109134@N00/23932910937,1.298919,103.852066,,,,,,,,,,,,,,,
https://live.staticflickr.com/65535/27002105159_8cd8194fe7_b.jpg,https://www.flickr.com/photos/59600577@N07/27002105159,22.278444,114.1465,,,,,,,,,,,,,,,
https://live.staticflickr.com/4526/24647893638_53afa018c1_b.jpg,https://www.flickr.com/photos/30826685@N06/24647893638,39.909413,116.45482,,,,,,,,,,,,,,,
https://live.staticflickr.com/4581/38289226751_63b65fc47a_b.jpg,https://www.flickr.com/photos/101053609@N05/38289226751,1.283447,103.856506,,,,,,,,,,,,,,,
https://live.staticflickr.com/4553/37473414454_d926c3a45b_b.jpg,https://www.flickr.com/photos/28369035@N05/37473414454,1.2798,103.855551,,,,,,,,,,,,,,,
https://live.staticflickr.com/4548/26367844219_a018a7c986_b.jpg,https://www.flickr.com/photos/127080329@N02/26367844219,13.733652,100.56005,,,,,,,,,,,,,,,
https://live.staticflickr.com/4496/37395670374_0c7b551628_b.jpg,https://www.flickr.com/photos/28998899@N02/37395670374,1.288744,103.849941,,,,,,,,,,,,,,,
https://live.staticflickr.com/4505/24139500898_a70c7c2892_b.jpg,https://www.flickr.com/photos/127080329@N02/24139500898,13.731072,100.55782,,,,,,,,,,,,,,,
https://live.staticflickr.com/65535/37891472596_a3cca93cc3_b.jpg,https://www.flickr.com/photos/74492144@N00/37891472596,31.241836,121.486272,,,,,,,,,,,,,,,
https://live.staticflickr.com/4461/24006126968_1006e45ff8_b.jpg,https://www.flickr.com/photos/74330235@N07/24006126968,37.393584,126.635198,,,,,,,,,,,,,,,
https://live.staticflickr.com/4512/37554087770_065fdc386a_b.jpg,https://www.flickr.com/photos/61485851@N06/37554087770,1.286998,103.854693,,,,,,,,,,,,,,,
https://live.staticflickr.com/4504/37808689441_90bc1d0ca0_b.jpg,https://www.flickr.com/photos/67995615@N03/37808689441,3.156295,101.713711,,,,,,,,,,,,,,,
https://live.staticflickr.com/65535/37099991583_d58408d155_b.jpg,https://www.flickr.com/photos/33554580@N00/37099991583,35.00469,135.781531,,,,,,,,,,,,,,,
https://live.staticflickr.com/65535/37489435206_539d4f5c10_b.jpg,https://www.flickr.com/photos/68142368@N07/37489435206,22.298536,114.171989,,,,,,,,,,,,,,,
https://live.staticflickr.com/4487/36833791683_f72da33169_b.jpg,https://www.flickr.com/photos/60527064@N00/36833791683,34.700236,135.497646,,,,,,,,,,,,,,,
https://live.staticflickr.com/4490/37195250790_772fb234a9_b.jpg,https://www.flickr.com/photos/8278193@N06/37195250790,3.19145,101.735079,,,,,,,,,,,,,,,
https://live.staticflickr.com/4384/37105614080_ec187c2675_b.jpg,https://www.flickr.com/photos/47167774@N08/37105614080,22.295322,114.168419,,,,,,,,,,,,,,,
https://live.staticflickr.com/4347/37377306985_69f6b60cdb_b.jpg,https://www.flickr.com/photos/59600577@N07/37377306985,31.239166,121.490833,,,,,,,,,,,,,,,
https://live.staticflickr.com/4382/36516222614_b2072732a3_b.jpg,https://www.flickr.com/photos/92534842@N04/36516222614,21.024845,105.791269,,,,,,,,,,,,,,,
https://live.staticflickr.com/4346/36964355870_7ff91d51a0_b.jpg,https://www.flickr.com/photos/137023967@N04/36964355870,35.676419,139.787399,,,,,,,,,,,,,,,
https://live.staticflickr.com/4416/36533994463_a4916cf776_b.jpg,https://www.flickr.com/photos/137023967@N04/36533994463,35.676332,139.787592,,,,,,,,,,,,,,,
https://live.staticflickr.com/4354/37275939415_3a368a88c5_b.jpg,https://www.flickr.com/photos/137023967@N04/37275939415,35.661035,139.727951,,,,,,,,,,,,,,,
https://live.staticflickr.com/4430/36408453944_d049c5052e_b.jpg,https://www.flickr.com/photos/104323964@N07/36408453944,22.293116,114.174717,,,,,,,,,,,,,,,
https://live.staticflickr.com/4347/37096530531_837bb57162_b.jpg,https://www.flickr.com/photos/43350596@N03/37096530531,24.809722,120.966388,,,,,,,,,,,,,,,
https://live.staticflickr.com/4436/36421326983_568da71626_b.jpg,https://www.flickr.com/photos/59600577@N07/36421326983,13.765833,100.496388,,,,,,,,,,,,,,,
https://live.staticflickr.com/65535/36847199602_1cfc084e6b_b.jpg,https://www.flickr.com/photos/33554580@N00/36847199602,35.0023,135.77533,,,,,,,,,,,,,,,
https://live.staticflickr.com/65535/36815243181_bb5fd33169_b.jpg,https://www.flickr.com/photos/76707442@N03/36815243181,20.951861,107.041704,,,,,,,,,,,,,,,
https://live.staticflickr.com/4335/35917847174_e53ae15619_b.jpg,https://www.flickr.com/photos/28661906@N03/35917847174,22.193842,113.539913,,,,,,,,,,,,,,,
https://live.staticflickr.com/4348/36573568721_10f87771a5_b.jpg,https://www.flickr.com/photos/20908775@N04/36573568721,3.157705,101.712191,,,,,,,,,,,,,,,
https://live.staticflickr.com/4424/36662845246_dc86cb3db6_b.jpg,https://www.flickr.com/photos/28661906@N03/36662845246,22.192123,113.538336,,,,,,,,,,,,,,,
https://live.staticflickr.com/4441/36452143182_5e68c99582_b.jpg,https://www.flickr.com/photos/47167774@N08/36452143182,31.240822,121.486205,,,,,,,,,,,,,,,
https://live.staticflickr.com/4423/36392445355_aef23cf986_b.jpg,https://www.flickr.com/photos/59600577@N07/36392445355,13.767222,100.568333,,,,,,,,,,,,,,,
https://live.staticflickr.com/4313/35458730403_76aac4ecc3_b.jpg,https://www.flickr.com/photos/71229343@N03/35458730403,4.385654,100.973461,,,,,,,,,,,,,,,
https://live.staticflickr.com/4320/36124434811_c8dfc8b284_b.jpg,https://www.flickr.com/photos/101053609@N05/36124434811,1.284455,103.854897,,,,,,,,,,,,,,,
https://live.staticflickr.com/4310/36016525756_1468ce54a2_b.jpg,https://www.flickr.com/photos/74492144@N00/36016525756,31.863094,117.28918,,,,,,,,,,,,,,,
https://live.staticflickr.com/4259/34972509404_4f123ee65e_b.jpg,https://www.flickr.com/photos/73561613@N06/34972509404,1.286783,103.85289,,,,,,,,,,,,,,,
https://live.staticflickr.com/4265/35643195782_70d7563cf9_b.jpg,https://www.flickr.com/photos/73561613@N06/35643195782,1.286783,103.85289,,,,,,,,,,,,,,,
https://live.staticflickr.com/4283/34931220203_8e04991e33_b.jpg,https://www.flickr.com/photos/88518371@N02/34931220203,22.278451,114.145178,,,,,,,,,,,,,,,
https://live.staticflickr.com/4229/35595076371_45858818a4_b.jpg,https://www.flickr.com/photos/73561613@N06/35595076371,1.286783,103.85289,,,,,,,,,,,,,,,
https://live.staticflickr.com/4147/35554026871_b3d026f4ed_b.jpg,https://www.flickr.com/photos/59600577@N07/35554026871,31.237647,121.486508,,,,,,,,,,,,,,,
https://live.staticflickr.com/2842/13600288613_647ae26e31_b.jpg,https://www.flickr.com/photos/54217251@N05/13600288613,34.656845,135.02754,,,,,,,,,,,,,,,
https://live.staticflickr.com/3824/13599540645_a88781760b_b.jpg,https://www.flickr.com/photos/95890660@N03/13599540645,35.004884,135.781735,,,,,,,,,,,,,,,
https://live.staticflickr.com/3739/13580234104_c5f245c3b0_b.jpg,https://www.flickr.com/photos/54217251@N05/13580234104,34.657904,135.02636,,,,,,,,,,,,,,,
https://live.staticflickr.com/7036/13555857145_e12e47451b_b.jpg,https://www.flickr.com/photos/55330552@N08/13555857145,35.626945,139.778859,,,,,,,,,,,,,,,
https://live.staticflickr.com/7033/13537252274_ccc95de844_b.jpg,https://www.flickr.com/photos/95890660@N03/13537252274,35.004884,135.781735,,,,,,,,,,,,,,,
https://live.staticflickr.com/5014/13436124654_71bd380d26_b.jpg,https://www.flickr.com/photos/48679857@N00/13436124654,35.665572,139.729583,,,,,,,,,,,,,,,
https://live.staticflickr.com/7455/13145995303_38014a4c28_b.jpg,https://www.flickr.com/photos/53473597@N06/13145995303,39.9329,116.164902,,,,,,,,,,,,,,,
https://live.staticflickr.com/7417/13061327805_4563718e9c_b.jpg,https://www.flickr.com/photos/116784937@N06/13061327805,1.491025,124.842861,,,,,,,,,,,,,,,
https://live.staticflickr.com/3500/12988714373_184121365e_b.jpg,https://www.flickr.com/photos/54217251@N05/12988714373,34.652838,135.026854,,,,,,,,,,,,,,,
https://live.staticflickr.com/3042/12988705813_e26ddfc1a0_b.jpg,https://www.flickr.com/photos/54217251@N05/12988705813,34.652856,135.026811,,,,,,,,,,,,,,,
https://live.staticflickr.com/5485/12815637804_ef73a65df4_b.jpg,https://www.flickr.com/photos/50095444@N04/12815637804,35.503586,138.776894,,,,,,,,,,,,,,,
https://live.staticflickr.com/2881/12812524394_a75c28bc96_b.jpg,https://www.flickr.com/photos/59984755@N04/12812524394,35.689629,139.69149,,,,,,,,,,,,,,,
https://live.staticflickr.com/3808/12611053005_950f598cdc_b.jpg,https://www.flickr.com/photos/54217251@N05/12611053005,34.642494,135.013121,,,,,,,,,,,,,,,
https://live.staticflickr.com/7374/12504454753_57b802f346_b.jpg,https://www.flickr.com/photos/92059373@N02/12504454753,16.544444,73.365,,,,,,,,,,,,,,,
https://live.staticflickr.com/7331/12441566425_0b1656d6c8_b.jpg,https://www.flickr.com/photos/35811712@N07/12441566425,13.740698,100.509184,,,,,,,,,,,,,,,
https://live.staticflickr.com/7314/12442036034_8166071dae_b.jpg,https://www.flickr.com/photos/35811712@N07/12442036034,13.739687,100.511464,,,,,,,,,,,,,,,
https://live.staticflickr.com/7356/12431822213_0947ec74f7_b.jpg,https://www.flickr.com/photos/95890660@N03/12431822213,35.029058,135.771613,,,,,,,,,,,,,,,
https://live.staticflickr.com/7460/12221073776_de407d2a1d_b.jpg,https://www.flickr.com/photos/97001656@N07/12221073776,1.305806,103.772644,,,,,,,,,,,,,,,
https://live.staticflickr.com/7321/12146427305_348954c08f_b.jpg,https://www.flickr.com/photos/59984755@N04/12146427305,35.68135,139.768969,,,,,,,,,,,,,,,
https://live.staticflickr.com/3759/11480137685_e1c9cb411c_b.jpg,https://www.flickr.com/photos/7340910@N02/11480137685,39.776583,64.41002,,,,,,,,,,,,,,,
https://live.staticflickr.com/7413/10913594353_f140681782_b.jpg,https://www.flickr.com/photos/16086466@N03/10913594353,31.271361,121.167311,,,,,,,,,,,,,,,
https://live.staticflickr.com/7328/10730748383_13fd298e43_b.jpg,https://www.flickr.com/photos/16086466@N03/10730748383,31.271361,121.167311,,,,,,,,,,,,,,,
https://live.staticflickr.com/5471/10512283853_c10c81f5cd_b.jpg,https://www.flickr.com/photos/97001656@N07/10512283853,1.27527,103.804238,,,,,,,,,,,,,,,
https://live.staticflickr.com/3730/10269381703_1c746c26e7_b.jpg,https://www.flickr.com/photos/97001656@N07/10269381703,1.286498,103.843463,,,,,,,,,,,,,,,
https://live.staticflickr.com/5531/9652916575_10f309dc62_b.jpg,https://www.flickr.com/photos/50095444@N04/9652916575,22.292675,114.169613,,,,,,,,,,,,,,,
https://live.staticflickr.com/7399/9642580358_f658a4138b_b.jpg,https://www.flickr.com/photos/97001656@N07/9642580358,1.332447,103.848264,,,,,,,,,,,,,,,
https://live.staticflickr.com/7350/9535924983_7ee1ae25aa_b.jpg,https://www.flickr.com/photos/10786387@N07/9535924983,5.418756,100.331325,,,,,,,,,,,,,,,
https://live.staticflickr.com/7347/9436765020_4795f30e98_b.jpg,https://www.flickr.com/photos/50723481@N03/9436765020,35.005733,135.774733,,,,,,,,,,,,,,,
https://live.staticflickr.com/2863/9436733902_dc20dac9e4_b.jpg,https://www.flickr.com/photos/50723481@N03/9436733902,35.003541,135.775033,,,,,,,,,,,,,,,
https://live.staticflickr.com/7427/9209465290_e8ee624866_b.jpg,https://www.flickr.com/photos/40238800@N06/9209465290,3.157388,101.716865,,,,,,,,,,,,,,,
https://live.staticflickr.com/5541/9166225046_e652df585d_b.jpg,https://www.flickr.com/photos/43184676@N08/9166225046,41.316497,69.27515,,,,,,,,,,,,,,,
https://live.staticflickr.com/7402/8986895777_a3cc86b9d4_b.jpg,https://www.flickr.com/photos/40238800@N06/8986895777,3.164951,101.737014,,,,,,,,,,,,,,,
https://live.staticflickr.com/8260/8985259226_ae33bc6839_b.jpg,https://www.flickr.com/photos/40238800@N06/8985259226,3.16508,101.737099,,,,,,,,,,,,,,,
https://live.staticflickr.com/2887/8785905260_b585f08712_b.jpg,https://www.flickr.com/photos/47155153@N00/8785905260,22.280814,114.151503,,,,,,,,,,,,,,,
https://live.staticflickr.com/2843/8751169414_26c177633a_b.jpg,https://www.flickr.com/photos/25917628@N02/8751169414,3.15281,101.703646,,,,,,,,,,,,,,,
https://live.staticflickr.com/8264/8664222313_32e0a899de_b.jpg,https://www.flickr.com/photos/40238800@N06/8664222313,3.157999,101.719236,,,,,,,,,,,,,,,
https://live.staticflickr.com/8507/8597253834_f76a8f92bf_b.jpg,https://www.flickr.com/photos/40238800@N06/8597253834,3.156627,101.712648,,,,,,,,,,,,,,,
https://live.staticflickr.com/8108/8480988497_9c3c95d6e5_b.jpg,https://www.flickr.com/photos/88203791@N00/8480988497,35.660504,139.729034,,,,,,,,,,,,,,,
https://live.staticflickr.com/8532/8466592394_a5a073c963_b.jpg,https://www.flickr.com/photos/88203791@N00/8466592394,35.626744,139.77416,,,,,,,,,,,,,,,
https://live.staticflickr.com/8094/8436849753_6160b66967_b.jpg,https://www.flickr.com/photos/45335171@N02/8436849753,22.320021,114.169574,,,,,,,,,,,,,,,
https://live.staticflickr.com/8357/8393689843_36820a487a_b.jpg,https://www.flickr.com/photos/45335171@N02/8393689843,22.305542,114.169793,,,,,,,,,,,,,,,
https://live.staticflickr.com/8504/8393021964_fd912e9f4c_b.jpg,https://www.flickr.com/photos/45335171@N02/8393021964,22.298727,114.164939,,,,,,,,,,,,,,,
https://live.staticflickr.com/8052/8389266259_450d72f82f_b.jpg,https://www.flickr.com/photos/45335171@N02/8389266259,22.321146,114.169459,,,,,,,,,,,,,,,
https://live.staticflickr.com/8216/8312983065_bcbd8b13f0_b.jpg,https://www.flickr.com/photos/41305869@N02/8312983065,13.711127,100.509297,,,,,,,,,,,,,,,
https://live.staticflickr.com/8345/8162093951_4df732de1f_b.jpg,https://www.flickr.com/photos/21158898@N06/8162093951,22.293206,114.171617,,,,,,,,,,,,,,,
https://live.staticflickr.com/8487/8153582793_bf5846c2b0_b.jpg,https://www.flickr.com/photos/82078857@N04/8153582793,22.320442,114.170887,,,,,,,,,,,,,,,
https://live.staticflickr.com/8332/8148264489_ace49569a1_b.jpg,https://www.flickr.com/photos/40902795@N07/8148264489,22.281809,114.161489,,,,,,,,,,,,,,,
https://live.staticflickr.com/8050/8103511969_3e8728c862_b.jpg,https://www.flickr.com/photos/47035764@N03/8103511969,13.720989,100.491256,,,,,,,,,,,,,,,
https://live.staticflickr.com/8041/7995528987_3c7d3c8e52_b.jpg,https://www.flickr.com/photos/43542079@N02/7995528987,13.739499,100.557678,,,,,,,,,,,,,,,
https://live.staticflickr.com/8298/7836602908_3d59ec05e0_b.jpg,https://www.flickr.com/photos/44994799@N04/7836602908,17.963057,102.614364,,,,,,,,,,,,,,,
https://live.staticflickr.com/7214/7393279278_20fd062cbd_b.jpg,https://www.flickr.com/photos/27656681@N00/7393279278,1.283774,103.859708,,,,,,,,,,,,,,,
https://live.staticflickr.com/7164/6775760203_e90b7eba70_b.jpg,https://www.flickr.com/photos/30560019@N06/6775760203,7.675447,98.767905,,,,,,,,,,,,,,,
https://live.staticflickr.com/7173/6740576769_ea75e384c3_b.jpg,https://www.flickr.com/photos/30560019@N06/6740576769,7.678919,98.766612,,,,,,,,,,,,,,,
https://live.staticflickr.com/7149/6419542329_1e3cd0d0e5_b.jpg,https://www.flickr.com/photos/30560019@N06/6419542329,7.818731,98.351958,,,,,,,,,,,,,,,
https://live.staticflickr.com/2669/5829656307_c4aa989373_b.jpg,https://www.flickr.com/photos/20687176@N04/5829656307,14.59327,120.97136,,,,,,,,,,,,,,,
https://live.staticflickr.com/5223/5595023394_7d8bfe5d70_b.jpg,https://www.flickr.com/photos/23380867@N06/5595023394,22.281859,114.157712,,,,,,,,,,,,,,,
https://live.staticflickr.com/5247/5332219958_fa827ef75e_b.jpg,https://www.flickr.com/photos/9514792@N06/5332219958,1.285217,103.858281,,,,,,,,,,,,,,,
https://live.staticflickr.com/65535/5108166024_dea6b7b7ec_b.jpg,https://www.flickr.com/photos/9201491@N03/5108166024,34.173926,77.575578,,,,,,,,,,,,,,,
https://live.staticflickr.com/4080/4878540700_7bebc23c2e_b.jpg,https://www.flickr.com/photos/22447079@N02/4878540700,26.297272,73.017829,,,,,,,,,,,,,,,
https://live.staticflickr.com/4008/4400391261_f3583b3fe0_b.jpg,https://www.flickr.com/photos/44345361@N06/4400391261,12.948274,80.135661,,,,,,,,,,,,,,,
https://live.staticflickr.com/2140/2185705159_8ff9a0ce7a_b.jpg,https://www.flickr.com/photos/22719916@N03/2185705159,22.321589,114.170157,,,,,,,,,,,,,,,
https://live.staticflickr.com/3884/14789478791_dc12425335_b.jpg,https://www.flickr.com/photos/62547207@N02/14789478791,11.923423,108.443781,,,,,,,,,,,,,,,
https://live.staticflickr.com/65535/54629718469_f69a8579f1_b.jpg,https://www.flickr.com/photos/150517192@N05/54629718469,22.277481,114.14789,,,,,,,,,,,,,,,
https://live.staticflickr.com/65535/54611125621_17bd6d4fc0_b.jpg,https://www.flickr.com/photos/42534216@N03/54611125621,22.272308,114.148689,,,,,,,,,,,,,,,
https://live.staticflickr.com/65535/54584798880_b4b33136b6_b.jpg,https://www.flickr.com/photos/200959083@N04/54584798880,31.211957,121.454662,,,,,,,,,,,,,,,
https://live.staticflickr.com/65535/54516552339_3ddc8b6188_b.jpg,https://www.flickr.com/photos/9060404@N06/54516552339,9.245129,124.721533,,,,,,,,,,,,,,,
https://live.staticflickr.com/65535/54496489917_659937cce9_b.jpg,https://www.flickr.com/photos/34911734@N07/54496489917,10.781161,106.692996,,,,,,,,,,,,,,,
https://live.staticflickr.com/65535/52909013291_2c00342564_b.jpg,https://www.flickr.com/photos/193575245@N03/52909013291,31.213544,121.454823,,,,,,,,,,,,,,,
https://live.staticflickr.com/65535/52906790100_24800e4f50_b.jpg,https://www.flickr.com/photos/124072682@N04/52906790100,16.81311,100.258481,,,,,,,,,,,,,,,
https://live.staticflickr.com/65535/52904918782_be3ae2f61d_b.jpg,https://www.flickr.com/photos/124072682@N04/52904918782,13.545281,100.626729,,,,,,,,,,,,,,,
https://live.staticflickr.com/65535/52889746546_e57da907b3_b.jpg,https://www.flickr.com/photos/124072682@N04/52889746546,17.016932,99.704049,,,,,,,,,,,,,,,
https://live.staticflickr.com/65535/52885718162_b97cafb7d6_b.jpg,https://www.flickr.com/photos/132839688@N08/52885718162,35.672011,139.765671,,,,,,,,,,,,,,,
https://live.staticflickr.com/65535/52876490988_c17b56edda_b.jpg,https://www.flickr.com/photos/8136604@N05/52876490988,1.283205,103.867955,,,,,,,,,,,,,,,
https://live.staticflickr.com/65535/52861308964_537834f136_b.jpg,https://www.flickr.com/photos/59984755@N04/52861308964,35.666405,139.778301,,,,,,,,,,,,,,,
https://live.staticflickr.com/65535/52852441531_0c40eb9c77_b.jpg,https://www.flickr.com/photos/69809940@N08/52852441531,35.661602,139.738116,,,,,,,,,,,,,,,
https://live.staticflickr.com/65535/52838977972_e2ec33faec_b.jpg,https://www.flickr.com/photos/73855063@N07/52838977972,39.337699,139.995388,,,,,,,,,,,,,,,
https://live.staticflickr.com/65535/52836701035_cf197cfd37_b.jpg,https://www.flickr.com/photos/59984755@N04/52836701035,36.727534,139.680669,,,,,,,,,,,,,,,
https://live.staticflickr.com/65535/52834414466_3c6773a6a6_b.jpg,https://www.flickr.com/photos/7216222@N03/52834414466,13.739447,100.516705,,,,,,,,,,,,,,,
https://live.staticflickr.com/65535/52826532219_304d926c6a_b.jpg,https://www.flickr.com/photos/131814204@N04/52826532219,30.751669,120.478141,,,,,,,,,,,,,,,
https://live.staticflickr.com/65535/52822927457_d8a61a4277_b.jpg,https://www.flickr.com/photos/131814204@N04/52822927457,30.751669,120.478141,,,,,,,,,,,,,,,
https://live.staticflickr.com/65535/52809483910_77ae283462_b.jpg,https://www.flickr.com/photos/8136604@N05/52809483910,13.766641,100.51393,,,,,,,,,,,,,,,
https://live.staticflickr.com/65535/52804339958_1d0619fd54_b.jpg,https://www.flickr.com/photos/8975511@N07/52804339958,25.265876,82.988014,,,,,,,,,,,,,,,
https://live.staticflickr.com/65535/52789667174_b70bbfb943_b.jpg,https://www.flickr.com/photos/131814204@N04/52789667174,30.751669,120.478141,,,,,,,,,,,,,,,
https://live.staticflickr.com/65535/52787459875_e6ee468378_b.jpg,https://www.flickr.com/photos/9060404@N06/52787459875,14.651404,121.049118,,,,,,,,,,,,,,,
https://live.staticflickr.com/65535/52786443782_6944cbbb26_b.jpg,https://www.flickr.com/photos/9060404@N06/52786443782,14.652047,121.040042,,,,,,,,,,,,,,,
https://live.staticflickr.com/65535/52787012655_85eebeba8f_b.jpg,https://www.flickr.com/photos/9060404@N06/52787012655,14.535408,120.993436,,,,,,,,,,,,,,,
https://live.staticflickr.com/65535/52786848499_ef47174636_b.jpg,https://www.flickr.com/photos/9060404@N06/52786848499,14.533767,120.996398,,,,,,,,,,,,,,,
https://live.staticflickr.com/65535/52786453786_69c75e5785_b.jpg,https://www.flickr.com/photos/8136604@N05/52786453786,13.766311,100.513461,,,,,,,,,,,,,,,
https://live.staticflickr.com/65535/52783841262_cfd9db813b_b.jpg,https://www.flickr.com/photos/8136604@N05/52783841262,13.766336,100.513636,,,,,,,,,,,,,,,
https://live.staticflickr.com/65535/52752774160_c9d3f8952a_b.jpg,https://www.flickr.com/photos/9060404@N06/52752774160,14.586976,121.16969,,,,,,,,,,,,,,,
https://live.staticflickr.com/65535/52751825517_64b20cb580_b.jpg,https://www.flickr.com/photos/9060404@N06/52751825517,14.587537,121.171084,,,,,,,,,,,,,,,
https://live.staticflickr.com/65535/52750147315_7d8a323c05_b.jpg,https://www.flickr.com/photos/64052682@N05/52750147315,10.771781,106.693382,,,,,,,,,,,,,,,
https://live.staticflickr.com/65535/52749145284_7f88017973_b.jpg,https://www.flickr.com/photos/27018357@N08/52749145284,13.752302,100.504646,,,,,,,,,,,,,,,
https://live.staticflickr.com/65535/52733751332_cf15c5cfd0_b.jpg,https://www.flickr.com/photos/25076731@N05/52733751332,37.561825,126.981238,,,,,,,,,,,,,,,
https://live.staticflickr.com/65535/52731722260_0929265b8f_b.jpg,https://www.flickr.com/photos/131814204@N04/52731722260,31.630627,119.1865,,,,,,,,,,,,,,,
https://live.staticflickr.com/65535/52726310516_3b0c40c5dc_b.jpg,https://www.flickr.com/photos/87318193@N08/52726310516,12.959305,100.90068,,,,,,,,,,,,,,,
https://live.staticflickr.com/65535/52724702608_a80218f20a_b.jpg,https://www.flickr.com/photos/8136604@N05/52724702608,13.739394,100.498836,,,,,,,,,,,,,,,
https://live.staticflickr.com/65535/52715169696_1d18f8846b_b.jpg,https://www.flickr.com/photos/81035653@N00/52715169696,12.931529,100.881248,,,,,,,,,,,,,,,
https://live.staticflickr.com/65535/52710159280_45eebab1b5_b.jpg,https://www.flickr.com/photos/81035653@N00/52710159280,12.931529,100.881248,,,,,,,,,,,,,,,
https://live.staticflickr.com/65535/52708024720_8f8eb2f68e_b.jpg,https://www.flickr.com/photos/42113467@N07/52708024720,22.279446,114.175425,,,,,,,,,,,,,,,
https://live.staticflickr.com/65535/52704951171_e5fb7181fc_b.jpg,https://www.flickr.com/photos/81035653@N00/52704951171,12.931529,100.881248,,,,,,,,,,,,,,,
https://live.staticflickr.com/65535/52699975910_6825ae86f0_b.jpg,https://www.flickr.com/photos/131814204@N04/52699975910,32.104836,118.737655,,,,,,,,,,,,,,,
https://live.staticflickr.com/65535/52677964227_91a20c2fde_b.jpg,https://www.flickr.com/photos/34911734@N07/52677964227,21.033607,105.850912,,,,,,,,,,,,,,,
https://live.staticflickr.com/65535/52673292171_bc45c711f4_b.jpg,https://www.flickr.com/photos/42534216@N03/52673292171,1.302347,103.872224,,,,,,,,,,,,,,,
https://live.staticflickr.com/65535/52670261455_29586166b7_b.jpg,https://www.flickr.com/photos/64052682@N05/52670261455,21.443511,99.573872,,,,,,,,,,,,,,,
https://live.staticflickr.com/65535/52669465599_c405596f17_b.jpg,https://www.flickr.com/photos/60527064@N00/52669465599,34.666305,135.505918,,,,,,,,,,,,,,,
https://live.staticflickr.com/65535/52667196722_543773f0e3_b.jpg,https://www.flickr.com/photos/87318193@N08/52667196722,12.955288,100.891816,,,,,,,,,,,,,,,
https://live.staticflickr.com/65535/52663817591_209cf79a20_b.jpg,https://www.flickr.com/photos/60527064@N00/52663817591,34.668732,135.501852,,,,,,,,,,,,,,,
https://live.staticflickr.com/65535/52659239912_8227f412d2_b.jpg,https://www.flickr.com/photos/87318193@N08/52659239912,12.955991,100.891172,,,,,,,,,,,,,,,
https://live.staticflickr.com/65535/52656297615_43f8772ca7_b.jpg,https://www.flickr.com/photos/48868134@N03/52656297615,34.687922,135.520513,,,,,,,,,,,,,,,
https://live.staticflickr.com/65535/52655512595_c555e338ac_b.jpg,https://www.flickr.com/photos/8136604@N05/52655512595,13.731269,100.557861,,,,,,,,,,,,,,,
https://live.staticflickr.com/65535/52653602948_b307952d27_b.jpg,https://www.flickr.com/photos/8136604@N05/52653602948,13.730236,100.557961,,,,,,,,,,,,,,,
https://live.staticflickr.com/65535/52649099336_6e3ed75742_b.jpg,https://www.flickr.com/photos/59825755@N04/52649099336,29.555583,106.569716,,,,,,,,,,,,,,,
https://live.staticflickr.com/65535/52645752370_0444df2864_b.jpg,https://www.flickr.com/photos/60527064@N00/52645752370,34.692244,135.191531,,,,,,,,,,,,,,,
https://live.staticflickr.com/65535/52641552512_d657c48308_b.jpg,https://www.flickr.com/photos/116938653@N02/52641552512,22.234475,114.197125,,,,,,,,,,,,,,,
https://live.staticflickr.com/65535/52639161316_9d3850066b_b.jpg,https://www.flickr.com/photos/60527064@N00/52639161316,34.831321,135.52656,,,,,,,,,,,,,,,
https://live.staticflickr.com/65535/52628514550_d0348291d0_b.jpg,https://www.flickr.com/photos/81035653@N00/52628514550,13.766112,100.513561,,,,,,,,,,,,,,,
https://live.staticflickr.com/65535/52624467331_11d3aa07f3_b.jpg,https://www.flickr.com/photos/9060404@N06/52624467331,13.621889,123.202632,,,,,,,,,,,,,,,
https://live.staticflickr.com/65535/52623960594_0845d6932f_b.jpg,https://www.flickr.com/photos/9060404@N06/52623960594,13.615799,123.193277,,,,,,,,,,,,,,,
https://live.staticflickr.com/65535/52619911123_6b806911e6_b.jpg,https://www.flickr.com/photos/81035653@N00/52619911123,13.741404,100.508637,,,,,,,,,,,,,,,
https://live.staticflickr.com/65535/52619073603_48aaf3d1b9_b.jpg,https://www.flickr.com/photos/124072682@N04/52619073603,13.741088,100.508497,,,,,,,,,,,,,,,
https://live.staticflickr.com/65535/52611450061_6695cf7d10_b.jpg,https://www.flickr.com/photos/19872565@N00/52611450061,35.012582,135.772476,,,,,,,,,,,,,,,
https://live.staticflickr.com/65535/52609707837_cbbae635bb_b.jpg,https://www.flickr.com/photos/48868134@N03/52609707837,35.710405,139.810716,,,,,,,,,,,,,,,
https://live.staticflickr.com/65535/52605194675_dfc6859426_b.jpg,https://www.flickr.com/photos/48646584@N00/52605194675,31.217884,121.453975,,,,,,,,,,,,,,,
https://live.staticflickr.com/65535/52596228480_ba197723cc_b.jpg,https://www.flickr.com/photos/145731106@N08/52596228480,18.982497,72.824991,,,,,,,,,,,,,,,
https://live.staticflickr.com/65535/52590376759_d3904057ce_b.jpg,https://www.flickr.com/photos/63943433@N05/52590376759,12.974219,77.568132,,,,,,,,,,,,,,,
https://live.staticflickr.com/65535/52585558758_65f9441bb9_b.jpg,https://www.flickr.com/photos/116938653@N02/52585558758,22.299116,114.155505,,,,,,,,,,,,,,,
https://live.staticflickr.com/65535/52575875660_44989ac9e9_b.jpg,https://www.flickr.com/photos/76707442@N03/52575875660,21.648702,107.441525,,,,,,,,,,,,,,,
https://live.staticflickr.com/65535/52573903315_953645546a_b.jpg,https://www.flickr.com/photos/25076731@N05/52573903315,1.344288,103.781841,,,,,,,,,,,,,,,
https://live.staticflickr.com/65535/52568144377_418b563de4_b.jpg,https://www.flickr.com/photos/66947457@N05/52568144377,22.395951,91.888897,,,,,,,,,,,,,,,
https://live.staticflickr.com/65535/52568513441_accc9e32f3_b.jpg,https://www.flickr.com/photos/193575245@N03/52568513441,31.214067,121.474328,,,,,,,,,,,,,,,
https://live.staticflickr.com/65535/52556043675_d20f5da463_b.jpg,https://www.flickr.com/photos/87318193@N08/52556043675,12.955575,100.891958,,,,,,,,,,,,,,,
https://live.staticflickr.com/65535/52555292411_3d682821bc_b.jpg,https://www.flickr.com/photos/8136604@N05/52555292411,1.299841,103.873761,,,,,,,,,,,,,,,
https://live.staticflickr.com/65535/52549523112_da4d73683e_b.jpg,https://www.flickr.com/photos/60527064@N00/52549523112,34.678631,135.49992,,,,,,,,,,,,,,,
https://live.staticflickr.com/65535/52545378167_750effe05d_b.jpg,https://www.flickr.com/photos/87318193@N08/52545378167,12.955491,100.89183,,,,,,,,,,,,,,,
https://live.staticflickr.com/65535/52538754642_54996fbb9f_b.jpg,https://www.flickr.com/photos/193575245@N03/52538754642,31.22571,121.443246,,,,,,,,,,,,,,,
https://live.staticflickr.com/65535/52521065532_38a7e7baca_b.jpg,https://www.flickr.com/photos/60527064@N00/52521065532,34.668732,135.501852,,,,,,,,,,,,,,,
https://live.staticflickr.com/65535/52517437904_92be280aea_b.jpg,https://www.flickr.com/photos/115540984@N02/52517437904,41.733238,75.430041,,,,,,,,,,,,,,,
https://live.staticflickr.com/608/23596671356_e497c096c6_b.jpg,https://www.flickr.com/photos/60527064@N00/23596671356,34.705352,135.49712,,,,,,,,,,,,,,,
https://live.staticflickr.com/719/22955388093_b0d519bcb1_b.jpg,https://www.flickr.com/photos/59600577@N07/22955388093,22.293055,114.169722,,,,,,,,,,,,,,,
https://live.staticflickr.com/715/23491997561_5d5a428929_b.jpg,https://www.flickr.com/photos/59600577@N07/23491997561,34.680555,135.185,,,,,,,,,,,,,,,
https://live.staticflickr.com/5779/23476823321_646a88463d_b.jpg,https://www.flickr.com/photos/127381755@N02/23476823321,13.722042,100.530459,,,,,,,,,,,,,,,
https://live.staticflickr.com/696/23219029230_a3e5ea46ac_b.jpg,https://www.flickr.com/photos/36438834@N03/23219029230,3.154239,101.71459,,,,,,,,,,,,,,,
https://live.staticflickr.com/638/23433678335_b171caec7e_b.jpg,https://www.flickr.com/photos/132555608@N07/23433678335,43.060641,141.35146,,,,,,,,,,,,,,,
https://live.staticflickr.com/65535/22675943703_21fac81148_b.jpg,https://www.flickr.com/photos/34721981@N06/22675943703,22.282762,114.12853,,,,,,,,,,,,,,,
https://live.staticflickr.com/5835/22840343077_1d9492880e_b.jpg,https://www.flickr.com/photos/53455768@N07/22840343077,13.75449,100.540277,,,,,,,,,,,,,,,
https://live.staticflickr.com/5788/23015243481_d6560069b8_b.jpg,https://www.flickr.com/photos/87974483@N02/23015243481,34.744575,138.99894,,,,,,,,,,,,,,,
https://live.staticflickr.com/654/22850104986_a7228ae2c8_b.jpg,https://www.flickr.com/photos/52831065@N00/22850104986,15.875488,108.333433,,,,,,,,,,,,,,,
https://live.staticflickr.com/686/22739889136_10883f7588_b.jpg,https://www.flickr.com/photos/96858542@N04/22739889136,1.282064,103.857032,,,,,,,,,,,,,,,
https://live.staticflickr.com/639/21852407824_3ab63f1446_b.jpg,https://www.flickr.com/photos/95790832@N05/21852407824,23.126961,113.348221,,,,,,,,,,,,,,,
https://live.staticflickr.com/5626/22121762772_19dd7ed27d_b.jpg,https://www.flickr.com/photos/54217251@N05/22121762772,34.693761,135.034493,,,,,,,,,,,,,,,
https://live.staticflickr.com/688/21865920970_14b9798418_b.jpg,https://www.flickr.com/photos/86915004@N02/21865920970,23.1062,113.324619,,,,,,,,,,,,,,,
https://live.staticflickr.com/5748/21816059555_db77dcebbf_b.jpg,https://www.flickr.com/photos/23175156@N00/21816059555,26.297969,73.021638,,,,,,,,,,,,,,,
https://live.staticflickr.com/752/21603715152_4325585d13_b.jpg,https://www.flickr.com/photos/59600577@N07/21603715152,22.293055,114.169722,,,,,,,,,,,,,,,
https://live.staticflickr.com/650/20986705584_398e5ea745_b.jpg,https://www.flickr.com/photos/88203791@N00/20986705584,22.283715,114.212461,,,,,,,,,,,,,,,
https://live.staticflickr.com/607/21478885582_027cef86f2_b.jpg,https://www.flickr.com/photos/76171121@N07/21478885582,34.69598,135.554788,,,,,,,,,,,,,,,
https://live.staticflickr.com/632/20496383463_dc8e9f12fb_b.jpg,https://www.flickr.com/photos/9228922@N03/20496383463,34.16602,77.586734,,,,,,,,,,,,,,,
https://live.staticflickr.com/5696/20380853239_1cd3bc4280_b.jpg,https://www.flickr.com/photos/95790832@N05/20380853239,22.277689,114.147616,,,,,,,,,,,,,,,
https://live.staticflickr.com/466/20077277888_1c67a11b89_b.jpg,https://www.flickr.com/photos/71695110@N00/20077277888,24.047424,102.08746,,,,,,,,,,,,,,,
https://live.staticflickr.com/518/20036778518_63d24706fe_b.jpg,https://www.flickr.com/photos/95790832@N05/20036778518,22.286068,114.162443,,,,,,,,,,,,,,,
https://live.staticflickr.com/546/19852566940_9e1eafc642_b.jpg,https://www.flickr.com/photos/59600577@N07/19852566940,22.293,114.174822,,,,,,,,,,,,,,,
https://live.staticflickr.com/286/19557105006_544e5bbffe_b.jpg,https://www.flickr.com/photos/15005196@N07/19557105006,25.096927,121.587706,,,,,,,,,,,,,,,
https://live.staticflickr.com/303/18678195384_ed97683329_b.jpg,https://www.flickr.com/photos/92534842@N04/18678195384,21.003913,105.814476,,,,,,,,,,,,,,,
https://live.staticflickr.com/3801/18644803819_cf8efc1280_b.jpg,https://www.flickr.com/photos/129329677@N07/18644803819,34.986374,135.758786,,,,,,,,,,,,,,,
https://live.staticflickr.com/5467/17399883303_986aaecc28_b.jpg,https://www.flickr.com/photos/50723481@N03/17399883303,35.005625,135.774294,,,,,,,,,,,,,,,
https://live.staticflickr.com/7780/17418865051_27baf09498_b.jpg,https://www.flickr.com/photos/59600577@N07/17418865051,22.284444,114.2125,,,,,,,,,,,,,,,
https://live.staticflickr.com/8717/17405554022_118042555c_b.jpg,https://www.flickr.com/photos/15005196@N07/17405554022,34.535653,135.907048,,,,,,,,,,,,,,,
https://live.staticflickr.com/8756/17060109019_e54f54a370_b.jpg,https://www.flickr.com/photos/15005196@N07/17060109019,25.136388,121.427529,,,,,,,,,,,,,,,
https://live.staticflickr.com/7651/17021738907_61b867ae77_b.jpg,https://www.flickr.com/photos/27656681@N00/17021738907,10.764877,106.692106,,,,,,,,,,,,,,,
https://live.staticflickr.com/5347/17031452769_2fe642a10e_b.jpg,https://www.flickr.com/photos/27656681@N00/17031452769,10.776012,106.701554,,,,,,,,,,,,,,,
https://live.staticflickr.com/7667/17174984716_ab22c9a894_b.jpg,https://www.flickr.com/photos/92534842@N04/17174984716,21.024845,105.791269,,,,,,,,,,,,,,,
https://live.staticflickr.com/8736/17181530002_cd3703544a_b.jpg,https://www.flickr.com/photos/24077877@N04/17181530002,25.042619,121.507125,,,,,,,,,,,,,,,
https://live.staticflickr.com/8688/17125247311_94a28dc97e_b.jpg,https://www.flickr.com/photos/50762671@N03/17125247311,9.471459,100.05506,,,,,,,,,,,,,,,
https://live.staticflickr.com/7584/16386818974_2df6d9596b_b.jpg,https://www.flickr.com/photos/54217251@N05/16386818974,34.657904,135.02636,,,,,,,,,,,,,,,
https://live.staticflickr.com/8741/16742473180_43c4f5d45e_b.jpg,https://www.flickr.com/photos/50762671@N03/16742473180,13.721692,100.517044,,,,,,,,,,,,,,,
https://live.staticflickr.com/8735/16197752684_8edf743d27_b.jpg,https://www.flickr.com/photos/127813095@N05/16197752684,13.729702,100.557979,,,,,,,,,,,,,,,
https://live.staticflickr.com/7281/16138303134_9daeeed9e9_b.jpg,https://www.flickr.com/photos/131013889@N02/16138303134,35.710106,139.810434,,,,,,,,,,,,,,,
https://live.staticflickr.com/8568/16645706526_30b0812f2c_b.jpg,https://www.flickr.com/photos/59984755@N04/16645706526,35.582883,139.75755,,,,,,,,,,,,,,,
https://live.staticflickr.com/8627/16051712283_b7490e4bd9_b.jpg,https://www.flickr.com/photos/59984755@N04/16051712283,35.594933,139.757916,,,,,,,,,,,,,,,
https://live.staticflickr.com/8639/16048178914_af1c7cd995_b.jpg,https://www.flickr.com/photos/48293483@N02/16048178914,23.7071,90.406878,,,,,,,,,,,,,,,
https://live.staticflickr.com/8678/16483083220_237ca74db5_b.jpg,https://www.flickr.com/photos/48293483@N02/16483083220,23.7071,90.406878,,,,,,,,,,,,,,,
https://live.staticflickr.com/8651/16610110772_c6f4fef020_b.jpg,https://www.flickr.com/photos/54217251@N05/16610110772,34.693761,135.034493,,,,,,,,,,,,,,,
https://live.staticflickr.com/7361/15944301784_9ac89f146f_b.jpg,https://www.flickr.com/photos/54217251@N05/15944301784,34.687957,135.194771,,,,,,,,,,,,,,,
https://live.staticflickr.com/7329/16346358247_42a798b2f6_b.jpg,https://www.flickr.com/photos/60527064@N00/16346358247,35.66433,139.772167,,,,,,,,,,,,,,,
https://live.staticflickr.com/7373/15842868603_165fb70cb0_b.jpg,https://www.flickr.com/photos/94411715@N08/15842868603,1.286869,103.854478,,,,,,,,,,,,,,,
https://live.staticflickr.com/8679/16238711339_d3cea29055_b.jpg,https://www.flickr.com/photos/54217251@N05/16238711339,34.650737,135.025169,,,,,,,,,,,,,,,
https://live.staticflickr.com/65535/16172963207_86fac7a6c9_b.jpg,https://www.flickr.com/photos/7216222@N03/16172963207,13.73926,100.516533,,,,,,,,,,,,,,,
https://live.staticflickr.com/8569/16335375991_49f15bc124_b.jpg,https://www.flickr.com/photos/60527064@N00/16335375991,34.773441,135.505918,,,,,,,,,,,,,,,
https://live.staticflickr.com/7518/15680569653_9e8d760604_b.jpg,https://www.flickr.com/photos/78797573@N00/15680569653,31.334138,120.574691,,,,,,,,,,,,,,,
https://live.staticflickr.com/65535/15677648553_7558e11f7e_b.jpg,https://www.flickr.com/photos/96686757@N02/15677648553,14.53567,120.982604,,,,,,,,,,,,,,,
https://live.staticflickr.com/8665/16273881401_217555c796_b.jpg,https://www.flickr.com/photos/77967821@N00/16273881401,5.419116,100.336471,,,,,,,,,,,,,,,
https://live.staticflickr.com/7479/15640510264_7f1ee44c05_b.jpg,https://www.flickr.com/photos/77967821@N00/15640510264,5.419831,100.336933,,,,,,,,,,,,,,,
https://live.staticflickr.com/7562/16187900346_6f0d40bae2_b.jpg,https://www.flickr.com/photos/54217251@N05/16187900346,34.642335,135.012971,,,,,,,,,,,,,,,
https://live.staticflickr.com/8615/16111934695_b2d643e81a_b.jpg,https://www.flickr.com/photos/24002287@N02/16111934695,31.236944,121.503333,,,,,,,,,,,,,,,
https://live.staticflickr.com/7549/15480864754_75c79bed38_b.jpg,https://www.flickr.com/photos/66062085@N03/15480864754,13.718686,100.521447,,,,,,,,,,,,,,,
https://live.staticflickr.com/7574/15451840123_879281ae88_b.jpg,https://www.flickr.com/photos/79475469@N08/15451840123,35.659876,139.730043,,,,,,,,,,,,,,,
https://live.staticflickr.com/8642/16060694721_996165bb96_b.jpg,https://www.flickr.com/photos/95890660@N03/16060694721,35.023189,135.720158,,,,,,,,,,,,,,,
https://live.staticflickr.com/8619/15433791064_864c7d5eba_b.jpg,https://www.flickr.com/photos/95890660@N03/15433791064,35.024048,135.797377,,,,,,,,,,,,,,,
https://live.staticflickr.com/7466/15861590370_56f3cd20dc_b.jpg,https://www.flickr.com/photos/95890660@N03/15861590370,35.031138,135.71381,,,,,,,,,,,,,,,
https://live.staticflickr.com/8629/15422370733_1c6b9513c4_b.jpg,https://www.flickr.com/photos/95890660@N03/15422370733,35.031138,135.71381,,,,,,,,,,,,,,,
https://live.staticflickr.com/7563/15848586539_338322d255_b.jpg,https://www.flickr.com/photos/95890660@N03/15848586539,35.031138,135.71381,,,,,,,,,,,,,,,
https://live.staticflickr.com/7461/15804122508_cdf8a408da_b.jpg,https://www.flickr.com/photos/95890660@N03/15804122508,35.007195,135.783162,,,,,,,,,,,,,,,
https://live.staticflickr.com/7582/15336186874_d4313867de_b.jpg,https://www.flickr.com/photos/54217251@N05/15336186874,34.642335,135.012971,,,,,,,,,,,,,,,
https://live.staticflickr.com/7465/15932661846_33a4198c65_b.jpg,https://www.flickr.com/photos/95890660@N03/15932661846,35.00043,135.779445,,,,,,,,,,,,,,,
https://live.staticflickr.com/8603/15950866781_3e0298dc94_b.jpg,https://www.flickr.com/photos/95890660@N03/15950866781,35.001203,135.782063,,,,,,,,,,,,,,,
https://live.staticflickr.com/7484/15718279248_b936448575_b.jpg,https://www.flickr.com/photos/94411715@N08/15718279248,1.284112,103.86039,,,,,,,,,,,,,,,
https://live.staticflickr.com/7467/15833626536_10b87c8bc0_b.jpg,https://www.flickr.com/photos/92534842@N04/15833626536,21.036762,105.836631,,,,,,,,,,,,,,,
https://live.staticflickr.com/5604/15199267563_7f1ac31151_b.jpg,https://www.flickr.com/photos/95890660@N03/15199267563,34.938489,135.675165,,,,,,,,,,,,,,,
https://live.staticflickr.com/7497/15198735724_75c9d91185_b.jpg,https://www.flickr.com/photos/95890660@N03/15198735724,34.938489,135.675165,,,,,,,,,,,,,,,
https://live.staticflickr.com/7506/15190523334_f087e8784b_b.jpg,https://www.flickr.com/photos/95890660@N03/15190523334,34.938489,135.675165,,,,,,,,,,,,,,,
https://live.staticflickr.com/7470/15794631842_80613fa538_b.jpg,https://www.flickr.com/photos/95890660@N03/15794631842,34.938489,135.675165,,,,,,,,,,,,,,,
https://live.staticflickr.com/7562/15772011001_b29fc44eec_b.jpg,https://www.flickr.com/photos/24448805@N07/15772011001,31.237765,121.490625,,,,,,,,,,,,,,,
https://live.staticflickr.com/7550/15769026331_166d3fe171_b.jpg,https://www.flickr.com/photos/54217251@N05/15769026331,34.647551,134.992135,,,,,,,,,,,,,,,
https://live.staticflickr.com/7544/15576979759_f1d0f6f128_b.jpg,https://www.flickr.com/photos/54217251@N05/15576979759,34.645089,135.016554,,,,,,,,,,,,,,,
https://live.staticflickr.com/7506/15111529864_22bafb76e8_b.jpg,https://www.flickr.com/photos/54217251@N05/15111529864,34.642335,135.012971,,,,,,,,,,,,,,,
https://live.staticflickr.com/7570/15539554717_c3ee050b53_b.jpg,https://www.flickr.com/photos/92534842@N04/15539554717,21.002891,105.805292,,,,,,,,,,,,,,,
https://live.staticflickr.com/3950/15624395955_cb835d71e9_b.jpg,https://www.flickr.com/photos/92534842@N04/15624395955,21.02157,105.790389,,,,,,,,,,,,,,,
https://live.staticflickr.com/3948/15624363215_eba93204dd_b.jpg,https://www.flickr.com/photos/92534842@N04/15624363215,21.02157,105.790389,,,,,,,,,,,,,,,
https://live.staticflickr.com/3932/15414507749_16b043984d_b.jpg,https://www.flickr.com/photos/95890660@N03/15414507749,35.023189,135.720158,,,,,,,,,,,,,,,
https://live.staticflickr.com/3932/14952671174_0a96f8a66a_b.jpg,https://www.flickr.com/photos/54217251@N05/14952671174,34.647904,134.990987,,,,,,,,,,,,,,,
https://live.staticflickr.com/65535/52155367642_6ec642dfa0_b.jpg,https://www.flickr.com/photos/45867871@N05/52155367642,-25.504411,-57.568187,,,,,,,,,,,,,,,
https://live.staticflickr.com/921/42507588084_0f5414dde9_b.jpg,https://www.flickr.com/photos/34576387@N05/42507588084,-33.042099,-71.625044,,,,,,,,,,,,,,,
https://live.staticflickr.com/4611/26636801198_d3d9bebaaa_b.jpg,https://www.flickr.com/photos/34576387@N05/26636801198,-33.440645,-71.64839,,,,,,,,,,,,,,,
https://live.staticflickr.com/65535/53773000590_97cb78e3de_b.jpg,https://www.flickr.com/photos/34576387@N05/53773000590,-36.743337,-73.031938,,,,,,,,,,,,,,,
https://live.staticflickr.com/65535/53456630839_ae5379b5b4_b.jpg,https://www.flickr.com/photos/34576387@N05/53456630839,-33.042548,-71.6269,,,,,,,,,,,,,,,
https://live.staticflickr.com/65535/52354066468_628a5d2e1e_b.jpg,https://www.flickr.com/photos/34576387@N05/52354066468,-33.562084,-70.585387,,,,,,,,,,,,,,,
https://live.staticflickr.com/65535/52267495563_6016ae2482_b.jpg,https://www.flickr.com/photos/34576387@N05/52267495563,-33.491848,-70.613154,,,,,,,,,,,,,,,
https://live.staticflickr.com/65535/52228238353_596630c768_b.jpg,https://www.flickr.com/photos/34576387@N05/52228238353,-33.036972,-71.630355,,,,,,,,,,,,,,,
https://live.staticflickr.com/65535/51864493787_5a67c25979_b.jpg,https://www.flickr.com/photos/146863161@N02/51864493787,-33.410961,-70.57542,,,,,,,,,,,,,,,
https://live.staticflickr.com/65535/51852252774_bacafa6bf4_b.jpg,https://www.flickr.com/photos/146863161@N02/51852252774,-33.407334,-70.5629,,,,,,,,,,,,,,,
https://live.staticflickr.com/65535/51837205485_9c8b3d1f65_b.jpg,https://www.flickr.com/photos/146863161@N02/51837205485,-33.409797,-70.569262,,,,,,,,,,,,,,,
https://live.staticflickr.com/65535/51774718713_c09a9a27a3_b.jpg,https://www.flickr.com/photos/146863161@N02/51774718713,-33.40986,-70.570635,,,,,,,,,,,,,,,
https://live.staticflickr.com/65535/51692739613_58cd917115_b.jpg,https://www.flickr.com/photos/146863161@N02/51692739613,-33.408767,-70.569219,,,,,,,,,,,,,,,
https://live.staticflickr.com/65535/51676968604_591a12bfd0_b.jpg,https://www.flickr.com/photos/146863161@N02/51676968604,-33.424322,-70.611619,,,,,,,,,,,,,,,
https://live.staticflickr.com/65535/51634520423_4579afa19c_b.jpg,https://www.flickr.com/photos/34576387@N05/51634520423,-33.053331,-71.604101,,,,,,,,,,,,,,,
https://live.staticflickr.com/65535/51568681643_ed90cbf52f_b.jpg,https://www.flickr.com/photos/146863161@N02/51568681643,-33.428719,-70.619473,,,,,,,,,,,,,,,
https://live.staticflickr.com/65535/51446911420_5841f3d770_b.jpg,https://www.flickr.com/photos/146863161@N02/51446911420,-33.409188,-70.568318,,,,,,,,,,,,,,,
https://live.staticflickr.com/65535/51257296010_266bb2e6b1_b.jpg,https://www.flickr.com/photos/34576387@N05/51257296010,-33.455666,-71.672101,,,,,,,,,,,,,,,
https://live.staticflickr.com/65535/51232878818_11aa4628a5_b.jpg,https://www.flickr.com/photos/34576387@N05/51232878818,-33.032376,-71.62837,,,,,,,,,,,,,,,
https://live.staticflickr.com/65535/51097877517_864b58a62b_b.jpg,https://www.flickr.com/photos/34576387@N05/51097877517,-33.43915,-70.646113,,,,,,,,,,,,,,,
https://live.staticflickr.com/65535/51032614258_a7c0b66cf3_b.jpg,https://www.flickr.com/photos/146863161@N02/51032614258,-33.409609,-70.570496,,,,,,,,,,,,,,,
https://live.staticflickr.com/65535/51033342056_390a776cb1_b.jpg,https://www.flickr.com/photos/146863161@N02/51033342056,-33.408069,-70.555711,,,,,,,,,,,,,,,
https://live.staticflickr.com/65535/50915227118_85b1b9bf4b_b.jpg,https://www.flickr.com/photos/146863161@N02/50915227118,-33.409475,-70.569294,,,,,,,,,,,,,,,
https://live.staticflickr.com/65535/50470703326_0a22d01685_b.jpg,https://www.flickr.com/photos/34576387@N05/50470703326,-33.425558,-70.614935,,,,,,,,,,,,,,,
https://live.staticflickr.com/65535/50417476937_a48a85312e_b.jpg,https://www.flickr.com/photos/146863161@N02/50417476937,-33.438084,-70.641285,,,,,,,,,,,,,,,
https://live.staticflickr.com/65535/50373925832_d59d8cc60c_b.jpg,https://www.flickr.com/photos/34576387@N05/50373925832,-33.42614,-70.614742,,,,,,,,,,,,,,,
https://live.staticflickr.com/65535/50359059463_c6e7dc5edc_b.jpg,https://www.flickr.com/photos/146863161@N02/50359059463,-33.440878,-70.65079,,,,,,,,,,,,,,,
https://live.staticflickr.com/65535/50312147742_342fe1dda3_b.jpg,https://www.flickr.com/photos/146863161@N02/50312147742,-33.425522,-70.613926,,,,,,,,,,,,,,,
https://live.staticflickr.com/65535/50286622642_48610a13b0_b.jpg,https://www.flickr.com/photos/146863161@N02/50286622642,-33.414821,-70.585516,,,,,,,,,,,,,,,
https://live.staticflickr.com/65535/50152890546_db5aa41c4e_b.jpg,https://www.flickr.com/photos/146863161@N02/50152890546,-33.453446,-70.570914,,,,,,,,,,,,,,,
https://live.staticflickr.com/65535/50132063902_6185e02251_b.jpg,https://www.flickr.com/photos/34576387@N05/50132063902,-33.542852,-70.629011,,,,,,,,,,,,,,,
https://live.staticflickr.com/65535/50075571236_4d604dd887_b.jpg,https://www.flickr.com/photos/146863161@N02/50075571236,-33.414194,-70.584754,,,,,,,,,,,,,,,
https://live.staticflickr.com/65535/50070556616_97bf1beb8a_b.jpg,https://www.flickr.com/photos/34576387@N05/50070556616,-33.02043,-71.561744,,,,,,,,,,,,,,,
https://live.staticflickr.com/65535/50063170508_e98fba7095_b.jpg,https://www.flickr.com/photos/34576387@N05/50063170508,-33.42648,-70.634011,,,,,,,,,,,,,,,
https://live.staticflickr.com/65535/50045626491_bfeb008447_b.jpg,https://www.flickr.com/photos/34576387@N05/50045626491,-33.033312,-71.630226,,,,,,,,,,,,,,,
https://live.staticflickr.com/65535/50005967503_8f7dc0aefa_b.jpg,https://www.flickr.com/photos/146863161@N02/50005967503,-33.419979,-70.605461,,,,,,,,,,,,,,,
https://live.staticflickr.com/65535/49954299571_dc9b5e9af9_b.jpg,https://www.flickr.com/photos/34576387@N05/49954299571,-33.450528,-71.669397,,,,,,,,,,,,,,,
https://live.staticflickr.com/65535/49819006336_810a1db7df_b.jpg,https://www.flickr.com/photos/146863161@N02/49819006336,-33.419908,-70.60559,,,,,,,,,,,,,,,
https://live.staticflickr.com/65535/49789633308_e87ea2c542_b.jpg,https://www.flickr.com/photos/146863161@N02/49789633308,-33.439087,-70.648634,,,,,,,,,,,,,,,
https://live.staticflickr.com/65535/49790452582_b2e91cc4db_b.jpg,https://www.flickr.com/photos/146863161@N02/49790452582,-33.442122,-70.651799,,,,,,,,,,,,,,,
https://live.staticflickr.com/65535/49712967738_2ee2a574c3_b.jpg,https://www.flickr.com/photos/146863161@N02/49712967738,-33.410558,-70.573028,,,,,,,,,,,,,,,
https://live.staticflickr.com/65535/49659479368_1b04078990_b.jpg,https://www.flickr.com/photos/146863161@N02/49659479368,-33.440913,-70.648312,,,,,,,,,,,,,,,
https://live.staticflickr.com/65535/49631561318_4cbc35c2ca_b.jpg,https://www.flickr.com/photos/146863161@N02/49631561318,-33.44248,-70.650511,,,,,,,,,,,,,,,
https://live.staticflickr.com/65535/49632030026_8067dc6681_b.jpg,https://www.flickr.com/photos/146863161@N02/49632030026,-33.434673,-70.627552,,,,,,,,,,,,,,,
https://live.staticflickr.com/65535/49369020481_10f548b454_b.jpg,https://www.flickr.com/photos/146863161@N02/49369020481,-33.427232,-70.613679,,,,,,,,,,,,,,,
https://live.staticflickr.com/65535/49157836612_1d1171f0be_b.jpg,https://www.flickr.com/photos/34576387@N05/49157836612,-33.458151,-71.665542,,,,,,,,,,,,,,,
https://live.staticflickr.com/65535/48733239418_334323e345_b.jpg,https://www.flickr.com/photos/146863161@N02/48733239418,-33.410288,-70.573961,,,,,,,,,,,,,,,
https://live.staticflickr.com/65535/48003105597_8364f221ec_b.jpg,https://www.flickr.com/photos/146863161@N02/48003105597,-33.425809,-70.611737,,,,,,,,,,,,,,,
https://live.staticflickr.com/65535/47096904714_398c3e64fb_b.jpg,https://www.flickr.com/photos/34576387@N05/47096904714,-33.404289,-70.572888,,,,,,,,,,,,,,,
https://live.staticflickr.com/65535/47814153142_b8d11f5383_b.jpg,https://www.flickr.com/photos/34576387@N05/47814153142,-33.477424,-70.646413,,,,,,,,,,,,,,,
https://live.staticflickr.com/65535/46921005095_320ccdf461_b.jpg,https://www.flickr.com/photos/34576387@N05/46921005095,-33.494917,-70.663869,,,,,,,,,,,,,,,
https://live.staticflickr.com/4826/46108675654_1c5bcf4dca_b.jpg,https://www.flickr.com/photos/34576387@N05/46108675654,-33.042809,-71.625323,,,,,,,,,,,,,,,
https://live.staticflickr.com/4911/31712916567_0f2c9c794c_b.jpg,https://www.flickr.com/photos/34576387@N05/31712916567,-33.440537,-70.659824,,,,,,,,,,,,,,,
https://live.staticflickr.com/4829/44151997660_b3eb1bfefb_b.jpg,https://www.flickr.com/photos/34576387@N05/44151997660,-33.043709,-71.597245,,,,,,,,,,,,,,,
https://live.staticflickr.com/1953/43117502150_320a7f983a_b.jpg,https://www.flickr.com/photos/34576387@N05/43117502150,-33.406241,-70.608916,,,,,,,,,,,,,,,
https://live.staticflickr.com/1886/43803476894_914c9d6eaf_b.jpg,https://www.flickr.com/photos/61101081@N08/43803476894,-13.418622,-71.849706,,,,,,,,,,,,,,,
https://live.staticflickr.com/1855/30587742888_d011a69e9d_b.jpg,https://www.flickr.com/photos/34576387@N05/30587742888,-33.454494,-70.699725,,,,,,,,,,,,,,,
https://live.staticflickr.com/1875/29250812527_c457c41584_b.jpg,https://www.flickr.com/photos/34576387@N05/29250812527,-33.560075,-70.592598,,,,,,,,,,,,,,,
https://live.staticflickr.com/935/43678112712_2033bfbd98_b.jpg,https://www.flickr.com/photos/34576387@N05/43678112712,-33.441397,-71.656973,,,,,,,,,,,,,,,
https://live.staticflickr.com/842/41670877470_9691b1ab4a_b.jpg,https://www.flickr.com/photos/34576387@N05/41670877470,-33.442319,-70.660285,,,,,,,,,,,,,,,
https://live.staticflickr.com/835/42382683524_9ef6549373_b.jpg,https://www.flickr.com/photos/34576387@N05/42382683524,-33.033294,-71.628627,,,,,,,,,,,,,,,
https://live.staticflickr.com/899/42839542502_598c9bfffe_b.jpg,https://www.flickr.com/photos/34576387@N05/42839542502,-33.560189,-70.585688,,,,,,,,,,,,,,,
https://live.staticflickr.com/1728/42026999444_21f1bdef38_b.jpg,https://www.flickr.com/photos/34576387@N05/42026999444,-33.497583,-70.615139,,,,,,,,,,,,,,,
https://live.staticflickr.com/1736/28829021188_db97ac2a05_b.jpg,https://www.flickr.com/photos/34576387@N05/28829021188,-33.458557,-71.663957,,,,,,,,,,,,,,,
https://live.staticflickr.com/4700/28234576759_2280e9e175_b.jpg,https://www.flickr.com/photos/34576387@N05/28234576759,-33.368545,-70.720367,,,,,,,,,,,,,,,
https://live.staticflickr.com/4220/34748171216_38ecdc28e9_b.jpg,https://www.flickr.com/photos/8125412@N04/34748171216,-0.223878,-78.517613,,,,,,,,,,,,,,,
https://live.staticflickr.com/1610/24596352119_71c9d0e0b7_b.jpg,https://www.flickr.com/photos/137877157@N06/24596352119,-34.470989,-57.851246,,,,,,,,,,,,,,,
https://live.staticflickr.com/1710/24831087075_c50bcc9561_b.jpg,https://www.flickr.com/photos/134062178@N07/24831087075,-23.562472,-46.655137,,,,,,,,,,,,,,,
https://live.staticflickr.com/6016/5926370585_1de9f0c311_b.jpg,https://www.flickr.com/photos/45335171@N02/5926370585,-20.385618,-43.503722,,,,,,,,,,,,,,,
https://live.staticflickr.com/2002/5796415020_6016a58c1b_b.jpg,https://www.flickr.com/photos/45335171@N02/5796415020,-12.923472,-38.508099,,,,,,,,,,,,,,,
https://live.staticflickr.com/1204/5125871795_b1cbf466fe_b.jpg,https://www.flickr.com/photos/45335171@N02/5125871795,-33.441756,-70.650481,,,,,,,,,,,,,,,
https://live.staticflickr.com/65535/54585844750_1385f30956_b.jpg,https://www.flickr.com/photos/24061144@N06/54585844750,-23.546756,-46.637499,,,,,,,,,,,,,,,
https://live.staticflickr.com/65535/54466442797_3b36ae3ae1_b.jpg,https://www.flickr.com/photos/45867871@N05/54466442797,-25.31348,-57.38575,,,,,,,,,,,,,,,
https://live.staticflickr.com/65535/54390338657_1b30dd3e88_b.jpg,https://www.flickr.com/photos/24061144@N06/54390338657,-23.978998,-46.316084,,,,,,,,,,,,,,,
https://live.staticflickr.com/65535/54301309446_7195579d72_b.jpg,https://www.flickr.com/photos/24061144@N06/54301309446,-22.895627,-43.18099,,,,,,,,,,,,,,,
https://live.staticflickr.com/65535/54271512870_5df34c84ee_b.jpg,https://www.flickr.com/photos/10456518@N06/54271512870,-15.835124,-70.014687,,,,,,,,,,,,,,,
https://live.staticflickr.com/65535/54165177466_b0e8337121_b.jpg,https://www.flickr.com/photos/54083450@N00/54165177466,-34.612045,-58.367295,,,,,,,,,,,,,,,
https://live.staticflickr.com/65535/54160534726_d39a6258d9_b.jpg,https://www.flickr.com/photos/54083450@N00/54160534726,-34.57492,-58.408775,,,,,,,,,,,,,,,
https://live.staticflickr.com/65535/54160987110_fe6baaf094_b.jpg,https://www.flickr.com/photos/54083450@N00/54160987110,-34.574895,-58.409028,,,,,,,,,,,,,,,
https://live.staticflickr.com/65535/54160840999_1d973ec984_b.jpg,https://www.flickr.com/photos/54083450@N00/54160840999,-34.574264,-58.409214,,,,,,,,,,,,,,,
https://live.staticflickr.com/65535/54160805958_f20942dfd7_b.jpg,https://www.flickr.com/photos/54083450@N00/54160805958,-34.574889,-58.408806,,,,,,,,,,,,,,,
https://live.staticflickr.com/65535/54160838719_6347e253ea_b.jpg,https://www.flickr.com/photos/54083450@N00/54160838719,-34.575687,-58.409356,,,,,,,,,,,,,,,
https://live.staticflickr.com/65535/54158246241_b09572d57f_b.jpg,https://www.flickr.com/photos/54083450@N00/54158246241,-34.611695,-58.374706,,,,,,,,,,,,,,,
https://live.staticflickr.com/65535/54158560194_44e2714381_b.jpg,https://www.flickr.com/photos/54083450@N00/54158560194,-34.608534,-58.374948,,,,,,,,,,,,,,,
https://live.staticflickr.com/65535/54157376047_06f82845cb_b.jpg,https://www.flickr.com/photos/54083450@N00/54157376047,-34.600267,-58.37537,,,,,,,,,,,,,,,
https://live.staticflickr.com/65535/54158238026_cb9bb07ea3_b.jpg,https://www.flickr.com/photos/54083450@N00/54158238026,-34.594925,-58.377525,,,,,,,,,,,,,,,
https://live.staticflickr.com/65535/54157372247_ea8e91cf53_b.jpg,https://www.flickr.com/photos/54083450@N00/54157372247,-34.591592,-58.373987,,,,,,,,,,,,,,,
https://live.staticflickr.com/65535/54157348727_b76a384bfa_b.jpg,https://www.flickr.com/photos/54083450@N00/54157348727,-34.577064,-58.40842,,,,,,,,,,,,,,,
https://live.staticflickr.com/65535/54158527569_ed28d02aba_b.jpg,https://www.flickr.com/photos/54083450@N00/54158527569,-34.572248,-58.415378,,,,,,,,,,,,,,,
https://live.staticflickr.com/65535/54158489483_69343df093_b.jpg,https://www.flickr.com/photos/54083450@N00/54158489483,-34.570434,-58.416631,,,,,,,,,,,,,,,
https://live.staticflickr.com/65535/54157344537_896b313644_b.jpg,https://www.flickr.com/photos/54083450@N00/54157344537,-34.570137,-58.417409,,,,,,,,,,,,,,,
https://live.staticflickr.com/65535/54157339412_7f6748646b_b.jpg,https://www.flickr.com/photos/54083450@N00/54157339412,-34.583167,-58.392709,,,,,,,,,,,,,,,
https://live.staticflickr.com/65535/54158202886_5c3f5dc2db_b.jpg,https://www.flickr.com/photos/54083450@N00/54158202886,-34.583675,-58.39117,,,,,,,,,,,,,,,
https://live.staticflickr.com/65535/54158658245_276d756cd8_b.jpg,https://www.flickr.com/photos/54083450@N00/54158658245,-34.583675,-58.39117,,,,,,,,,,,,,,,
https://live.staticflickr.com/65535/54158657830_48bfeb585a_b.jpg,https://www.flickr.com/photos/54083450@N00/54158657830,-34.58387,-58.391187,,,,,,,,,,,,,,,
https://live.staticflickr.com/65535/54158478133_674552b0ba_b.jpg,https://www.flickr.com/photos/54083450@N00/54158478133,-34.594139,-58.378056,,,,,,,,,,,,,,,
https://live.staticflickr.com/65535/54158472943_dded624d21_b.jpg,https://www.flickr.com/photos/54083450@N00/54158472943,-34.611448,-58.374778,,,,,,,,,,,,,,,
https://live.staticflickr.com/65535/54158191701_c1360cafdf_b.jpg,https://www.flickr.com/photos/54083450@N00/54158191701,-34.609448,-58.377737,,,,,,,,,,,,,,,
https://live.staticflickr.com/65535/54157328137_f7aaa676a8_b.jpg,https://www.flickr.com/photos/54083450@N00/54157328137,-34.611439,-58.374542,,,,,,,,,,,,,,,
https://live.staticflickr.com/65535/54150126080_86205d3d15_b.jpg,https://www.flickr.com/photos/54083450@N00/54150126080,-34.615945,-58.371525,,,,,,,,,,,,,,,
https://live.staticflickr.com/65535/54149664971_e2621ec2d3_b.jpg,https://www.flickr.com/photos/54083450@N00/54149664971,-34.621425,-58.371484,,,,,,,,,,,,,,,
https://live.staticflickr.com/65535/54149952073_e2d57f6afb_b.jpg,https://www.flickr.com/photos/54083450@N00/54149952073,-34.626912,-58.367548,,,,,,,,,,,,,,,
https://live.staticflickr.com/65535/54149657511_815f6547a4_b.jpg,https://www.flickr.com/photos/54083450@N00/54149657511,-34.634687,-58.359209,,,,,,,,,,,,,,,
https://live.staticflickr.com/65535/54148803467_4aa0d069b7_b.jpg,https://www.flickr.com/photos/54083450@N00/54148803467,-34.637214,-58.357678,,,,,,,,,,,,,,,
https://live.staticflickr.com/65535/54149978704_4187748f61_b.jpg,https://www.flickr.com/photos/54083450@N00/54149978704,-34.638203,-58.356742,,,,,,,,,,,,,,,
https://live.staticflickr.com/65535/54150109825_11df21d5df_b.jpg,https://www.flickr.com/photos/54083450@N00/54150109825,-34.63907,-58.358273,,,,,,,,,,,,,,,
https://live.staticflickr.com/65535/54148795057_2edac4ec99_b.jpg,https://www.flickr.com/photos/54083450@N00/54148795057,-34.639873,-58.363156,,,,,,,,,,,,,,,
https://live.staticflickr.com/65535/54149644691_a0dfe02a82_b.jpg,https://www.flickr.com/photos/54083450@N00/54149644691,-34.639267,-58.363628,,,,,,,,,,,,,,,
https://live.staticflickr.com/65535/54148793517_e5e4dbeeed_b.jpg,https://www.flickr.com/photos/54083450@N00/54148793517,-34.639317,-58.362767,,,,,,,,,,,,,,,
https://live.staticflickr.com/65535/54149935558_8d1c7fe9bb_b.jpg,https://www.flickr.com/photos/54083450@N00/54149935558,-34.639314,-58.362762,,,,,,,,,,,,,,,
https://live.staticflickr.com/65535/54149933768_5d08a9d59f_b.jpg,https://www.flickr.com/photos/54083450@N00/54149933768,-34.639134,-58.363217,,,,,,,,,,,,,,,
https://live.staticflickr.com/65535/54150098050_10be667f29_b.jpg,https://www.flickr.com/photos/54083450@N00/54150098050,-34.638942,-58.362062,,,,,,,,,,,,,,,
https://live.staticflickr.com/65535/54149966104_ba0e9058dd_b.jpg,https://www.flickr.com/photos/54083450@N00/54149966104,-34.639164,-58.361962,,,,,,,,,,,,,,,
https://live.staticflickr.com/65535/54149962064_b45600ca2d_b.jpg,https://www.flickr.com/photos/54083450@N00/54149962064,-34.642492,-58.365739,,,,,,,,,,,,,,,
https://live.staticflickr.com/65535/54150080135_9f063f49c2_b.jpg,https://www.flickr.com/photos/54083450@N00/54150080135,-34.623087,-58.395534,,,,,,,,,,,,,,,
https://live.staticflickr.com/65535/54146438232_84480a26e6_b.jpg,https://www.flickr.com/photos/34576387@N05/54146438232,-33.366672,-70.720882,,,,,,,,,,,,,,,
https://live.staticflickr.com/65535/54142354666_8d4254b6ff_b.jpg,https://www.flickr.com/photos/54083450@N00/54142354666,-34.636834,-58.372812,,,,,,,,,,,,,,,
https://live.staticflickr.com/65535/54142811180_46e3288420_b.jpg,https://www.flickr.com/photos/54083450@N00/54142811180,-34.642198,-58.371628,,,,,,,,,,,,,,,
https://live.staticflickr.com/65535/54141491167_0b58e38110_b.jpg,https://www.flickr.com/photos/54083450@N00/54141491167,-34.637178,-58.373589,,,,,,,,,,,,,,,
https://live.staticflickr.com/65535/54142665829_bbbc5b5578_b.jpg,https://www.flickr.com/photos/54083450@N00/54142665829,-34.64077,-58.367553,,,,,,,,,,,,,,,
https://live.staticflickr.com/65535/54142335151_cfa12bfcb4_b.jpg,https://www.flickr.com/photos/54083450@N00/54142335151,-34.619328,-58.370159,,,,,,,,,,,,,,,
https://live.staticflickr.com/65535/54141476897_caee9cd6c9_b.jpg,https://www.flickr.com/photos/54083450@N00/54141476897,-34.617928,-58.370178,,,,,,,,,,,,,,,
https://live.staticflickr.com/65535/54142786335_3b4d73d10b_b.jpg,https://www.flickr.com/photos/54083450@N00/54142786335,-34.618523,-58.379923,,,,,,,,,,,,,,,
https://live.staticflickr.com/65535/54142783340_ce258f1155_b.jpg,https://www.flickr.com/photos/54083450@N00/54142783340,-34.619698,-58.375,,,,,,,,,,,,,,,
https://live.staticflickr.com/65535/54142775515_dab707d751_b.jpg,https://www.flickr.com/photos/54083450@N00/54142775515,-34.616089,-58.380223,,,,,,,,,,,,,,,
https://live.staticflickr.com/65535/54141458567_c6020bc611_b.jpg,https://www.flickr.com/photos/54083450@N00/54141458567,-34.613803,-58.376489,,,,,,,,,,,,,,,
https://live.staticflickr.com/65535/54121794185_d7f46c039c_b.jpg,https://www.flickr.com/photos/54083450@N00/54121794185,-34.618531,-58.3758,,,,,,,,,,,,,,,
https://live.staticflickr.com/65535/54121602498_fc741ea949_b.jpg,https://www.flickr.com/photos/54083450@N00/54121602498,-34.614353,-58.373287,,,,,,,,,,,,,,,
https://live.staticflickr.com/65535/54121789450_eb662c491d_b.jpg,https://www.flickr.com/photos/54083450@N00/54121789450,-34.6148,-58.373131,,,,,,,,,,,,,,,
https://live.staticflickr.com/65535/54121329961_9c0dd47b39_b.jpg,https://www.flickr.com/photos/54083450@N00/54121329961,-34.619103,-58.375767,,,,,,,,,,,,,,,
https://live.staticflickr.com/65535/54120478337_854fce2b7a_b.jpg,https://www.flickr.com/photos/54083450@N00/54120478337,-34.619831,-58.375809,,,,,,,,,,,,,,,
https://live.staticflickr.com/65535/54121783140_c1fe7076a0_b.jpg,https://www.flickr.com/photos/54083450@N00/54121783140,-34.626137,-58.3778,,,,,,,,,,,,,,,
https://live.staticflickr.com/65535/54121781155_db834f00e7_b.jpg,https://www.flickr.com/photos/54083450@N00/54121781155,-34.625842,-58.375673,,,,,,,,,,,,,,,
https://live.staticflickr.com/65535/54121657419_1b9d07c764_b.jpg,https://www.flickr.com/photos/54083450@N00/54121657419,-34.626687,-58.372425,,,,,,,,,,,,,,,
https://live.staticflickr.com/65535/54121586223_50ef003def_b.jpg,https://www.flickr.com/photos/54083450@N00/54121586223,-34.634656,-58.375625,,,,,,,,,,,,,,,
https://live.staticflickr.com/65535/54121774190_0a380716d1_b.jpg,https://www.flickr.com/photos/54083450@N00/54121774190,-34.632923,-58.380131,,,,,,,,,,,,,,,
https://live.staticflickr.com/65535/54121317026_7b5a82be59_b.jpg,https://www.flickr.com/photos/54083450@N00/54121317026,-34.632962,-58.380245,,,,,,,,,,,,,,,
https://live.staticflickr.com/65535/54121315961_cfd059aa51_b.jpg,https://www.flickr.com/photos/54083450@N00/54121315961,-34.632806,-58.382539,,,,,,,,,,,,,,,
https://live.staticflickr.com/65535/54121313806_93d596ace3_b.jpg,https://www.flickr.com/photos/54083450@N00/54121313806,-34.629775,-58.384148,,,,,,,,,,,,,,,
https://live.staticflickr.com/65535/54121648244_40173770fd_b.jpg,https://www.flickr.com/photos/54083450@N00/54121648244,-34.628395,-58.384267,,,,,,,,,,,,,,,
https://live.staticflickr.com/65535/54121305706_cf1d27a0e9_b.jpg,https://www.flickr.com/photos/54083450@N00/54121305706,-34.625431,-58.39467,,,,,,,,,,,,,,,
https://live.staticflickr.com/65535/54120454182_a2586b4a5c_b.jpg,https://www.flickr.com/photos/54083450@N00/54120454182,-34.625709,-58.397337,,,,,,,,,,,,,,,
https://live.staticflickr.com/65535/54121572723_178413c902_b.jpg,https://www.flickr.com/photos/54083450@N00/54121572723,-34.625959,-58.400306,,,,,,,,,,,,,,,
https://live.staticflickr.com/65535/54121299836_9e1f660d24_b.jpg,https://www.flickr.com/photos/54083450@N00/54121299836,-34.622762,-58.419773,,,,,,,,,,,,,,,
https://live.staticflickr.com/65535/54121635639_67063cca05_b.jpg,https://www.flickr.com/photos/54083450@N00/54121635639,-34.622364,-58.416262,,,,,,,,,,,,,,,
https://live.staticflickr.com/65535/54120447452_c78faaf261_b.jpg,https://www.flickr.com/photos/54083450@N00/54120447452,-34.623328,-58.424509,,,,,,,,,,,,,,,
https://live.staticflickr.com/65535/54121754220_830740ff1a_b.jpg,https://www.flickr.com/photos/54083450@N00/54121754220,-34.623328,-58.425337,,,,,,,,,,,,,,,
https://live.staticflickr.com/65535/54121565183_356c3658f8_b.jpg,https://www.flickr.com/photos/54083450@N00/54121565183,-34.62072,-58.428003,,,,,,,,,,,,,,,
https://live.staticflickr.com/65535/54121629029_005a05a34e_b.jpg,https://www.flickr.com/photos/54083450@N00/54121629029,-34.606023,-58.435539,,,,,,,,,,,,,,,
https://live.staticflickr.com/65535/54121749345_c807f827fd_b.jpg,https://www.flickr.com/photos/54083450@N00/54121749345,-34.604473,-58.436006,,,,,,,,,,,,,,,
https://live.staticflickr.com/65535/52487728185_c75b7a8ac6_b.jpg,https://www.flickr.com/photos/88748006@N07/52487728185,-34.603717,-58.383643,,,,,,,,,,,,,,,
https://live.staticflickr.com/65535/52473153786_a4e321207b_b.jpg,https://www.flickr.com/photos/151118354@N02/52473153786,-22.63712,-47.052964,,,,,,,,,,,,,,,
https://live.staticflickr.com/65535/52273056792_4360d88c76_b.jpg,https://www.flickr.com/photos/88748006@N07/52273056792,-34.607679,-58.371047,,,,,,,,,,,,,,,
https://live.staticflickr.com/65535/52014657649_54cb359ae3_b.jpg,https://www.flickr.com/photos/194718226@N07/52014657649,-33.048601,-71.613221,,,,,,,,,,,,,,,
https://live.staticflickr.com/65535/51954978440_15b988999d_b.jpg,https://www.flickr.com/photos/79078037@N03/51954978440,-20.383964,-43.504164,,,,,,,,,,,,,,,
https://live.staticflickr.com/65535/51937158524_4ff8a468a6_b.jpg,https://www.flickr.com/photos/34576387@N05/51937158524,-33.041622,-71.629765,,,,,,,,,,,,,,,
https://live.staticflickr.com/65535/51909823154_9792aef300_b.jpg,https://www.flickr.com/photos/42416576@N03/51909823154,4.938327,-52.33172,,,,,,,,,,,,,,,
https://live.staticflickr.com/65535/51902133712_5e32f96a0e_b.jpg,https://www.flickr.com/photos/60342453@N06/51902133712,-27.593823,-48.562564,,,,,,,,,,,,,,,
https://live.staticflickr.com/65535/51746806605_c2641afe10_b.jpg,https://www.flickr.com/photos/34576387@N05/51746806605,-33.441889,-70.652153,,,,,,,,,,,,,,,
https://live.staticflickr.com/65535/51697922527_9c73784dd7_b.jpg,https://www.flickr.com/photos/34576387@N05/51697922527,-33.035146,-71.632586,,,,,,,,,,,,,,,
https://live.staticflickr.com/65535/51650078899_07d663c065_b.jpg,https://www.flickr.com/photos/70075489@N03/51650078899,-34.619772,-58.372295,,,,,,,,,,,,,,,
https://live.staticflickr.com/65535/51567732937_94725c9efd_b.jpg,https://www.flickr.com/photos/37409770@N00/51567732937,-13.516648,-71.978803,,,,,,,,,,,,,,,
https://live.staticflickr.com/65535/51460790350_04626d40e1_b.jpg,https://www.flickr.com/photos/34576387@N05/51460790350,-33.441513,-70.649889,,,,,,,,,,,,,,,
https://live.staticflickr.com/65535/51456907722_86b4479101_b.jpg,https://www.flickr.com/photos/13058904@N06/51456907722,-33.041136,-71.627501,,,,,,,,,,,,,,,
https://live.staticflickr.com/65535/51380906171_7f7e92b08a_b.jpg,https://www.flickr.com/photos/34576387@N05/51380906171,-33.644357,-70.711483,,,,,,,,,,,,,,,
https://live.staticflickr.com/65535/51347563601_7e34d6a61c_b.jpg,https://www.flickr.com/photos/146863161@N02/51347563601,-33.416344,-70.595204,,,,,,,,,,,,,,,
https://live.staticflickr.com/65535/51290750373_a0e0cd3e7f_b.jpg,https://www.flickr.com/photos/34576387@N05/51290750373,-33.444091,-70.653945,,,,,,,,,,,,,,,
https://live.staticflickr.com/65535/51287706434_b35cf8fd89_b.jpg,https://www.flickr.com/photos/79078037@N03/51287706434,-21.138348,-44.260753,,,,,,,,,,,,,,,
https://live.staticflickr.com/65535/51272433326_a218be3e4c_b.jpg,https://www.flickr.com/photos/79078037@N03/51272433326,-21.1362,-44.262592,,,,,,,,,,,,,,,
https://live.staticflickr.com/65535/51265325848_fcf82ee450_b.jpg,https://www.flickr.com/photos/34576387@N05/51265325848,-33.047576,-71.621578,,,,,,,,,,,,,,,
https://live.staticflickr.com/65535/51251016402_356a7963b7_b.jpg,https://www.flickr.com/photos/79078037@N03/51251016402,-22.028764,-44.319103,,,,,,,,,,,,,,,
https://live.staticflickr.com/65535/51240078324_58d3c81bac_b.jpg,https://www.flickr.com/photos/34576387@N05/51240078324,-33.416039,-70.604485,,,,,,,,,,,,,,,
https://live.staticflickr.com/65535/51203056746_ecb8f12127_b.jpg,https://www.flickr.com/photos/79078037@N03/51203056746,-21.058109,-44.078595,,,,,,,,,,,,,,,
https://live.staticflickr.com/65535/51197527746_4cdae76e80_b.jpg,https://www.flickr.com/photos/70075489@N03/51197527746,-34.604712,-58.389299,,,,,,,,,,,,,,,
https://live.staticflickr.com/65535/51188565516_b9f44f9513_b.jpg,https://www.flickr.com/photos/193032810@N03/51188565516,-17.393269,-66.156374,,,,,,,,,,,,,,,
https://live.staticflickr.com/65535/51135860738_3503d4cf5c_b.jpg,https://www.flickr.com/photos/34576387@N05/51135860738,-33.474587,-70.739593,,,,,,,,,,,,,,,
https://live.staticflickr.com/65535/51126493092_230fe89479_b.jpg,https://www.flickr.com/photos/34576387@N05/51126493092,-33.041685,-71.625237,,,,,,,,,,,,,,,
https://live.staticflickr.com/65535/51032297692_aa5d0293b2_b.jpg,https://www.flickr.com/photos/70075489@N03/51032297692,-34.608956,-58.400869,,,,,,,,,,,,,,,
https://live.staticflickr.com/65535/51004349922_b2997294e5_b.jpg,https://www.flickr.com/photos/79078037@N03/51004349922,-21.389756,-42.696178,,,,,,,,,,,,,,,
https://live.staticflickr.com/65535/50956485203_13f2b76761_b.jpg,https://www.flickr.com/photos/79078037@N03/50956485203,-21.697989,-42.959617,,,,,,,,,,,,,,,
https://live.staticflickr.com/65535/50955629116_6f607fc83a_b.jpg,https://www.flickr.com/photos/34576387@N05/50955629116,-33.424574,-70.608309,,,,,,,,,,,,,,,
https://live.staticflickr.com/65535/50927012608_ac3c59a8d5_b.jpg,https://www.flickr.com/photos/34576387@N05/50927012608,-33.426722,-70.633463,,,,,,,,,,,,,,,
https://live.staticflickr.com/65535/50911598868_1238fbf147_b.jpg,https://www.flickr.com/photos/70075489@N03/50911598868,-34.603565,-58.40866,,,,,,,,,,,,,,,
https://live.staticflickr.com/65535/50864454026_5df0d3f6a2_b.jpg,https://www.flickr.com/photos/74492144@N00/50864454026,-33.440666,-70.645362,,,,,,,,,,,,,,,
https://live.staticflickr.com/65535/50560778702_f320e73310_b.jpg,https://www.flickr.com/photos/97968921@N00/50560778702,4.595246,-74.074384,,,,,,,,,,,,,,,
https://live.staticflickr.com/65535/50543560543_43d4df1d70_b.jpg,https://www.flickr.com/photos/79078037@N03/50543560543,-21.455924,-43.552111,,,,,,,,,,,,,,,
https://live.staticflickr.com/65535/50344969288_c5a841cc10_b.jpg,https://www.flickr.com/photos/34576387@N05/50344969288,-33.536154,-70.592715,,,,,,,,,,,,,,,
https://live.staticflickr.com/65535/50296279596_aa22d7d804_b.jpg,https://www.flickr.com/photos/34576387@N05/50296279596,-33.437959,-70.673954,,,,,,,,,,,,,,,
https://live.staticflickr.com/65535/50168404996_7f8d130548_b.jpg,https://www.flickr.com/photos/34576387@N05/50168404996,-33.638784,-70.712374,,,,,,,,,,,,,,,
https://live.staticflickr.com/65535/50060552947_1ff6f35f33_b.jpg,https://www.flickr.com/photos/34576387@N05/50060552947,-33.508355,-70.589969,,,,,,,,,,,,,,,
https://live.staticflickr.com/65535/50054375406_455876bed3_b.jpg,https://www.flickr.com/photos/8819719@N02/50054375406,8.95246,-79.535179,,,,,,,,,,,,,,,
https://live.staticflickr.com/65535/49999613711_166c69a070_b.jpg,https://www.flickr.com/photos/22950430@N05/49999613711,6.247637,-75.570026,,,,,,,,,,,,,,,
https://live.staticflickr.com/65535/49962247832_71042eb851_b.jpg,https://www.flickr.com/photos/34576387@N05/49962247832,-33.435721,-70.650372,,,,,,,,,,,,,,,
https://live.staticflickr.com/65535/49921958222_6ed76e7dcf_b.jpg,https://www.flickr.com/photos/34576387@N05/49921958222,-33.40428,-70.573672,,,,,,,,,,,,,,,
https://live.staticflickr.com/65535/49788830072_e6632795d5_b.jpg,https://www.flickr.com/photos/70075489@N03/49788830072,-34.622795,-58.37029,,,,,,,,,,,,,,,
https://live.staticflickr.com/65535/49783834762_d44c3dfdcc_b.jpg,https://www.flickr.com/photos/62973218@N02/49783834762,-22.973229,-43.249523,,,,,,,,,,,,,,,
https://live.staticflickr.com/65535/49725215923_58b5806cfe_b.jpg,https://www.flickr.com/photos/101570665@N07/49725215923,-33.417024,-70.598359,,,,,,,,,,,,,,,
https://live.staticflickr.com/65535/49688568312_d16899946f_b.jpg,https://www.flickr.com/photos/146863161@N02/49688568312,-33.43992,-70.649342,,,,,,,,,,,,,,,
https://live.staticflickr.com/65535/54142316991_65a6c98c86_b.jpg,https://www.flickr.com/photos/54083450@N00/54142316991,-34.620895,-58.377731,,,,,,,,,,,,,,,
https://live.staticflickr.com/65535/54142640184_4c004964f0_b.jpg,https://www.flickr.com/photos/54083450@N00/54142640184,-34.614037,-58.376484,,,,,,,,,,,,,,,
https://live.staticflickr.com/65535/54141458397_a26050b359_b.jpg,https://www.flickr.com/photos/54083450@N00/54141458397,-34.614064,-58.377075,,,,,,,,,,,,,,,
https://live.staticflickr.com/65535/54137762829_eed8b6383d_b.jpg,https://www.flickr.com/photos/146804714@N02/54137762829,-34.437072,-57.86511,,,,,,,,,,,,,,,
https://live.staticflickr.com/65535/54121339676_b59fa6320a_b.jpg,https://www.flickr.com/photos/54083450@N00/54121339676,-34.616756,-58.373128,,,,,,,,,,,,,,,
https://live.staticflickr.com/65535/54121332016_7fb3f152ea_b.jpg,https://www.flickr.com/photos/54083450@N00/54121332016,-34.615562,-58.37315,,,,,,,,,,,,,,,
https://live.staticflickr.com/65535/54121599938_9a985c61d3_b.jpg,https://www.flickr.com/photos/54083450@N00/54121599938,-34.615898,-58.373178,,,,,,,,,,,,,,,
https://live.staticflickr.com/65535/54121598098_d3e73e8356_b.jpg,https://www.flickr.com/photos/54083450@N00/54121598098,-34.619112,-58.375809,,,,,,,,,,,,,,,
https://live.staticflickr.com/65535/54121327681_9e09e2cb49_b.jpg,https://www.flickr.com/photos/54083450@N00/54121327681,-34.623795,-58.378478,,,,,,,,,,,,,,,
https://live.staticflickr.com/65535/54121656519_ee673fbe63_b.jpg,https://www.flickr.com/photos/54083450@N00/54121656519,-34.628014,-58.372281,,,,,,,,,,,,,,,
https://live.staticflickr.com/65535/54121769500_f6b5105c19_b.jpg,https://www.flickr.com/photos/54083450@N00/54121769500,-34.629128,-58.384217,,,,,,,,,,,,,,,
https://live.staticflickr.com/65535/54121577908_330cb0e6c7_b.jpg,https://www.flickr.com/photos/54083450@N00/54121577908,-34.626173,-58.387128,,,,,,,,,,,,,,,
https://live.staticflickr.com/65535/54121642019_c9f8652097_b.jpg,https://www.flickr.com/photos/54083450@N00/54121642019,-34.625356,-58.394609,,,,,,,,,,,,,,,
https://live.staticflickr.com/65535/54121299216_caa020de67_b.jpg,https://www.flickr.com/photos/54083450@N00/54121299216,-34.622853,-58.421231,,,,,,,,,,,,,,,
https://live.staticflickr.com/65535/54121751010_5c3353b093_b.jpg,https://www.flickr.com/photos/54083450@N00/54121751010,-34.607098,-58.43295,,,,,,,,,,,,,,,
https://live.staticflickr.com/65535/54121619369_ff2125d1ce_b.jpg,https://www.flickr.com/photos/54083450@N00/54121619369,-34.614223,-58.397575,,,,,,,,,,,,,,,
https://live.staticflickr.com/65535/54121551543_b1649dc443_b.jpg,https://www.flickr.com/photos/54083450@N00/54121551543,-34.614198,-58.397592,,,,,,,,,,,,,,,
https://live.staticflickr.com/65535/54121738175_a8b9239d8c_b.jpg,https://www.flickr.com/photos/54083450@N00/54121738175,-34.614078,-58.396045,,,,,,,,,,,,,,,
https://live.staticflickr.com/65535/54121736010_13db0784f3_b.jpg,https://www.flickr.com/photos/54083450@N00/54121736010,-34.613442,-58.391737,,,,,,,,,,,,,,,
https://live.staticflickr.com/65535/54121613534_01efc5598c_b.jpg,https://www.flickr.com/photos/54083450@N00/54121613534,-34.613248,-58.383187,,,,,,,,,,,,,,,
https://live.staticflickr.com/65535/54121613094_b1a86a82af_b.jpg,https://www.flickr.com/photos/54083450@N00/54121613094,-34.613225,-58.383392,,,,,,,,,,,,,,,
https://live.staticflickr.com/65535/54118071354_40bbd227ab_b.jpg,https://www.flickr.com/photos/54083450@N00/54118071354,-34.610048,-58.371998,,,,,,,,,,,,,,,
https://live.staticflickr.com/65535/54118203120_a1b2e3f642_b.jpg,https://www.flickr.com/photos/54083450@N00/54118203120,-34.61065,-58.37812,,,,,,,,,,,,,,,
https://live.staticflickr.com/65535/54118203085_b117a70ce4_b.jpg,https://www.flickr.com/photos/54083450@N00/54118203085,-34.610642,-58.379423,,,,,,,,,,,,,,,
https://live.staticflickr.com/65535/54116877417_fa28215542_b.jpg,https://www.flickr.com/photos/54083450@N00/54116877417,-34.611259,-58.387414,,,,,,,,,,,,,,,
https://live.staticflickr.com/65535/54118012218_4214ceae04_b.jpg,https://www.flickr.com/photos/54083450@N00/54118012218,-34.607681,-58.387981,,,,,,,,,,,,,,,
https://live.staticflickr.com/65535/54118069114_d2e56261fa_b.jpg,https://www.flickr.com/photos/54083450@N00/54118069114,-34.598595,-58.388339,,,,,,,,,,,,,,,
https://live.staticflickr.com/65535/54118201465_e2098e48dc_b.jpg,https://www.flickr.com/photos/54083450@N00/54118201465,-34.596295,-58.388356,,,,,,,,,,,,,,,
https://live.staticflickr.com/65535/54118011038_1e6a31ed2e_b.jpg,https://www.flickr.com/photos/54083450@N00/54118011038,-34.594173,-58.389112,,,,,,,,,,,,,,,
https://live.staticflickr.com/65535/54118200675_ba9cdbb1e8_b.jpg,https://www.flickr.com/photos/54083450@N00/54118200675,-34.584928,-58.399967,,,,,,,,,,,,,,,
https://live.staticflickr.com/65535/54118009903_a165956879_b.jpg,https://www.flickr.com/photos/54083450@N00/54118009903,-34.583401,-58.406162,,,,,,,,,,,,,,,
https://live.staticflickr.com/65535/54116873377_72363865cd_b.jpg,https://www.flickr.com/photos/54083450@N00/54116873377,-34.579537,-58.418525,,,,,,,,,,,,,,,
https://live.staticflickr.com/65535/54118062714_2b10b4993e_b.jpg,https://www.flickr.com/photos/54083450@N00/54118062714,-34.599503,-58.392967,,,,,,,,,,,,,,,
https://live.staticflickr.com/65535/54110985935_a10a6d520b_b.jpg,https://www.flickr.com/photos/54083450@N00/54110985935,-34.618748,-58.377259,,,,,,,,,,,,,,,
https://live.staticflickr.com/65535/54110860644_d67e7be9e7_b.jpg,https://www.flickr.com/photos/54083450@N00/54110860644,-34.602531,-58.383828,,,,,,,,,,,,,,,
https://live.staticflickr.com/65535/54109651507_c41c295509_b.jpg,https://www.flickr.com/photos/54083450@N00/54109651507,-34.609814,-58.392067,,,,,,,,,,,,,,,
https://live.staticflickr.com/65535/54110980565_d33bfacc6a_b.jpg,https://www.flickr.com/photos/54083450@N00/54110980565,-34.60967,-58.391134,,,,,,,,,,,,,,,
https://live.staticflickr.com/65535/54110779908_9326efae6b_b.jpg,https://www.flickr.com/photos/54083450@N00/54110779908,-34.608781,-58.386259,,,,,,,,,,,,,,,
https://live.staticflickr.com/65535/54109650637_9707ff670a_b.jpg,https://www.flickr.com/photos/54083450@N00/54109650637,-34.60867,-58.383453,,,,,,,,,,,,,,,
https://live.staticflickr.com/65535/54110857594_d0e168601a_b.jpg,https://www.flickr.com/photos/54083450@N00/54110857594,-34.609903,-58.402578,,,,,,,,,,,,,,,
https://live.staticflickr.com/65535/54110978035_a2ec4094fc_b.jpg,https://www.flickr.com/photos/54083450@N00/54110978035,-34.602164,-58.3955,,,,,,,,,,,,,,,
https://live.staticflickr.com/65535/54109648317_f6c54d32a0_b.jpg,https://www.flickr.com/photos/54083450@N00/54109648317,-34.601534,-58.38632,,,,,,,,,,,,,,,
https://live.staticflickr.com/65535/54110974205_21dbe25840_b.jpg,https://www.flickr.com/photos/54083450@N00/54110974205,-34.612373,-58.368017,,,,,,,,,,,,,,,
https://live.staticflickr.com/65535/54110772218_7b50605d53_b.jpg,https://www.flickr.com/photos/54083450@N00/54110772218,-34.608075,-58.365273,,,,,,,,,,,,,,,
https://live.staticflickr.com/65535/54110850949_974f90a522_b.jpg,https://www.flickr.com/photos/54083450@N00/54110850949,-34.608048,-58.365259,,,,,,,,,,,,,,,
https://live.staticflickr.com/65535/54110971810_6d8067612d_b.jpg,https://www.flickr.com/photos/54083450@N00/54110971810,-34.603703,-58.366417,,,,,,,,,,,,,,,
https://live.staticflickr.com/65535/54109641962_a171d047e6_b.jpg,https://www.flickr.com/photos/54083450@N00/54109641962,-34.604634,-58.372392,,,,,,,,,,,,,,,
https://live.staticflickr.com/65535/54103801733_eb02906f2f_b.jpg,https://www.flickr.com/photos/54083450@N00/54103801733,-34.610431,-58.373459,,,,,,,,,,,,,,,
https://live.staticflickr.com/65535/54103883214_c0668cf76a_b.jpg,https://www.flickr.com/photos/54083450@N00/54103883214,-34.609314,-58.37357,,,,,,,,,,,,,,,
https://live.staticflickr.com/65535/54103881874_edbc4146b4_b.jpg,https://www.flickr.com/photos/54083450@N00/54103881874,-34.607742,-58.373603,,,,,,,,,,,,,,,
https://live.staticflickr.com/65535/54103793918_434cb91a92_b.jpg,https://www.flickr.com/photos/54083450@N00/54103793918,-34.605073,-58.373795,,,,,,,,,,,,,,,
https://live.staticflickr.com/65535/54103527251_4dd7776927_b.jpg,https://www.flickr.com/photos/54083450@N00/54103527251,-34.609742,-58.391725,,,,,,,,,,,,,,,
https://live.staticflickr.com/65535/54103956800_f2f17369df_b.jpg,https://www.flickr.com/photos/54083450@N00/54103956800,-34.614373,-58.376056,,,,,,,,,,,,,,,
https://live.staticflickr.com/65535/54099900587_6226ba7dd0_b.jpg,https://www.flickr.com/photos/54083450@N00/54099900587,-34.612642,-58.391517,,,,,,,,,,,,,,,
https://live.staticflickr.com/65535/54101087134_cb1bfb9d31_b.jpg,https://www.flickr.com/photos/54083450@N00/54101087134,-34.587464,-58.39225,,,,,,,,,,,,,,,
https://live.staticflickr.com/65535/54101078859_f58f99e4d6_b.jpg,https://www.flickr.com/photos/54083450@N00/54101078859,-34.586875,-58.39302,,,,,,,,,,,,,,,
https://live.staticflickr.com/65535/54100732661_7a4f31a05f_b.jpg,https://www.flickr.com/photos/54083450@N00/54100732661,-34.587209,-58.39455,,,,,,,,,,,,,,,
https://live.staticflickr.com/65535/54101173110_51ab9764ba_b.jpg,https://www.flickr.com/photos/54083450@N00/54101173110,-34.586237,-58.389225,,,,,,,,,,,,,,,
https://live.staticflickr.com/65535/54100718646_60b7e964ed_b.jpg,https://www.flickr.com/photos/54083450@N00/54100718646,-34.591403,-58.383614,,,,,,,,,,,,,,,
https://live.staticflickr.com/65535/54100960193_a819b66318_b.jpg,https://www.flickr.com/photos/54083450@N00/54100960193,-34.617359,-58.384312,,,,,,,,,,,,,,,
https://live.staticflickr.com/65535/54099840152_14e2906ea5_b.jpg,https://www.flickr.com/photos/54083450@N00/54099840152,-34.62112,-58.382898,,,,,,,,,,,,,,,
https://live.staticflickr.com/65535/54100952558_012b7dc8f8_b.jpg,https://www.flickr.com/photos/54083450@N00/54100952558,-34.627303,-58.378059,,,,,,,,,,,,,,,
https://live.staticflickr.com/65535/54101009229_a18824462b_b.jpg,https://www.flickr.com/photos/54083450@N00/54101009229,-34.612739,-58.371731,,,,,,,,,,,,,,,
https://live.staticflickr.com/65535/54100922648_57acc07b96_b.jpg,https://www.flickr.com/photos/54083450@N00/54100922648,-34.613348,-58.3718,,,,,,,,,,,,,,,
https://live.staticflickr.com/65535/54089839980_5b962be594_b.jpg,https://www.flickr.com/photos/54083450@N00/54089839980,-34.905667,-56.208084,,,,,,,,,,,,,,,
https://live.staticflickr.com/65535/54089384116_e088d335f7_b.jpg,https://www.flickr.com/photos/54083450@N00/54089384116,-34.9038,-56.202001,,,,,,,,,,,,,,,
https://live.staticflickr.com/65535/54089715404_3122bbcd7d_b.jpg,https://www.flickr.com/photos/54083450@N00/54089715404,-34.906375,-56.199898,,,,,,,,,,,,,,,
https://live.staticflickr.com/65535/54089715209_ff76a3ec68_b.jpg,https://www.flickr.com/photos/54083450@N00/54089715209,-34.906814,-56.202973,,,,,,,,,,,,,,,
https://live.staticflickr.com/65535/54089383311_df5b7b9a56_b.jpg,https://www.flickr.com/photos/54083450@N00/54089383311,-34.907167,-56.203792,,,,,,,,,,,,,,,
https://live.staticflickr.com/65535/54088343602_a04155cc5c_b.jpg,https://www.flickr.com/photos/54083450@N00/54088343602,-34.903256,-56.186295,,,,,,,,,,,,,,,
https://live.staticflickr.com/65535/54089671955_4a619a8523_b.jpg,https://www.flickr.com/photos/54083450@N00/54089671955,-34.89362,-56.186445,,,,,,,,,,,,,,,
https://live.staticflickr.com/525/19949744536_6b059eb4d0_b.jpg,https://www.flickr.com/photos/33083542@N00/19949744536,-13.163421,-72.545354,,,,,,,,,,,,,,,
https://live.staticflickr.com/269/19277066786_3b6ec27e45_b.jpg,https://www.flickr.com/photos/32628564@N07/19277066786,12.528171,-70.05181,,,,,,,,,,,,,,,
https://live.staticflickr.com/282/18559327583_0432b0cc06_b.jpg,https://www.flickr.com/photos/8865243@N02/18559327583,-23.218739,-44.711211,,,,,,,,,,,,,,,
https://live.staticflickr.com/378/18993736119_c5932ffcf3_b.jpg,https://www.flickr.com/photos/8865243@N02/18993736119,-23.218739,-44.711211,,,,,,,,,,,,,,,
https://live.staticflickr.com/267/19179837415_4260877a99_b.jpg,https://www.flickr.com/photos/8865243@N02/19179837415,-23.218739,-44.711211,,,,,,,,,,,,,,,
https://live.staticflickr.com/3690/18557225754_0a94f2e6d9_b.jpg,https://www.flickr.com/photos/8865243@N02/18557225754,-23.218739,-44.711211,,,,,,,,,,,,,,,
https://live.staticflickr.com/417/19153598846_aaf169e688_b.jpg,https://www.flickr.com/photos/8865243@N02/19153598846,-23.218739,-44.711211,,,,,,,,,,,,,,,
https://live.staticflickr.com/490/18557206244_428b998581_b.jpg,https://www.flickr.com/photos/8865243@N02/18557206244,-23.218739,-44.711211,,,,,,,,,,,,,,,
https://live.staticflickr.com/381/19153452716_9cdf4f18e3_b.jpg,https://www.flickr.com/photos/8865243@N02/19153452716,-23.218739,-44.711211,,,,,,,,,,,,,,,
https://live.staticflickr.com/468/18991993728_7163e2e1d1_b.jpg,https://www.flickr.com/photos/8865243@N02/18991993728,-23.218739,-44.711211,,,,,,,,,,,,,,,
https://live.staticflickr.com/3748/18216338353_6df81bf811_b.jpg,https://www.flickr.com/photos/98652059@N00/18216338353,-23.546719,-46.644569,,,,,,,,,,,,,,,
https://live.staticflickr.com/8893/18460816485_30a7219680_b.jpg,https://www.flickr.com/photos/99154263@N06/18460816485,-33.036331,-71.63164,,,,,,,,,,,,,,,
https://live.staticflickr.com/7734/18183867686_89f7d7c98b_b.jpg,https://www.flickr.com/photos/22942845@N07/18183867686,-22.960689,-44.040895,,,,,,,,,,,,,,,
https://live.staticflickr.com/8811/18005471271_bc571f1614_b.jpg,https://www.flickr.com/photos/108546155@N04/18005471271,-34.609025,-58.375017,,,,,,,,,,,,,,,
https://live.staticflickr.com/5324/17909247801_aa8df752cc_b.jpg,https://www.flickr.com/photos/99154263@N06/17909247801,-33.036855,-71.628971,,,,,,,,,,,,,,,
https://live.staticflickr.com/7714/17159594147_67de9d4c87_b.jpg,https://www.flickr.com/photos/108546155@N04/17159594147,-34.609422,-58.374427,,,,,,,,,,,,,,,
https://live.staticflickr.com/8561/16480377579_d3aaa09faf_b.jpg,https://www.flickr.com/photos/32190619@N06/16480377579,-25.423227,-49.268499,,,,,,,,,,,,,,,
https://live.staticflickr.com/8594/16445830105_053ebdcc70_b.jpg,https://www.flickr.com/photos/33579264@N04/16445830105,8.953141,-79.535772,,,,,,,,,,,,,,,
https://live.staticflickr.com/8626/15688512450_da988401d7_b.jpg,https://www.flickr.com/photos/48103768@N00/15688512450,-34.565603,-58.414896,,,,,,,,,,,,,,,
https://live.staticflickr.com/7525/15638980858_570d07bbfe_b.jpg,https://www.flickr.com/photos/39954880@N08/15638980858,-38.017618,-57.544058,,,,,,,,,,,,,,,
https://live.staticflickr.com/7545/15158695143_283fa72dbc_b.jpg,https://www.flickr.com/photos/57331782@N05/15158695143,-12.133005,-77.029759,,,,,,,,,,,,,,,
https://live.staticflickr.com/3910/15128124790_f25e653281_b.jpg,https://www.flickr.com/photos/28116451@N00/15128124790,-30.032492,-51.229948,,,,,,,,,,,,,,,
https://live.staticflickr.com/3875/15030818080_64af3989f8_b.jpg,https://www.flickr.com/photos/8865243@N02/15030818080,-34.894531,-56.15122,,,,,,,,,,,,,,,
https://live.staticflickr.com/3894/15030917418_d030f98301_b.jpg,https://www.flickr.com/photos/8865243@N02/15030917418,-34.894609,-56.151614,,,,,,,,,,,,,,,
https://live.staticflickr.com/5596/15030808800_5c9c3cdf97_b.jpg,https://www.flickr.com/photos/8865243@N02/15030808800,-34.894609,-56.151614,,,,,,,,,,,,,,,
https://live.staticflickr.com/3917/15029007389_972f3d314c_b.jpg,https://www.flickr.com/photos/8865243@N02/15029007389,-34.894598,-56.151584,,,,,,,,,,,,,,,
https://live.staticflickr.com/5564/15117957921_ba06f57fb5_b.jpg,https://www.flickr.com/photos/123719376@N02/15117957921,-22.917244,-43.176005,,,,,,,,,,,,,,,
https://live.staticflickr.com/3841/14857338197_5ec97247f3_b.jpg,https://www.flickr.com/photos/59238173@N07/14857338197,-34.609307,-58.365983,,,,,,,,,,,,,,,
https://live.staticflickr.com/5578/14737383623_bf505a1776_b.jpg,https://www.flickr.com/photos/98652059@N00/14737383623,-23.546372,-46.638958,,,,,,,,,,,,,,,
https://live.staticflickr.com/5498/14463188345_852549e65b_b.jpg,https://www.flickr.com/photos/59238173@N07/14463188345,-23.544366,-46.636254,,,,,,,,,,,,,,,
https://live.staticflickr.com/7334/14097093942_5e5d1f55ae_b.jpg,https://www.flickr.com/photos/99983775@N00/14097093942,-23.544257,-46.627646,,,,,,,,,,,,,,,
https://live.staticflickr.com/5498/14063241936_1694c01e5f_b.jpg,https://www.flickr.com/photos/99154263@N06/14063241936,-33.032228,-71.630564,,,,,,,,,,,,,,,
https://live.staticflickr.com/7162/13710813574_8072347942_b.jpg,https://www.flickr.com/photos/27467013@N08/13710813574,-15.781501,-47.904167,,,,,,,,,,,,,,,
https://live.staticflickr.com/3796/13517623993_decc2ff511_b.jpg,https://www.flickr.com/photos/35823645@N04/13517623993,-33.441459,-70.652046,,,,,,,,,,,,,,,
https://live.staticflickr.com/7405/13278598694_7ce88daacc_b.jpg,https://www.flickr.com/photos/42143754@N04/13278598694,-23.565486,-46.702204,,,,,,,,,,,,,,,
https://live.staticflickr.com/7351/12513334254_3c6ba7c04c_b.jpg,https://www.flickr.com/photos/37287420@N08/12513334254,8.997411,-79.59082,,,,,,,,,,,,,,,
https://live.staticflickr.com/2854/12372038423_568ac6d172_b.jpg,https://www.flickr.com/photos/35823645@N04/12372038423,-33.416236,-70.604646,,,,,,,,,,,,,,,
https://live.staticflickr.com/2839/11814021726_2f01c6c0aa_b.jpg,https://www.flickr.com/photos/51128826@N00/11814021726,-33.457134,-70.658054,,,,,,,,,,,,,,,
https://live.staticflickr.com/7336/10938408064_9513cac0f7_b.jpg,https://www.flickr.com/photos/75546495@N03/10938408064,9.0148,-79.497902,,,,,,,,,,,,,,,
https://live.staticflickr.com/2873/10719066465_088101c124_b.jpg,https://www.flickr.com/photos/8665595@N03/10719066465,-33.449069,-70.649213,,,,,,,,,,,,,,,
https://live.staticflickr.com/3753/10706759094_0fbae41f57_b.jpg,https://www.flickr.com/photos/98652059@N00/10706759094,-23.552156,-46.639602,,,,,,,,,,,,,,,
https://live.staticflickr.com/2863/10319225735_cda5147cdc_b.jpg,https://www.flickr.com/photos/35823645@N04/10319225735,-33.416702,-70.604882,,,,,,,,,,,,,,,
https://live.staticflickr.com/5521/10299424594_fe1d906fdb_b.jpg,https://www.flickr.com/photos/35823645@N04/10299424594,-33.417024,-70.60677,,,,,,,,,,,,,,,
https://live.staticflickr.com/5501/9952807853_f961ab4aca_b.jpg,https://www.flickr.com/photos/23689632@N02/9952807853,-33.042584,-71.625205,,,,,,,,,,,,,,,
https://live.staticflickr.com/3822/9944733113_3e3363d35c_b.jpg,https://www.flickr.com/photos/100359925@N02/9944733113,4.601172,-74.07302,,,,,,,,,,,,,,,
https://live.staticflickr.com/2827/9718532107_8dfd0c0048_b.jpg,https://www.flickr.com/photos/9133082@N08/9718532107,-34.612054,-58.365666,,,,,,,,,,,,,,,
https://live.staticflickr.com/5512/9499230138_07817765db_b.jpg,https://www.flickr.com/photos/99154263@N06/9499230138,-32.579799,-71.450615,,,,,,,,,,,,,,,
https://live.staticflickr.com/3671/9416602463_7d150da03a_b.jpg,https://www.flickr.com/photos/99154263@N06/9416602463,-33.031401,-71.588161,,,,,,,,,,,,,,,
https://live.staticflickr.com/5510/9341873936_f60b4109f3_b.jpg,https://www.flickr.com/photos/99154263@N06/9341873936,-33.042234,-71.604166,,,,,,,,,,,,,,,
https://live.staticflickr.com/7415/9109465416_fe0b696ded_b.jpg,https://www.flickr.com/photos/9133082@N08/9109465416,-34.610376,-58.362722,,,,,,,,,,,,,,,
https://live.staticflickr.com/8240/8651023754_3cd006f670_b.jpg,https://www.flickr.com/photos/58003196@N08/8651023754,-33.442278,-70.654862,,,,,,,,,,,,,,,
https://live.staticflickr.com/8454/7974667075_fb95a16675_b.jpg,https://www.flickr.com/photos/58003196@N08/7974667075,-33.440803,-70.674037,,,,,,,,,,,,,,,
https://live.staticflickr.com/8294/7739431814_d1eb2b6db5_b.jpg,https://www.flickr.com/photos/8865243@N02/7739431814,-22.5085,-43.181242,,,,,,,,,,,,,,,
https://live.staticflickr.com/8287/7739348044_76321706ee_b.jpg,https://www.flickr.com/photos/8865243@N02/7739348044,-22.5085,-43.181242,,,,,,,,,,,,,,,
https://live.staticflickr.com/8028/7653684160_0e2d5cd743_b.jpg,https://www.flickr.com/photos/74492144@N00/7653684160,-33.437421,-70.649402,,,,,,,,,,,,,,,
https://live.staticflickr.com/7117/7154756914_3e44e1a28e_b.jpg,https://www.flickr.com/photos/8865243@N02/7154756914,-22.910781,-43.173514,,,,,,,,,,,,,,,
https://live.staticflickr.com/8159/6961697232_9c69cacff0_b.jpg,https://www.flickr.com/photos/8865243@N02/6961697232,-22.909339,-43.173017,,,,,,,,,,,,,,,
https://live.staticflickr.com/7075/7107763999_e1b70ae764_b.jpg,https://www.flickr.com/photos/8865243@N02/7107763999,-22.909339,-43.173017,,,,,,,,,,,,,,,
https://live.staticflickr.com/7165/6761696005_037e063d18_b.jpg,https://www.flickr.com/photos/18023272@N00/6761696005,-12.034451,-77.017679,,,,,,,,,,,,,,,
https://live.staticflickr.com/7019/6757944095_0ec90f79fc_b.jpg,https://www.flickr.com/photos/8865243@N02/6757944095,-23.217964,-44.713423,,,,,,,,,,,,,,,
https://live.staticflickr.com/7027/6757677315_127767f574_b.jpg,https://www.flickr.com/photos/8865243@N02/6757677315,-23.218818,-44.713068,,,,,,,,,,,,,,,
https://live.staticflickr.com/7163/6757653775_75a00b5e0b_b.jpg,https://www.flickr.com/photos/8865243@N02/6757653775,-23.218818,-44.713068,,,,,,,,,,,,,,,
https://live.staticflickr.com/7160/6757620119_e1059692cd_b.jpg,https://www.flickr.com/photos/8865243@N02/6757620119,-23.218818,-44.713068,,,,,,,,,,,,,,,
https://live.staticflickr.com/65535/54074185910_8e10f57bee_b.jpg,https://www.flickr.com/photos/54083450@N00/54074185910,-34.907998,-56.167817,,,,,,,,,,,,,,,
https://live.staticflickr.com/65535/54072846712_621b5ce010_b.jpg,https://www.flickr.com/photos/54083450@N00/54072846712,-34.907928,-56.167514,,,,,,,,,,,,,,,
https://live.staticflickr.com/65535/54073980533_91b351a424_b.jpg,https://www.flickr.com/photos/54083450@N00/54073980533,-34.907906,-56.164959,,,,,,,,,,,,,,,
https://live.staticflickr.com/65535/54074028674_7e7cf1e9e1_b.jpg,https://www.flickr.com/photos/54083450@N00/54074028674,-34.910367,-56.18697,,,,,,,,,,,,,,,
https://live.staticflickr.com/65535/54074153940_6790737567_b.jpg,https://www.flickr.com/photos/54083450@N00/54074153940,-34.911045,-56.19637,,,,,,,,,,,,,,,
https://live.staticflickr.com/65535/54072815392_4cb9f53dab_b.jpg,https://www.flickr.com/photos/54083450@N00/54072815392,-34.911064,-56.197187,,,,,,,,,,,,,,,
https://live.staticflickr.com/65535/54069648552_a1b2ddce15_b.jpg,https://www.flickr.com/photos/54083450@N00/54069648552,-34.907123,-56.201664,,,,,,,,,,,,,,,
https://live.staticflickr.com/65535/54070521666_facbb4223d_b.jpg,https://www.flickr.com/photos/54083450@N00/54070521666,-34.90282,-56.187859,,,,,,,,,,,,,,,
https://live.staticflickr.com/65535/54070520681_49bbd4de0d_b.jpg,https://www.flickr.com/photos/54083450@N00/54070520681,-34.903562,-56.198273,,,,,,,,,,,,,,,
https://live.staticflickr.com/65535/54070520626_2a66f8b482_b.jpg,https://www.flickr.com/photos/54083450@N00/54070520626,-34.903614,-56.199264,,,,,,,,,,,,,,,
https://live.staticflickr.com/65535/54070520331_70ef5b9dcb_b.jpg,https://www.flickr.com/photos/54083450@N00/54070520331,-34.904767,-56.202031,,,,,,,,,,,,,,,
https://live.staticflickr.com/65535/54070975815_9a0247a99f_b.jpg,https://www.flickr.com/photos/54083450@N00/54070975815,-34.90345,-56.204373,,,,,,,,,,,,,,,
https://live.staticflickr.com/65535/54070849754_e42054c0f9_b.jpg,https://www.flickr.com/photos/54083450@N00/54070849754,-34.903437,-56.204359,,,,,,,,,,,,,,,
https://live.staticflickr.com/65535/54070771613_1e47af1133_b.jpg,https://www.flickr.com/photos/54083450@N00/54070771613,-34.907478,-56.210473,,,,,,,,,,,,,,,
https://live.staticflickr.com/65535/54070770878_64e5eb4dc9_b.jpg,https://www.flickr.com/photos/54083450@N00/54070770878,-34.911095,-56.211087,,,,,,,,,,,,,,,
https://live.staticflickr.com/65535/54070847654_1acd124c52_b.jpg,https://www.flickr.com/photos/54083450@N00/54070847654,-34.910409,-56.208184,,,,,,,,,,,,,,,
https://live.staticflickr.com/65535/54054450497_e61d68ae95_b.jpg,https://www.flickr.com/photos/54083450@N00/54054450497,-34.907545,-56.202112,,,,,,,,,,,,,,,
https://live.staticflickr.com/65535/54055767485_b597919800_b.jpg,https://www.flickr.com/photos/54083450@N00/54055767485,-34.907395,-56.201081,,,,,,,,,,,,,,,
https://live.staticflickr.com/65535/54055638154_c2fa7c0544_b.jpg,https://www.flickr.com/photos/54083450@N00/54055638154,-34.905481,-56.198639,,,,,,,,,,,,,,,
https://live.staticflickr.com/65535/54054446637_1d8aee54aa_b.jpg,https://www.flickr.com/photos/54083450@N00/54054446637,-34.904864,-56.191837,,,,,,,,,,,,,,,
https://live.staticflickr.com/65535/54055758015_d3238c956b_b.jpg,https://www.flickr.com/photos/54083450@N00/54055758015,-34.900609,-56.178014,,,,,,,,,,,,,,,
https://live.staticflickr.com/65535/54055295121_1defee99a0_b.jpg,https://www.flickr.com/photos/54083450@N00/54055295121,-34.904378,-56.196709,,,,,,,,,,,,,,,
https://live.staticflickr.com/65535/54050171792_0d55b93714_b.jpg,https://www.flickr.com/photos/54083450@N00/54050171792,-34.909217,-56.207223,,,,,,,,,,,,,,,
https://live.staticflickr.com/65535/54051033906_d82b4c6c12_b.jpg,https://www.flickr.com/photos/54083450@N00/54051033906,-34.909828,-56.209095,,,,,,,,,,,,,,,
https://live.staticflickr.com/65535/54050170502_8087763ff5_b.jpg,https://www.flickr.com/photos/54083450@N00/54050170502,-34.910073,-56.209898,,,,,,,,,,,,,,,
https://live.staticflickr.com/65535/54051032906_904601e06b_b.jpg,https://www.flickr.com/photos/54083450@N00/54051032906,-34.910203,-56.210075,,,,,,,,,,,,,,,
https://live.staticflickr.com/65535/54051284513_582445aafe_b.jpg,https://www.flickr.com/photos/54083450@N00/54051284513,-34.908092,-56.212464,,,,,,,,,,,,,,,
https://live.staticflickr.com/65535/54050168382_b999efbf81_b.jpg,https://www.flickr.com/photos/54083450@N00/54050168382,-34.907684,-56.211125,,,,,,,,,,,,,,,
https://live.staticflickr.com/65535/54050168357_4c7c9075a5_b.jpg,https://www.flickr.com/photos/54083450@N00/54050168357,-34.907775,-56.211426,,,,,,,,,,,,,,,
https://live.staticflickr.com/65535/54051282008_ee802efef1_b.jpg,https://www.flickr.com/photos/54083450@N00/54051282008,-34.907139,-56.210739,,,,,,,,,,,,,,,
https://live.staticflickr.com/65535/54051355009_2ae8ce7714_b.jpg,https://www.flickr.com/photos/54083450@N00/54051355009,-34.905239,-56.210556,,,,,,,,,,,,,,,
https://live.staticflickr.com/65535/54051280588_31f60e457f_b.jpg,https://www.flickr.com/photos/54083450@N00/54051280588,-34.905689,-56.210431,,,,,,,,,,,,,,,
https://live.staticflickr.com/65535/54050165127_24b8862c7e_b.jpg,https://www.flickr.com/photos/54083450@N00/54050165127,-34.905845,-56.210217,,,,,,,,,,,,,,,
https://live.staticflickr.com/65535/54051354119_7fc2a67125_b.jpg,https://www.flickr.com/photos/54083450@N00/54051354119,-34.907112,-56.20955,,,,,,,,,,,,,,,
https://live.staticflickr.com/65535/54051475115_a81b52b74b_b.jpg,https://www.flickr.com/photos/54083450@N00/54051475115,-34.909325,-56.208539,,,,,,,,,,,,,,,
https://live.staticflickr.com/65535/54051279338_b2edd39e42_b.jpg,https://www.flickr.com/photos/54083450@N00/54051279338,-34.909573,-56.208448,,,,,,,,,,,,,,,
https://live.staticflickr.com/65535/54051474815_41e474035c_b.jpg,https://www.flickr.com/photos/54083450@N00/54051474815,-34.909778,-56.208381,,,,,,,,,,,,,,,
https://live.staticflickr.com/65535/54051026801_774529f933_b.jpg,https://www.flickr.com/photos/54083450@N00/54051026801,-34.909787,-56.208381,,,,,,,,,,,,,,,
https://live.staticflickr.com/65535/54050163387_6a036a1a47_b.jpg,https://www.flickr.com/photos/54083450@N00/54050163387,-34.909242,-56.207398,,,,,,,,,,,,,,,
https://live.staticflickr.com/65535/54051351774_60af7b223e_b.jpg,https://www.flickr.com/photos/54083450@N00/54051351774,-34.907167,-56.20842,,,,,,,,,,,,,,,
https://live.staticflickr.com/65535/54050160647_7725210196_b.jpg,https://www.flickr.com/photos/54083450@N00/54050160647,-34.904248,-56.208695,,,,,,,,,,,,,,,
https://live.staticflickr.com/65535/54051350009_be9433604d_b.jpg,https://www.flickr.com/photos/54083450@N00/54051350009,-34.9043,-56.208906,,,,,,,,,,,,,,,
https://live.staticflickr.com/65535/54051023496_8aafcb0b50_b.jpg,https://www.flickr.com/photos/54083450@N00/54051023496,-34.90475,-56.208545,,,,,,,,,,,,,,,
https://live.staticflickr.com/65535/54051274643_295f4a7622_b.jpg,https://www.flickr.com/photos/54083450@N00/54051274643,-34.906498,-56.207684,,,,,,,,,,,,,,,
https://live.staticflickr.com/65535/54050159052_e1fd18cd2b_b.jpg,https://www.flickr.com/photos/54083450@N00/54050159052,-34.90657,-56.207681,,,,,,,,,,,,,,,
https://live.staticflickr.com/65535/54051470090_9d71e775a5_b.jpg,https://www.flickr.com/photos/54083450@N00/54051470090,-34.90657,-56.207675,,,,,,,,,,,,,,,
https://live.staticflickr.com/65535/54050158547_d016af64f2_b.jpg,https://www.flickr.com/photos/54083450@N00/54050158547,-34.908164,-56.206825,,,,,,,,,,,,,,,
https://live.staticflickr.com/65535/54051021771_1e540c7003_b.jpg,https://www.flickr.com/photos/54083450@N00/54051021771,-34.908178,-56.206825,,,,,,,,,,,,,,,
https://live.staticflickr.com/65535/54050157907_e8d47618d0_b.jpg,https://www.flickr.com/photos/54083450@N00/54050157907,-34.907862,-56.205867,,,,,,,,,,,,,,,
https://live.staticflickr.com/65535/54051468790_c9f812098d_b.jpg,https://www.flickr.com/photos/54083450@N00/54051468790,-34.907045,-56.206295,,,,,,,,,,,,,,,
https://live.staticflickr.com/65535/54050156887_3b0c8399e2_b.jpg,https://www.flickr.com/photos/54083450@N00/54050156887,-34.905242,-56.21162,,,,,,,,,,,,,,,
https://live.staticflickr.com/65535/54050156512_91be88e714_b.jpg,https://www.flickr.com/photos/54083450@N00/54050156512,-34.905762,-56.211692,,,,,,,,,,,,,,,
https://live.staticflickr.com/65535/54050156482_8b551754a2_b.jpg,https://www.flickr.com/photos/54083450@N00/54050156482,-34.905503,-56.21227,,,,,,,,,,,,,,,
https://live.staticflickr.com/65535/54051018921_a5ddc40d80_b.jpg,https://www.flickr.com/photos/54083450@N00/54051018921,-34.905506,-56.210281,,,,,,,,,,,,,,,
https://live.staticflickr.com/65535/54051018801_04c5387f37_b.jpg,https://www.flickr.com/photos/54083450@N00/54051018801,-34.904864,-56.208453,,,,,,,,,,,,,,,
https://live.staticflickr.com/65535/54051466195_ab3fc7bdb9_b.jpg,https://www.flickr.com/photos/54083450@N00/54051466195,-34.904237,-56.206453,,,,,,,,,,,,,,,
https://live.staticflickr.com/65535/54051465775_b5fb59fcb1_b.jpg,https://www.flickr.com/photos/54083450@N00/54051465775,-34.903437,-56.204628,,,,,,,,,,,,,,,
https://live.staticflickr.com/65535/54051270033_470d3730f4_b.jpg,https://www.flickr.com/photos/54083450@N00/54051270033,-34.902767,-56.203992,,,,,,,,,,,,,,,
https://live.staticflickr.com/65535/54051465275_15dbda08a9_b.jpg,https://www.flickr.com/photos/54083450@N00/54051465275,-34.902775,-56.203987,,,,,,,,,,,,,,,
https://live.staticflickr.com/65535/54051017281_4eeca485e6_b.jpg,https://www.flickr.com/photos/54083450@N00/54051017281,-34.903203,-56.203706,,,,,,,,,,,,,,,
https://live.staticflickr.com/65535/54050154222_e61a981d7f_b.jpg,https://www.flickr.com/photos/54083450@N00/54050154222,-34.903298,-56.203687,,,,,,,,,,,,,,,
https://live.staticflickr.com/65535/54051269263_eb9f061855_b.jpg,https://www.flickr.com/photos/54083450@N00/54051269263,-34.9053,-56.202512,,,,,,,,,,,,,,,
https://live.staticflickr.com/65535/54051342939_9fb64e152b_b.jpg,https://www.flickr.com/photos/54083450@N00/54051342939,-34.905659,-56.202259,,,,,,,,,,,,,,,
https://live.staticflickr.com/65535/54051268373_4000f1749b_b.jpg,https://www.flickr.com/photos/54083450@N00/54051268373,-34.906575,-56.202012,,,,,,,,,,,,,,,
https://live.staticflickr.com/65535/54051342039_de55d72f8e_b.jpg,https://www.flickr.com/photos/54083450@N00/54051342039,-34.907284,-56.201498,,,,,,,,,,,,,,,
https://live.staticflickr.com/65535/54051463310_91ab15ecdb_b.jpg,https://www.flickr.com/photos/54083450@N00/54051463310,-34.907295,-56.201345,,,,,,,,,,,,,,,
https://live.staticflickr.com/65535/54050152247_ef68978f51_b.jpg,https://www.flickr.com/photos/54083450@N00/54050152247,-34.906689,-56.200409,,,,,,,,,,,,,,,
https://live.staticflickr.com/65535/54050151872_d17e18a153_b.jpg,https://www.flickr.com/photos/54083450@N00/54050151872,-34.906248,-56.200589,,,,,,,,,,,,,,,
https://live.staticflickr.com/65535/54051014716_f697e38ab9_b.jpg,https://www.flickr.com/photos/54083450@N00/54051014716,-34.904409,-56.201675,,,,,,,,,,,,,,,
https://live.staticflickr.com/65535/54050150882_552a259050_b.jpg,https://www.flickr.com/photos/54083450@N00/54050150882,-34.904209,-56.206548,,,,,,,,,,,,,,,
https://live.staticflickr.com/65535/54051461080_388a8cd4cf_b.jpg,https://www.flickr.com/photos/54083450@N00/54051461080,-34.904775,-56.206295,,,,,,,,,,,,,,,
https://live.staticflickr.com/7373/28103812101_4a067f73b6_b.jpg,https://www.flickr.com/photos/27543078@N07/28103812101,-33.46235,-70.6484,,,,,,,,,,,,,,,
https://live.staticflickr.com/7740/28017281072_dc33003c01_b.jpg,https://www.flickr.com/photos/8534722@N04/28017281072,-22.951945,-43.210278,,,,,,,,,,,,,,,
https://live.staticflickr.com/7452/27395293554_faf7c953af_b.jpg,https://www.flickr.com/photos/34576387@N05/27395293554,-33.044293,-71.631535,,,,,,,,,,,,,,,
https://live.staticflickr.com/7299/27879386811_e8bc4cce7d_b.jpg,https://www.flickr.com/photos/70075489@N03/27879386811,-34.645078,-58.356656,,,,,,,,,,,,,,,
https://live.staticflickr.com/7457/27596201500_3de9a3110f_b.jpg,https://www.flickr.com/photos/70075489@N03/27596201500,-34.641219,-58.360163,,,,,,,,,,,,,,,
https://live.staticflickr.com/7343/27557239860_e95b61cc42_b.jpg,https://www.flickr.com/photos/70075489@N03/27557239860,-34.639291,-58.36078,,,,,,,,,,,,,,,
https://live.staticflickr.com/7330/27813475375_5f8c57d526_b.jpg,https://www.flickr.com/photos/70075489@N03/27813475375,-34.643694,-58.357394,,,,,,,,,,,,,,,
https://live.staticflickr.com/7415/27517042150_c554763c49_b.jpg,https://www.flickr.com/photos/54663671@N00/27517042150,-23.562367,-46.677209,,,,,,,,,,,,,,,
https://live.staticflickr.com/7453/27713623481_eba887b327_b.jpg,https://www.flickr.com/photos/54663671@N00/27713623481,-23.562262,-46.677,,,,,,,,,,,,,,,
https://live.staticflickr.com/7290/27176153423_fdb3c331fe_b.jpg,https://www.flickr.com/photos/39954880@N08/27176153423,-38.017618,-57.544058,,,,,,,,,,,,,,,
https://live.staticflickr.com/7357/27683427006_a5b3915851_b.jpg,https://www.flickr.com/photos/125538273@N02/27683427006,-12.11918,-77.031176,,,,,,,,,,,,,,,
https://live.staticflickr.com/7553/26900119183_6fa80fe671_b.jpg,https://www.flickr.com/photos/124902797@N02/26900119183,-34.582945,-58.393235,,,,,,,,,,,,,,,
https://live.staticflickr.com/7104/27276671742_c73cb2fffd_b.jpg,https://www.flickr.com/photos/9783357@N08/27276671742,-22.980867,-43.218375,,,,,,,,,,,,,,,
https://live.staticflickr.com/65535/26372712193_6b9e68a791_b.jpg,https://www.flickr.com/photos/48489192@N06/26372712193,-33.045653,-71.613178,,,,,,,,,,,,,,,
https://live.staticflickr.com/7754/26265253284_d049a2f0cc_b.jpg,https://www.flickr.com/photos/74492144@N00/26265253284,-33.438818,-70.639761,,,,,,,,,,,,,,,
https://live.staticflickr.com/1539/26094879214_421406286f_b.jpg,https://www.flickr.com/photos/63633763@N00/26094879214,-34.60762,-58.374281,,,,,,,,,,,,,,,
https://live.staticflickr.com/1516/25902710303_234898c52b_b.jpg,https://www.flickr.com/photos/125106052@N04/25902710303,-23.547169,-46.634892,,,,,,,,,,,,,,,
https://live.staticflickr.com/1498/26435169145_302b218d7c_b.jpg,https://www.flickr.com/photos/134064085@N05/26435169145,-34.899623,-56.161508,,,,,,,,,,,,,,,
https://live.staticflickr.com/1716/26307867551_058f59fe72_b.jpg,https://www.flickr.com/photos/34576387@N05/26307867551,-33.439642,-70.643591,,,,,,,,,,,,,,,
https://live.staticflickr.com/1564/26173168422_4196841aff_b.jpg,https://www.flickr.com/photos/74492144@N00/26173168422,-33.42012,-70.625284,,,,,,,,,,,,,,,
https://live.staticflickr.com/1694/25068124873_f1165b0b7d_b.jpg,https://www.flickr.com/photos/39954880@N08/25068124873,-38.017618,-57.544058,,,,,,,,,,,,,,,
https://live.staticflickr.com/1665/25506190631_23164f1a51_b.jpg,https://www.flickr.com/photos/27543078@N07/25506190631,-33.403989,-70.586025,,,,,,,,,,,,,,,
https://live.staticflickr.com/1519/24956487343_8ac91288a8_b.jpg,https://www.flickr.com/photos/39954880@N08/24956487343,-38.007296,-57.536162,,,,,,,,,,,,,,,
https://live.staticflickr.com/1615/24712920143_b8d060f311_b.jpg,https://www.flickr.com/photos/39954880@N08/24712920143,-38.017618,-57.544058,,,,,,,,,,,,,,,
https://live.staticflickr.com/1524/24859830929_d5ef639e1d_b.jpg,https://www.flickr.com/photos/45064741@N00/24859830929,-22.467988,-44.448108,,,,,,,,,,,,,,,
https://live.staticflickr.com/1497/24539534893_944e17e962_b.jpg,https://www.flickr.com/photos/125106052@N04/24539534893,-23.545698,-46.638821,,,,,,,,,,,,,,,
https://live.staticflickr.com/1461/24532694843_79c3a90b89_b.jpg,https://www.flickr.com/photos/43355249@N00/24532694843,6.3086,-75.573614,,,,,,,,,,,,,,,
https://live.staticflickr.com/1559/24691329622_09b872e8c2_b.jpg,https://www.flickr.com/photos/39954880@N08/24691329622,-38.017618,-57.544058,,,,,,,,,,,,,,,
https://live.staticflickr.com/1586/24395170805_b1b470e418_b.jpg,https://www.flickr.com/photos/34128007@N04/24395170805,14.602978,-61.070337,,,,,,,,,,,,,,,
https://live.staticflickr.com/1463/23673470364_b409733cc1_b.jpg,https://www.flickr.com/photos/23228275@N00/23673470364,-33.443724,-70.650361,,,,,,,,,,,,,,,
https://live.staticflickr.com/1703/24211923145_0d632a2648_b.jpg,https://www.flickr.com/photos/86265563@N00/24211923145,-22.969328,-43.221892,,,,,,,,,,,,,,,
https://live.staticflickr.com/1648/24207270725_69e3de0098_b.jpg,https://www.flickr.com/photos/39954880@N08/24207270725,-38.017618,-57.544058,,,,,,,,,,,,,,,
https://live.staticflickr.com/1651/23980676082_c20b829df8_b.jpg,https://www.flickr.com/photos/12624630@N02/23980676082,-25.68921,-54.438189,,,,,,,,,,,,,,,
https://live.staticflickr.com/5769/23903430136_6a9427eb63_b.jpg,https://www.flickr.com/photos/134064085@N05/23903430136,-34.906592,-56.199789,,,,,,,,,,,,,,,
https://live.staticflickr.com/5808/23305044099_67736c197e_b.jpg,https://www.flickr.com/photos/70075489@N03/23305044099,-34.610408,-58.391355,,,,,,,,,,,,,,,
https://live.staticflickr.com/738/23554275022_ff348b9f13_b.jpg,https://www.flickr.com/photos/115537423@N04/23554275022,-19.920008,-43.934122,,,,,,,,,,,,,,,
https://live.staticflickr.com/567/22479147804_d2197ded74_b.jpg,https://www.flickr.com/photos/31018257@N00/22479147804,-23.54077,-46.637939,,,,,,,,,,,,,,,
https://live.staticflickr.com/5767/23070801525_4637bae5e0_b.jpg,https://www.flickr.com/photos/54663671@N00/23070801525,-23.562367,-46.677209,,,,,,,,,,,,,,,
https://live.staticflickr.com/598/22634129578_2f41d94060_b.jpg,https://www.flickr.com/photos/134064085@N05/22634129578,10.423633,-75.549291,,,,,,,,,,,,,,,
https://live.staticflickr.com/737/22953632705_f9394bbd36_b.jpg,https://www.flickr.com/photos/31018257@N00/22953632705,-23.546726,-46.638142,,,,,,,,,,,,,,,
https://live.staticflickr.com/5816/21660196434_1f6ca512f1_b.jpg,https://www.flickr.com/photos/66543355@N00/21660196434,12.105427,-68.937342,,,,,,,,,,,,,,,
https://live.staticflickr.com/5772/21477837722_a7966bb580_b.jpg,https://www.flickr.com/photos/70075489@N03/21477837722,-34.603716,-58.381855,,,,,,,,,,,,,,,
https://live.staticflickr.com/5796/21488891135_dea848f94a_b.jpg,https://www.flickr.com/photos/70075489@N03/21488891135,-34.601088,-58.383913,,,,,,,,,,,,,,,
https://live.staticflickr.com/676/21274494600_0a773420cd_b.jpg,https://www.flickr.com/photos/70075489@N03/21274494600,-34.601388,-58.385177,,,,,,,,,,,,,,,
https://live.staticflickr.com/575/21138457952_c9419909ee_b.jpg,https://www.flickr.com/photos/40149832@N08/21138457952,-23.180898,-46.909908,,,,,,,,,,,,,,,
https://live.staticflickr.com/5645/21090875611_6ffe23c989_b.jpg,https://www.flickr.com/photos/66543355@N00/21090875611,12.10612,-68.932557,,,,,,,,,,,,,,,
https://live.staticflickr.com/5820/20353949418_1359c64c3a_b.jpg,https://www.flickr.com/photos/32070993@N02/20353949418,4.599766,-74.069388,,,,,,,,,,,,,,,
https://live.staticflickr.com/317/19500667950_b6093025d4_b.jpg,https://www.flickr.com/photos/9783357@N08/19500667950,-22.980892,-43.218289,,,,,,,,,,,,,,,
https://live.staticflickr.com/538/19681533622_ef1da5bd86_b.jpg,https://www.flickr.com/photos/9783357@N08/19681533622,-22.980792,-43.218192,,,,,,,,,,,,,,,
https://live.staticflickr.com/463/19688509715_aeea21848d_b.jpg,https://www.flickr.com/photos/9783357@N08/19688509715,-22.980792,-43.218192,,,,,,,,,,,,,,,
https://live.staticflickr.com/3876/19127175092_c09dda780b_b.jpg,https://www.flickr.com/photos/13468377@N04/19127175092,-23.545261,-46.639709,,,,,,,,,,,,,,,
https://live.staticflickr.com/283/18945281438_23c88ec275_b.jpg,https://www.flickr.com/photos/13468377@N04/18945281438,-23.545261,-46.639709,,,,,,,,,,,,,,,
https://live.staticflickr.com/560/18913071848_235e2b0c34_b.jpg,https://www.flickr.com/photos/13468377@N04/18913071848,-23.545261,-46.639709,,,,,,,,,,,,,,,
https://live.staticflickr.com/3769/19086878751_ea945f7abb_b.jpg,https://www.flickr.com/photos/98652059@N00/19086878751,-23.612047,-46.674041,,,,,,,,,,,,,,,
https://live.staticflickr.com/8872/18691409706_81d61bee07_b.jpg,https://www.flickr.com/photos/54663671@N00/18691409706,-23.562367,-46.677209,,,,,,,,,,,,,,,
https://live.staticflickr.com/395/18720050801_e8e9f9a3ce_b.jpg,https://www.flickr.com/photos/54663671@N00/18720050801,-23.562367,-46.677209,,,,,,,,,,,,,,,
https://live.staticflickr.com/7773/18332656646_58b1c873b9_b.jpg,https://www.flickr.com/photos/24690815@N03/18332656646,-23.776999,-46.302319,,,,,,,,,,,,,,,
https://live.staticflickr.com/7784/18183861226_2641229df8_b.jpg,https://www.flickr.com/photos/22942845@N07/18183861226,-22.960648,-44.040928,,,,,,,,,,,,,,,
https://live.staticflickr.com/7664/17178492660_df7e237638_b.jpg,https://www.flickr.com/photos/70075489@N03/17178492660,-34.608445,-58.400825,,,,,,,,,,,,,,,
https://live.staticflickr.com/7731/17140182937_5dcb426fee_b.jpg,https://www.flickr.com/photos/127225654@N03/17140182937,-33.444682,-70.655972,,,,,,,,,,,,,,,
https://live.staticflickr.com/8697/17279378665_00f015c4d7_b.jpg,https://www.flickr.com/photos/24690815@N03/17279378665,-23.582198,-46.667046,,,,,,,,,,,,,,,
https://live.staticflickr.com/8781/16973763887_bff0b77b80_b.jpg,https://www.flickr.com/photos/115537423@N04/16973763887,-19.91447,-43.943488,,,,,,,,,,,,,,,
https://live.staticflickr.com/7655/17152089406_20393346f1_b.jpg,https://www.flickr.com/photos/9783357@N08/17152089406,-22.98085,-43.218381,,,,,,,,,,,,,,,
https://live.staticflickr.com/1863/43840620234_3fe15bd088_b.jpg,https://www.flickr.com/photos/79078037@N03/43840620234,-34.918424,-56.15359,,,,,,,,,,,,,,,
https://live.staticflickr.com/1899/43611787945_669d575c65_b.jpg,https://www.flickr.com/photos/93949484@N08/43611787945,-38.735012,-62.289197,,,,,,,,,,,,,,,
https://live.staticflickr.com/1853/43770385814_551b240b8b_b.jpg,https://www.flickr.com/photos/70075489@N03/43770385814,-34.621779,-58.371362,,,,,,,,,,,,,,,
https://live.staticflickr.com/1899/29398260717_0b8667cc0d_b.jpg,https://www.flickr.com/photos/34576387@N05/29398260717,-33.47269,-70.684618,,,,,,,,,,,,,,,
https://live.staticflickr.com/1777/44005757962_9de8ddd2f6_b.jpg,https://www.flickr.com/photos/34576387@N05/44005757962,-33.454476,-70.699714,,,,,,,,,,,,,,,
https://live.staticflickr.com/940/30039437108_373f6e8e9d_b.jpg,https://www.flickr.com/photos/34576387@N05/30039437108,-33.411149,-70.579358,,,,,,,,,,,,,,,
https://live.staticflickr.com/936/29966508628_1f2f5cbbc7_b.jpg,https://www.flickr.com/photos/45064741@N00/29966508628,-22.465411,-44.451262,,,,,,,,,,,,,,,
https://live.staticflickr.com/1800/43784995772_ba51c031f0_b.jpg,https://www.flickr.com/photos/31018257@N00/43784995772,-23.537805,-46.564146,,,,,,,,,,,,,,,
https://live.staticflickr.com/1833/42850147775_e794e53cdc_b.jpg,https://www.flickr.com/photos/45064741@N00/42850147775,-18.650341,-48.192107,,,,,,,,,,,,,,,
https://live.staticflickr.com/931/43651364392_046e831c7f_b.jpg,https://www.flickr.com/photos/157068330@N02/43651364392,-34.611453,-58.446063,,,,,,,,,,,,,,,
https://live.staticflickr.com/940/42816801314_ede9e0640b_b.jpg,https://www.flickr.com/photos/31018257@N00/42816801314,-23.545167,-46.633717,,,,,,,,,,,,,,,
https://live.staticflickr.com/1761/29495395018_bef914c5dc_b.jpg,https://www.flickr.com/photos/55684318@N00/29495395018,4.608569,-74.070641,,,,,,,,,,,,,,,
https://live.staticflickr.com/840/42406539775_622f54e46f_b.jpg,https://www.flickr.com/photos/31018257@N00/42406539775,-23.523681,-46.685559,,,,,,,,,,,,,,,
https://live.staticflickr.com/1807/42374278275_de247c8eee_b.jpg,https://www.flickr.com/photos/31018257@N00/42374278275,-23.546514,-46.632206,,,,,,,,,,,,,,,
https://live.staticflickr.com/920/42214997725_b5e2a2eab0_b.jpg,https://www.flickr.com/photos/31018257@N00/42214997725,-23.524942,-46.699003,,,,,,,,,,,,,,,
https://live.staticflickr.com/925/43079528431_ee22f14ec2_b.jpg,https://www.flickr.com/photos/34576387@N05/43079528431,-33.042198,-71.629979,,,,,,,,,,,,,,,
https://live.staticflickr.com/1761/41185176620_c03d71c3d8_b.jpg,https://www.flickr.com/photos/31018257@N00/41185176620,-23.544981,-46.633978,,,,,,,,,,,,,,,
https://live.staticflickr.com/1772/42941445862_106dce5864_b.jpg,https://www.flickr.com/photos/31018257@N00/42941445862,-23.545167,-46.633717,,,,,,,,,,,,,,,
https://live.staticflickr.com/1734/41925944995_eba7516d48_b.jpg,https://www.flickr.com/photos/31018257@N00/41925944995,-23.483717,-46.700959,,,,,,,,,,,,,,,
https://live.staticflickr.com/1745/40901632170_3d53ee77cb_b.jpg,https://www.flickr.com/photos/22950430@N05/40901632170,-34.601413,-58.381948,,,,,,,,,,,,,,,
https://live.staticflickr.com/966/27457449507_efaae2b996_b.jpg,https://www.flickr.com/photos/125106052@N04/27457449507,-23.532551,-47.467053,,,,,,,,,,,,,,,
https://live.staticflickr.com/966/40342701470_0f66f525a4_b.jpg,https://www.flickr.com/photos/84772790@N00/40342701470,-33.41329,-70.603798,,,,,,,,,,,,,,,
https://live.staticflickr.com/977/42117049431_d5589f8b16_b.jpg,https://www.flickr.com/photos/93949484@N08/42117049431,-38.72568,-62.275722,,,,,,,,,,,,,,,
https://live.staticflickr.com/910/40164298210_4592b8c331_b.jpg,https://www.flickr.com/photos/70075489@N03/40164298210,10.425447,-75.551284,,,,,,,,,,,,,,,
https://live.staticflickr.com/840/40861425894_f5dd12caba_b.jpg,https://www.flickr.com/photos/146674556@N03/40861425894,-33.437359,-70.650136,,,,,,,,,,,,,,,
https://live.staticflickr.com/791/40855898514_0d70670b7c_b.jpg,https://www.flickr.com/photos/42143754@N04/40855898514,-15.595498,-56.09324,,,,,,,,,,,,,,,
https://live.staticflickr.com/836/41545191551_3961a611d6_b.jpg,https://www.flickr.com/photos/28374189@N06/41545191551,4.597969,-74.068834,,,,,,,,,,,,,,,
https://live.staticflickr.com/888/41048215602_62b00dacc7_b.jpg,https://www.flickr.com/photos/68095038@N00/41048215602,-19.917778,-43.932824,,,,,,,,,,,,,,,
https://live.staticflickr.com/786/41048151961_5c8cfb0c38_b.jpg,https://www.flickr.com/photos/68095038@N00/41048151961,-19.918848,-43.933017,,,,,,,,,,,,,,,
https://live.staticflickr.com/801/39081921460_e79b283fbd_b.jpg,https://www.flickr.com/photos/101570665@N07/39081921460,-33.414624,-70.620439,,,,,,,,,,,,,,,
https://live.staticflickr.com/4796/40761277131_48f3511d68_b.jpg,https://www.flickr.com/photos/46096327@N05/40761277131,10.080936,-69.297023,,,,,,,,,,,,,,,
https://live.staticflickr.com/4756/39729713335_04dcdd6e19_b.jpg,https://www.flickr.com/photos/152946354@N02/39729713335,-33.436097,-70.630813,,,,,,,,,,,,,,,
https://live.staticflickr.com/4667/25665922547_6839bce98e_b.jpg,https://www.flickr.com/photos/46096327@N05/25665922547,10.067344,-69.31407,,,,,,,,,,,,,,,
https://live.staticflickr.com/4759/40508293181_c1b3eb359a_b.jpg,https://www.flickr.com/photos/33138647@N02/40508293181,-33.447278,-70.65697,,,,,,,,,,,,,,,
https://live.staticflickr.com/4764/39768685904_4b419060cd_b.jpg,https://www.flickr.com/photos/26589989@N02/39768685904,-12.052572,-77.037817,,,,,,,,,,,,,,,
https://live.staticflickr.com/4768/40403074711_653345bddb_b.jpg,https://www.flickr.com/photos/98652059@N00/40403074711,-23.545923,-46.636437,,,,,,,,,,,,,,,
https://live.staticflickr.com/4664/39659501344_bdc47bd3c5_b.jpg,https://www.flickr.com/photos/34576387@N05/39659501344,-33.050957,-71.599692,,,,,,,,,,,,,,,
https://live.staticflickr.com/4740/40293419902_3d2b51f309_b.jpg,https://www.flickr.com/photos/51745430@N00/40293419902,-22.873822,-47.045291,,,,,,,,,,,,,,,
https://live.staticflickr.com/4663/40246329242_82a669a9de_b.jpg,https://www.flickr.com/photos/34576387@N05/40246329242,-33.041514,-71.629164,,,,,,,,,,,,,,,
https://live.staticflickr.com/4603/39390451305_cabbdd72b3_b.jpg,https://www.flickr.com/photos/125106052@N04/39390451305,-23.502763,-47.467868,,,,,,,,,,,,,,,
https://live.staticflickr.com/4673/26377980318_77bf622dd3_b.jpg,https://www.flickr.com/photos/45064741@N00/26377980318,-22.879634,-42.017962,,,,,,,,,,,,,,,
https://live.staticflickr.com/4750/28343897539_51307b6efc_b.jpg,https://www.flickr.com/photos/125106052@N04/28343897539,-23.534544,-46.633845,,,,,,,,,,,,,,,
https://live.staticflickr.com/4761/28113689799_3fbdb59402_b.jpg,https://www.flickr.com/photos/57514386@N04/28113689799,-7.978115,-35.582592,,,,,,,,,,,,,,,
https://live.staticflickr.com/4668/39117880764_afbdefff07_b.jpg,https://www.flickr.com/photos/34576387@N05/39117880764,-33.500071,-70.665189,,,,,,,,,,,,,,,
https://live.staticflickr.com/4701/24942963247_867a02711f_b.jpg,https://www.flickr.com/photos/46096327@N05/24942963247,10.085127,-69.298728,,,,,,,,,,,,,,,
https://live.staticflickr.com/4660/25909501528_6dd5ab568b_b.jpg,https://www.flickr.com/photos/34561662@N05/25909501528,-33.042198,-71.626095,,,,,,,,,,,,,,,
https://live.staticflickr.com/4619/39716157022_6c168db4b3_b.jpg,https://www.flickr.com/photos/72175918@N04/39716157022,-12.123792,-77.039584,,,,,,,,,,,,,,,
https://live.staticflickr.com/4621/24878480467_899ee41a5b_b.jpg,https://www.flickr.com/photos/72175918@N04/24878480467,-11.955437,-77.059764,,,,,,,,,,,,,,,
https://live.staticflickr.com/4724/24782478077_42ff316748_b.jpg,https://www.flickr.com/photos/46096327@N05/24782478077,10.080416,-69.295203,,,,,,,,,,,,,,,
https://live.staticflickr.com/4616/38687273775_6aa7ccf374_b.jpg,https://www.flickr.com/photos/101570665@N07/38687273775,-33.423239,-70.645426,,,,,,,,,,,,,,,
https://live.staticflickr.com/4726/24339059737_aae99aa8d3_b.jpg,https://www.flickr.com/photos/29225009@N02/24339059737,-12.972494,-38.514375,,,,,,,,,,,,,,,
https://live.staticflickr.com/4646/25334535008_94b759e0d7_b.jpg,https://www.flickr.com/photos/29225009@N02/25334535008,-12.972536,-38.512326,,,,,,,,,,,,,,,
https://live.staticflickr.com/4686/38239794995_58d35310a1_b.jpg,https://www.flickr.com/photos/31018257@N00/38239794995,-22.91052,-43.180711,,,,,,,,,,,,,,,
https://live.staticflickr.com/65535/24184093547_01be21ed7d_b.jpg,https://www.flickr.com/photos/12155320@N00/24184093547,6.245545,-75.571525,,,,,,,,,,,,,,,
https://live.staticflickr.com/4546/38910432942_4b86f216a1_b.jpg,https://www.flickr.com/photos/93446717@N07/38910432942,-34.906117,-56.186141,,,,,,,,,,,,,,,
https://live.staticflickr.com/4540/38125589564_800f1c6eaa_b.jpg,https://www.flickr.com/photos/34576387@N05/38125589564,-33.439194,-70.646263,,,,,,,,,,,,,,,
https://live.staticflickr.com/4556/23887529347_1704e5075d_b.jpg,https://www.flickr.com/photos/45064741@N00/23887529347,-22.466382,-44.446177,,,,,,,,,,,,,,,
https://live.staticflickr.com/4525/37959618214_3bf43927d8_b.jpg,https://www.flickr.com/photos/46096327@N05/37959618214,10.085555,-69.297778,,,,,,,,,,,,,,,
https://live.staticflickr.com/4537/38572272602_3ba15d0b9f_b.jpg,https://www.flickr.com/photos/45064741@N00/38572272602,-22.464935,-44.447786,,,,,,,,,,,,,,,
https://live.staticflickr.com/4528/38528935832_201e5d8bb6_b.jpg,https://www.flickr.com/photos/28998899@N02/38528935832,-33.043348,-71.629209,,,,,,,,,,,,,,,
https://live.staticflickr.com/4576/37650754195_38cf96ff3d_b.jpg,https://www.flickr.com/photos/125106052@N04/37650754195,-23.544365,-46.627433,,,,,,,,,,,,,,,
https://live.staticflickr.com/4514/24369879158_d044d81fe9_b.jpg,https://www.flickr.com/photos/101599161@N06/24369879158,-15.773566,-47.919574,,,,,,,,,,,,,,,
https://live.staticflickr.com/4494/26325235719_ff19625754_b.jpg,https://www.flickr.com/photos/34576387@N05/26325235719,-33.519778,-70.595719,,,,,,,,,,,,,,,
https://live.staticflickr.com/4477/37340237884_50608b25c6_b.jpg,https://www.flickr.com/photos/45064741@N00/37340237884,-22.464776,-44.451155,,,,,,,,,,,,,,,
https://live.staticflickr.com/4503/37138349044_9f4d92226a_b.jpg,https://www.flickr.com/photos/152946354@N02/37138349044,-33.43521,-70.63003,,,,,,,,,,,,,,,
https://live.staticflickr.com/4457/36990731773_ee9950d4f7_b.jpg,https://www.flickr.com/photos/45064741@N00/36990731773,-22.465232,-44.451477,,,,,,,,,,,,,,,
https://live.staticflickr.com/4415/36691238034_96730cb16a_b.jpg,https://www.flickr.com/photos/92903356@N04/36691238034,-34.638378,-58.358864,,,,,,,,,,,,,,,
https://live.staticflickr.com/4346/36692927403_163f5f0166_b.jpg,https://www.flickr.com/photos/92903356@N04/36692927403,-34.630125,-58.356103,,,,,,,,,,,,,,,
https://live.staticflickr.com/4480/36692909093_1b8e5087e1_b.jpg,https://www.flickr.com/photos/92903356@N04/36692909093,-34.633789,-58.356406,,,,,,,,,,,,,,,
https://live.staticflickr.com/4449/37039533890_a9c5c0fdf3_b.jpg,https://www.flickr.com/photos/45064741@N00/37039533890,-22.464439,-44.458687,,,,,,,,,,,,,,,
https://live.staticflickr.com/4404/36341046364_baa9f1cec9_b.jpg,https://www.flickr.com/photos/151532506@N07/36341046364,-34.608309,-58.37182,,,,,,,,,,,,,,,
https://live.staticflickr.com/8508/8487218315_3e8b09bc18_b.jpg,https://www.flickr.com/photos/21856482@N05/8487218315,-34.472891,-57.851139,,,,,,,,,,,,,,,
https://live.staticflickr.com/65535/8481275753_2c52bd0c23_b.jpg,https://www.flickr.com/photos/21013862@N08/8481275753,10.423568,-75.551497,,,,,,,,,,,,,,,
https://live.staticflickr.com/8531/8481256831_9d2b067658_b.jpg,https://www.flickr.com/photos/21013862@N08/8481256831,10.423231,-75.549362,,,,,,,,,,,,,,,
https://live.staticflickr.com/8365/8481216003_b8f5a06718_b.jpg,https://www.flickr.com/photos/21013862@N08/8481216003,10.42456,-75.553954,,,,,,,,,,,,,,,
https://live.staticflickr.com/65535/8482302974_271300c5f5_b.jpg,https://www.flickr.com/photos/21013862@N08/8482302974,10.423231,-75.549362,,,,,,,,,,,,,,,
https://live.staticflickr.com/8102/8479307959_33c714f99f_b.jpg,https://www.flickr.com/photos/55050316@N02/8479307959,6.263768,-75.576367,,,,,,,,,,,,,,,
https://live.staticflickr.com/8234/8478847773_d1e55009c6_b.jpg,https://www.flickr.com/photos/66733752@N00/8478847773,10.314064,-75.578566,,,,,,,,,,,,,,,
https://live.staticflickr.com/65535/8421846500_5633d240d6_b.jpg,https://www.flickr.com/photos/21013862@N08/8421846500,8.951761,-79.535018,,,,,,,,,,,,,,,
https://live.staticflickr.com/8213/8421795118_55048f4f49_b.jpg,https://www.flickr.com/photos/21013862@N08/8421795118,8.952622,-79.535192,,,,,,,,,,,,,,,
https://live.staticflickr.com/8092/8414184239_aaf24eb2db_b.jpg,https://www.flickr.com/photos/21013862@N08/8414184239,4.597172,-74.076411,,,,,,,,,,,,,,,
https://live.staticflickr.com/8193/8388776504_450993c270_b.jpg,https://www.flickr.com/photos/26726767@N04/8388776504,12.106614,-68.936141,,,,,,,,,,,,,,,
https://live.staticflickr.com/8219/8367798509_857814a9ff_b.jpg,https://www.flickr.com/photos/48944476@N03/8367798509,-23.644946,-70.397032,,,,,,,,,,,,,,,
https://live.staticflickr.com/8358/8335255580_31e1336e9b_b.jpg,https://www.flickr.com/photos/38795342@N06/8335255580,-22.979868,-44.03743,,,,,,,,,,,,,,,
https://live.staticflickr.com/8501/8301775737_7c0cfafa86_b.jpg,https://www.flickr.com/photos/45911888@N02/8301775737,9.319328,-79.998664,,,,,,,,,,,,,,,
https://live.staticflickr.com/8216/8287705322_b50d0fc2d9_b.jpg,https://www.flickr.com/photos/38795342@N06/8287705322,-22.867871,-43.171634,,,,,,,,,,,,,,,
https://live.staticflickr.com/8483/8275554184_5a514af11d_b.jpg,https://www.flickr.com/photos/21484776@N00/8275554184,-3.12209,-60.016508,,,,,,,,,,,,,,,
https://live.staticflickr.com/8360/8271459759_33f67c4851_b.jpg,https://www.flickr.com/photos/38795342@N06/8271459759,-22.897208,-43.166055,,,,,,,,,,,,,,,
https://live.staticflickr.com/8342/8240306865_27c6cbed11_b.jpg,https://www.flickr.com/photos/23941506@N05/8240306865,-16.681828,-49.257931,,,,,,,,,,,,,,,
https://live.staticflickr.com/8337/8233848385_256fd12c96_b.jpg,https://www.flickr.com/photos/74492144@N00/8233848385,-29.902279,-71.251187,,,,,,,,,,,,,,,
https://live.staticflickr.com/8487/8232259835_23b2540145_b.jpg,https://www.flickr.com/photos/29382029@N03/8232259835,-25.602057,-54.576988,,,,,,,,,,,,,,,
https://live.staticflickr.com/8208/8230640583_f2688a5453_b.jpg,https://www.flickr.com/photos/29382029@N03/8230640583,-22.9,-43.233299,,,,,,,,,,,,,,,
https://live.staticflickr.com/8070/8230637373_a024a8f28b_b.jpg,https://www.flickr.com/photos/29382029@N03/8230637373,-22.9,-43.233299,,,,,,,,,,,,,,,
https://live.staticflickr.com/8210/8231696002_a51b73924c_b.jpg,https://www.flickr.com/photos/29382029@N03/8231696002,-22.9,-43.233299,,,,,,,,,,,,,,,
https://live.staticflickr.com/8350/8230607915_b544c18e9a_b.jpg,https://www.flickr.com/photos/29382029@N03/8230607915,-12.9833,-38.516701,,,,,,,,,,,,,,,
https://live.staticflickr.com/8208/8230588997_3b048a2edc_b.jpg,https://www.flickr.com/photos/29382029@N03/8230588997,-12.9833,-38.516701,,,,,,,,,,,,,,,
https://live.staticflickr.com/8481/8230534391_628359a6a0_b.jpg,https://www.flickr.com/photos/29382029@N03/8230534391,-20.457896,-54.640503,,,,,,,,,,,,,,,
https://live.staticflickr.com/8345/8221197613_408bb812bf_b.jpg,https://www.flickr.com/photos/49303306@N04/8221197613,-34.602023,-58.384674,,,,,,,,,,,,,,,
https://live.staticflickr.com/8348/8207492295_8102ce1cbc_b.jpg,https://www.flickr.com/photos/23941506@N05/8207492295,-16.682034,-49.257137,,,,,,,,,,,,,,,
https://live.staticflickr.com/8058/8201849519_503e774e0d_b.jpg,https://www.flickr.com/photos/23941506@N05/8201849519,-16.681191,-49.256129,,,,,,,,,,,,,,,
https://live.staticflickr.com/8483/8200868343_c6e68c4940_b.jpg,https://www.flickr.com/photos/46205117@N00/8200868343,-22.893359,-43.293173,,,,,,,,,,,,,,,
https://live.staticflickr.com/8068/8164004639_eb61ecd3c1_b.jpg,https://www.flickr.com/photos/38795342@N06/8164004639,-22.908119,-43.126187,,,,,,,,,,,,,,,
https://live.staticflickr.com/7107/8159722741_ffdbfb9ee2_b.jpg,https://www.flickr.com/photos/55050316@N02/8159722741,6.223891,-75.574768,,,,,,,,,,,,,,,
https://live.staticflickr.com/8203/8158957920_7a0591c777_b.jpg,https://www.flickr.com/photos/88972033@N05/8158957920,-3.062983,-64.84905,,,,,,,,,,,,,,,
https://live.staticflickr.com/8469/8109852906_6d78786b59_b.jpg,https://www.flickr.com/photos/8865243@N02/8109852906,-22.954668,-44.394539,,,,,,,,,,,,,,,
https://live.staticflickr.com/8475/8080977373_e2e944f0b0_b.jpg,https://www.flickr.com/photos/38795342@N06/8080977373,-22.909513,-43.172342,,,,,,,,,,,,,,,
https://live.staticflickr.com/8054/8080965427_79c1a8c766_b.jpg,https://www.flickr.com/photos/38795342@N06/8080965427,-22.91142,-43.17599,,,,,,,,,,,,,,,
https://live.staticflickr.com/8323/8080940584_51cbfbcb46_b.jpg,https://www.flickr.com/photos/38795342@N06/8080940584,-22.91142,-43.17599,,,,,,,,,,,,,,,
https://live.staticflickr.com/65535/8080943215_62bd180286_b.jpg,https://www.flickr.com/photos/38795342@N06/8080943215,-22.91142,-43.17599,,,,,,,,,,,,,,,
https://live.staticflickr.com/8333/8080916669_f9074d7184_b.jpg,https://www.flickr.com/photos/38795342@N06/8080916669,-22.907289,-43.178586,,,,,,,,,,,,,,,
https://live.staticflickr.com/8041/8066913612_53e52637c5_b.jpg,https://www.flickr.com/photos/48222091@N03/8066913612,-23.562334,-46.655277,,,,,,,,,,,,,,,
https://live.staticflickr.com/8172/7989265192_0949c04722_b.jpg,https://www.flickr.com/photos/21013862@N08/7989265192,4.595899,-74.073514,,,,,,,,,,,,,,,
https://live.staticflickr.com/8452/7941164444_95232a6fc7_b.jpg,https://www.flickr.com/photos/66733752@N00/7941164444,10.422587,-75.552442,,,,,,,,,,,,,,,
https://live.staticflickr.com/8030/7930963166_b6bf5b4265_b.jpg,https://www.flickr.com/photos/66733752@N00/7930963166,10.422724,-75.55036,,,,,,,,,,,,,,,
https://live.staticflickr.com/8176/7926468236_3db22c689c_b.jpg,https://www.flickr.com/photos/66733752@N00/7926468236,10.422471,-75.548622,,,,,,,,,,,,,,,
https://live.staticflickr.com/8300/7839246110_39190374d0_b.jpg,https://www.flickr.com/photos/21013862@N08/7839246110,4.595899,-74.073514,,,,,,,,,,,,,,,
https://live.staticflickr.com/8447/7743662842_4c35c779e8_b.jpg,https://www.flickr.com/photos/74492144@N00/7743662842,-33.444602,-70.684136,,,,,,,,,,,,,,,
https://live.staticflickr.com/8294/7733970216_6ac6881861_b.jpg,https://www.flickr.com/photos/8865243@N02/7733970216,-22.505325,-43.183314,,,,,,,,,,,,,,,
https://live.staticflickr.com/8424/7677972046_2b0848f63a_b.jpg,https://www.flickr.com/photos/45335171@N02/7677972046,-33.038339,-71.627964,,,,,,,,,,,,,,,
https://live.staticflickr.com/8026/7492508676_30d386ba6a_b.jpg,https://www.flickr.com/photos/55050316@N02/7492508676,6.266445,-75.564147,,,,,,,,,,,,,,,
https://live.staticflickr.com/8008/7230300436_eae9050fbd_b.jpg,https://www.flickr.com/photos/64554860@N08/7230300436,-34.906684,-56.198726,,,,,,,,,,,,,,,
https://live.staticflickr.com/7052/6997778356_9e9d613a27_b.jpg,https://www.flickr.com/photos/39944695@N04/6997778356,-33.437135,-70.637626,,,,,,,,,,,,,,,
https://live.staticflickr.com/7038/6936371022_fd67259151_b.jpg,https://www.flickr.com/photos/68095038@N00/6936371022,-22.912502,-43.176827,,,,,,,,,,,,,,,
https://live.staticflickr.com/5032/7082444297_4e83f8c6e3_b.jpg,https://www.flickr.com/photos/68095038@N00/7082444297,-22.912502,-43.176827,,,,,,,,,,,,,,,
https://live.staticflickr.com/7180/6909149764_5d116790ec_b.jpg,https://www.flickr.com/photos/55050316@N02/6909149764,6.244939,-75.576646,,,,,,,,,,,,,,,
https://live.staticflickr.com/7262/7041939647_351f628eb8_b.jpg,https://www.flickr.com/photos/19467401@N00/7041939647,-6.920004,-79.871485,,,,,,,,,,,,,,,
https://live.staticflickr.com/7098/7007360993_652ee02fde_b.jpg,https://www.flickr.com/photos/9201491@N03/7007360993,-33.046029,-71.612341,,,,,,,,,,,,,,,
https://live.staticflickr.com/7180/6990563481_9cf65885a4_b.jpg,https://www.flickr.com/photos/7652975@N03/6990563481,8.975367,-79.526005,,,,,,,,,,,,,,,
https://live.staticflickr.com/7057/6814264658_e09bd0a72b_b.jpg,https://www.flickr.com/photos/37682301@N04/6814264658,-22.91816,-68.177547,,,,,,,,,,,,,,,
https://live.staticflickr.com/65535/47058898094_d7b1ae36b0_b.jpg,https://www.flickr.com/photos/144815352@N05/47058898094,-25.507698,-54.591864,,,,,,,,,,,,,,,
https://live.staticflickr.com/65535/47058897944_26e52b5095_b.jpg,https://www.flickr.com/photos/144815352@N05/47058897944,-25.507698,-54.591864,,,,,,,,,,,,,,,
https://live.staticflickr.com/65535/33971160518_f331d64e73_b.jpg,https://www.flickr.com/photos/144815352@N05/33971160518,-25.509192,-54.596634,,,,,,,,,,,,,,,
https://live.staticflickr.com/65535/46910357315_f735d437f5_b.jpg,https://www.flickr.com/photos/114793564@N05/46910357315,4.551244,-74.0925,,,,,,,,,,,,,,,
https://live.staticflickr.com/65535/32875093877_c5b621c9f6_b.jpg,https://www.flickr.com/photos/34576387@N05/32875093877,-33.440564,-70.659642,,,,,,,,,,,,,,,
https://live.staticflickr.com/65535/54295837335_bea7ed5c29_b.jpg,https://www.flickr.com/photos/202168986@N06/54295837335,28.384909,-16.584135,,,,,,,,,,,,,,,
https://live.staticflickr.com/65535/52392315239_896d944103_b.jpg,https://www.flickr.com/photos/109585245@N06/52392315239,31.951761,35.93335,,,,,,,,,,,,,,,
https://live.staticflickr.com/65535/51982930938_bccda6dfaf_b.jpg,https://www.flickr.com/photos/42569593@N05/51982930938,28.415685,-16.548167,,,,,,,,,,,,,,,
https://live.staticflickr.com/65535/51143742110_4bf0ba9f3c_b.jpg,https://www.flickr.com/photos/24254936@N00/51143742110,34.865568,33.307918,,,,,,,,,,,,,,,
https://live.staticflickr.com/65535/49788335307_05b95f67d0_b.jpg,https://www.flickr.com/photos/113213302@N04/49788335307,29.560536,35.419922,,,,,,,,,,,,,,,
https://live.staticflickr.com/4832/45815462231_21619f2f16_b.jpg,https://www.flickr.com/photos/21013862@N08/45815462231,-29.603084,30.379497,,,,,,,,,,,,,,,
https://live.staticflickr.com/4420/36500576595_5fb646f9c1_b.jpg,https://www.flickr.com/photos/127560980@N02/36500576595,32.053826,34.775655,,,,,,,,,,,,,,,
https://live.staticflickr.com/4220/34342058153_3df3e60b9e_b.jpg,https://www.flickr.com/photos/32253820@N04/34342058153,31.625595,-7.988755,,,,,,,,,,,,,,,
https://live.staticflickr.com/7420/28036736245_9f0046455f_b.jpg,https://www.flickr.com/photos/92397425@N04/28036736245,28.112101,-15.41723,,,,,,,,,,,,,,,
https://live.staticflickr.com/7466/27661551670_07ac47348b_b.jpg,https://www.flickr.com/photos/92397425@N04/27661551670,28.143893,-15.431445,,,,,,,,,,,,,,,
https://live.staticflickr.com/5509/14577947266_976e65e13f_b.jpg,https://www.flickr.com/photos/59114488@N00/14577947266,32.964713,35.496177,,,,,,,,,,,,,,,
https://live.staticflickr.com/2910/14429329072_0a3da52a4f_b.jpg,https://www.flickr.com/photos/53763154@N04/14429329072,31.952398,35.93261,,,,,,,,,,,,,,,
https://live.staticflickr.com/6216/6326789997_73d8963a4a_b.jpg,https://www.flickr.com/photos/43289447@N00/6326789997,31.955254,35.931831,,,,,,,,,,,,,,,
https://live.staticflickr.com/3157/2583213579_c44b38e220_b.jpg,https://www.flickr.com/photos/75354058@N00/2583213579,30.050615,31.240332,,,,,,,,,,,,,,,
https://live.staticflickr.com/65535/54844983212_43569a92ac_b.jpg,https://www.flickr.com/photos/192017820@N06/54844983212,6.858056,0.554176,,,,,,,,,,,,,,,
https://live.staticflickr.com/65535/54705298246_97c9d840cd_b.jpg,https://www.flickr.com/photos/163660703@N02/54705298246,12.357055,-1.492469,,,,,,,,,,,,,,,
https://live.staticflickr.com/65535/54634717263_4254e90e51_b.jpg,https://www.flickr.com/photos/50879678@N03/54634717263,31.205166,29.910686,,,,,,,,,,,,,,,
https://live.staticflickr.com/65535/54584702864_fa44bf336a_b.jpg,https://www.flickr.com/photos/109715245@N06/54584702864,31.631941,-7.991059,,,,,,,,,,,,,,,
https://live.staticflickr.com/65535/54570764269_78ebe75b5e_b.jpg,https://www.flickr.com/photos/163660703@N02/54570764269,5.732937,-6.630061,,,,,,,,,,,,,,,
https://live.staticflickr.com/65535/54524763951_75dd39a51c_b.jpg,https://www.flickr.com/photos/163660703@N02/54524763951,5.218831,-3.759304,,,,,,,,,,,,,,,
https://live.staticflickr.com/65535/54525012848_fc8eb2339a_b.jpg,https://www.flickr.com/photos/163660703@N02/54525012848,5.220977,-3.758239,,,,,,,,,,,,,,,
https://live.staticflickr.com/65535/54432631495_6ec1a95138_b.jpg,https://www.flickr.com/photos/58990969@N02/54432631495,31.786597,35.223473,,,,,,,,,,,,,,,
https://live.staticflickr.com/65535/54422856395_22479d120b_b.jpg,https://www.flickr.com/photos/58990969@N02/54422856395,31.786761,35.220655,,,,,,,,,,,,,,,
https://live.staticflickr.com/65535/54401247339_944cf12b4d_b.jpg,https://www.flickr.com/photos/202520522@N08/54401247339,30.062468,31.227015,,,,,,,,,,,,,,,
https://live.staticflickr.com/65535/54361431391_0dcf3e31a7_b.jpg,https://www.flickr.com/photos/12741965@N00/54361431391,21.484246,39.186752,,,,,,,,,,,,,,,
https://live.staticflickr.com/65535/54328945886_1294f7fdb9_b.jpg,https://www.flickr.com/photos/12741965@N00/54328945886,21.486118,39.187561,,,,,,,,,,,,,,,
https://live.staticflickr.com/65535/54320620833_cfdef4df17_b.jpg,https://www.flickr.com/photos/195986407@N04/54320620833,28.417645,-16.553177,,,,,,,,,,,,,,,
https://live.staticflickr.com/65535/54301136742_767559bb03_b.jpg,https://www.flickr.com/photos/163660703@N02/54301136742,12.962155,-2.260976,,,,,,,,,,,,,,,
https://live.staticflickr.com/65535/54302007661_957dd105bc_b.jpg,https://www.flickr.com/photos/163660703@N02/54302007661,12.961727,-2.260815,,,,,,,,,,,,,,,
https://live.staticflickr.com/65535/54294756644_b55d92047f_b.jpg,https://www.flickr.com/photos/202168986@N06/54294756644,28.38803,-16.514081,,,,,,,,,,,,,,,
https://live.staticflickr.com/65535/54281040663_40bbd7c43b_b.jpg,https://www.flickr.com/photos/58990969@N02/54281040663,31.787116,35.222657,,,,,,,,,,,,,,,
https://live.staticflickr.com/65535/54273753567_61787cf94f_b.jpg,https://www.flickr.com/photos/78950271@N03/54273753567,31.610803,-7.989145,,,,,,,,,,,,,,,
https://live.staticflickr.com/65535/54271318035_4cd739b29a_b.jpg,https://www.flickr.com/photos/58990969@N02/54271318035,31.785493,35.213778,,,,,,,,,,,,,,,
https://live.staticflickr.com/65535/54267668761_36f896a3b4_b.jpg,https://www.flickr.com/photos/201860216@N02/54267668761,-23.359138,43.666652,,,,,,,,,,,,,,,
https://live.staticflickr.com/65535/54267670434_e4634a201d_b.jpg,https://www.flickr.com/photos/195986407@N04/54267670434,28.417664,-16.552705,,,,,,,,,,,,,,,
https://live.staticflickr.com/65535/54266894920_3fc06f0fda_b.jpg,https://www.flickr.com/photos/58990969@N02/54266894920,29.547746,34.964704,,,,,,,,,,,,,,,
https://live.staticflickr.com/65535/54246858367_502fec17cd_b.jpg,https://www.flickr.com/photos/41601263@N00/54246858367,-33.921064,18.41453,,,,,,,,,,,,,,,
https://live.staticflickr.com/65535/54247990443_1082d32a7f_b.jpg,https://www.flickr.com/photos/41601263@N00/54247990443,-33.921064,18.41453,,,,,,,,,,,,,,,
https://live.staticflickr.com/65535/54246858332_12ab199014_b.jpg,https://www.flickr.com/photos/41601263@N00/54246858332,-33.921064,18.41453,,,,,,,,,,,,,,,
https://live.staticflickr.com/65535/54241307561_90f02d96c7_b.jpg,https://www.flickr.com/photos/201860216@N02/54241307561,-19.528821,45.45708,,,,,,,,,,,,,,,
https://live.staticflickr.com/65535/54238396242_5f25cf2579_b.jpg,https://www.flickr.com/photos/183838653@N06/54238396242,32.652772,-16.902133,,,,,,,,,,,,,,,
https://live.staticflickr.com/65535/54233535035_e763b7d7c4_b.jpg,https://www.flickr.com/photos/9766401@N03/54233535035,31.512328,-9.772113,,,,,,,,,,,,,,,
https://live.staticflickr.com/65535/54230275821_f420256431_b.jpg,https://www.flickr.com/photos/163660703@N02/54230275821,5.21541,-3.763099,,,,,,,,,,,,,,,
https://live.staticflickr.com/65535/54221736326_6d07b6a552_b.jpg,https://www.flickr.com/photos/58990969@N02/54221736326,29.547746,34.964704,,,,,,,,,,,,,,,
https://live.staticflickr.com/65535/54215193547_2a9a415372_b.jpg,https://www.flickr.com/photos/96657002@N06/54215193547,-26.206649,28.042913,,,,,,,,,,,,,,,
https://live.staticflickr.com/65535/54214181731_3b230945da_b.jpg,https://www.flickr.com/photos/96657002@N06/54214181731,-26.208988,28.039984,,,,,,,,,,,,,,,
https://live.staticflickr.com/65535/54213210671_a9d14a4430_b.jpg,https://www.flickr.com/photos/58990969@N02/54213210671,32.079465,34.7666,,,,,,,,,,,,,,,
https://live.staticflickr.com/65535/54213210676_1f43150678_b.jpg,https://www.flickr.com/photos/58990969@N02/54213210676,32.079465,34.7666,,,,,,,,,,,,,,,
https://live.staticflickr.com/65535/54207652884_cf1110527c_b.jpg,https://www.flickr.com/photos/96657002@N06/54207652884,-26.204426,28.040328,,,,,,,,,,,,,,,
https://live.staticflickr.com/65535/54202023154_da067fe5de_b.jpg,https://www.flickr.com/photos/96657002@N06/54202023154,-26.204426,28.040328,,,,,,,,,,,,,,,
https://live.staticflickr.com/65535/54197913415_3a175c744b_b.jpg,https://www.flickr.com/photos/96657002@N06/54197913415,-26.208988,28.039984,,,,,,,,,,,,,,,
https://live.staticflickr.com/65535/54188174856_a035e108db_b.jpg,https://www.flickr.com/photos/58990969@N02/54188174856,32.079465,34.7666,,,,,,,,,,,,,,,
https://live.staticflickr.com/65535/54182249246_aa55418fe8_b.jpg,https://www.flickr.com/photos/58990969@N02/54182249246,31.78428,35.215662,,,,,,,,,,,,,,,
https://live.staticflickr.com/65535/54181107179_60bea9b55c_b.jpg,https://www.flickr.com/photos/96657002@N06/54181107179,-26.188195,28.042495,,,,,,,,,,,,,,,
https://live.staticflickr.com/65535/54177975261_f74533d114_b.jpg,https://www.flickr.com/photos/96657002@N06/54177975261,-26.015983,28.106439,,,,,,,,,,,,,,,
https://live.staticflickr.com/65535/54176492011_06512de05b_b.jpg,https://www.flickr.com/photos/58990969@N02/54176492011,31.785721,35.213087,,,,,,,,,,,,,,,
https://live.staticflickr.com/65535/54173898610_9a9cf4e92e_b.jpg,https://www.flickr.com/photos/58990969@N02/54173898610,31.785831,35.212293,,,,,,,,,,,,,,,
https://live.staticflickr.com/65535/54171201542_059c4ccda7_b.jpg,https://www.flickr.com/photos/96657002@N06/54171201542,-26.131953,28.068448,,,,,,,,,,,,,,,
https://live.staticflickr.com/65535/54145755419_cf99e2700f_b.jpg,https://www.flickr.com/photos/38940360@N08/54145755419,28.100887,-15.415542,,,,,,,,,,,,,,,
https://live.staticflickr.com/65535/54141307099_9976d84679_b.jpg,https://www.flickr.com/photos/58990969@N02/54141307099,31.78397,35.212572,,,,,,,,,,,,,,,
https://live.staticflickr.com/65535/54137030235_3eb919e6e5_b.jpg,https://www.flickr.com/photos/163660703@N02/54137030235,12.356929,-1.552379,,,,,,,,,,,,,,,
https://live.staticflickr.com/65535/54136725538_9b3f0759a8_b.jpg,https://www.flickr.com/photos/58990969@N02/54136725538,31.785037,35.214493,,,,,,,,,,,,,,,
https://live.staticflickr.com/65535/53979663281_ab5ab2c335_b.jpg,https://www.flickr.com/photos/37409770@N00/53979663281,-22.570262,17.08523,,,,,,,,,,,,,,,
https://live.staticflickr.com/65535/53884707175_4cb5aafc7e_b.jpg,https://www.flickr.com/photos/59671408@N06/53884707175,34.257216,35.658262,,,,,,,,,,,,,,,
https://live.staticflickr.com/65535/53873031127_d090afcb57_b.jpg,https://www.flickr.com/photos/59671408@N06/53873031127,34.119692,35.646665,,,,,,,,,,,,,,,
https://live.staticflickr.com/65535/53870276242_63b29364c6_b.jpg,https://www.flickr.com/photos/35669598@N04/53870276242,14.669622,-17.431772,,,,,,,,,,,,,,,
https://live.staticflickr.com/65535/53850852280_e90f374a97_b.jpg,https://www.flickr.com/photos/59671408@N06/53850852280,34.457287,35.810312,,,,,,,,,,,,,,,
https://live.staticflickr.com/65535/53839894574_d41361f83d_b.jpg,https://www.flickr.com/photos/59671408@N06/53839894574,34.457004,35.80852,,,,,,,,,,,,,,,
https://live.staticflickr.com/5011/5461050229_6df20ff540_b.jpg,https://www.flickr.com/photos/98511625@N00/5461050229,33.887018,35.556907,,,,,,,,,,,,,,,
https://live.staticflickr.com/5216/5404415647_f2f977e9d5_b.jpg,https://www.flickr.com/photos/31575009@N05/5404415647,-0.75,37,,,,,,,,,,,,,,,
https://live.staticflickr.com/5050/5290452102_8c5d5b7266_b.jpg,https://www.flickr.com/photos/55231259@N00/5290452102,32.644217,-16.920146,,,,,,,,,,,,,,,
https://live.staticflickr.com/2364/2299715324_e3e03a975c_b.jpg,https://www.flickr.com/photos/83964620@N00/2299715324,-29.081582,19.136724,,,,,,,,,,,,,,,
https://live.staticflickr.com/65535/54275413055_52ffa1e941_b.jpg,https://www.flickr.com/photos/41601263@N00/54275413055,-34.050003,23.350847,,,,,,,,,,,,,,,
https://live.staticflickr.com/65535/52736768864_18be31a1ab_b.jpg,https://www.flickr.com/photos/197847101@N02/52736768864,-2.269378,40.902447,,,,,,,,,,,,,,,
https://live.staticflickr.com/65535/52735991712_26174b6b44_b.jpg,https://www.flickr.com/photos/197847101@N02/52735991712,-2.269459,40.902266,,,,,,,,,,,,,,,
https://live.staticflickr.com/65535/52635799224_83778309b8_b.jpg,https://www.flickr.com/photos/96541566@N06/52635799224,31.471708,35.781619,,,,,,,,,,,,,,,
https://live.staticflickr.com/965/40068931220_0c3381d225_b.jpg,https://www.flickr.com/photos/59338133@N05/40068931220,-29.8113,30.910047,,,,,,,,,,,,,,,
https://live.staticflickr.com/326/32030689003_31021e30a9_b.jpg,https://www.flickr.com/photos/94793261@N02/32030689003,32.075266,34.793444,,,,,,,,,,,,,,,
https://live.staticflickr.com/3933/15630073336_b3ecc363e3_b.jpg,https://www.flickr.com/photos/37824151@N00/15630073336,29.981413,31.143205,,,,,,,,,,,,,,,
https://live.staticflickr.com/3597/5796756590_0a3391555c_b.jpg,https://www.flickr.com/photos/20697717@N06/5796756590,4.9015794,-1.7830973,,,,,,,,,,,,,,,
https://live.staticflickr.com/5165/5229839208_bec85f7756_b.jpg,https://www.flickr.com/photos/36430852@N08/5229839208,4.9015794,-1.7830973,,,,,,,,,,,,,,,
https://live.staticflickr.com/2516/3991862601_9a3b6949ca_b.jpg,https://www.flickr.com/photos/32323502@N00/3991862601,4.9015794,-1.7830973,,,,,,,,,,,,,,,
https://live.staticflickr.com/3402/3344456092_cff17a68f4_b.jpg,https://www.flickr.com/photos/10698035@N00/3344456092,31.778466,35.229501,,,,,,,,,,,,,,,
https://live.staticflickr.com/65535/54875402628_15da2fd422_b.jpg,https://www.flickr.com/photos/34572250@N00/54875402628,25.700746,32.640218,,,,,,,,,,,,,,,
https://live.staticflickr.com/65535/54849171437_b4d75d0014_b.jpg,https://www.flickr.com/photos/192017820@N06/54849171437,6.269677,1.422364,,,,,,,,,,,,,,,
https://live.staticflickr.com/65535/54845771773_e2b738f775_b.jpg,https://www.flickr.com/photos/24406544@N00/54845771773,34.015779,-5.066982,,,,,,,,,,,,,,,
https://live.staticflickr.com/65535/54842174077_fed9cc0dc2_b.jpg,https://www.flickr.com/photos/124743354@N04/54842174077,-28.072159,32.160997,,,,,,,,,,,,,,,
https://live.staticflickr.com/65535/54815042921_5022e0d91b_b.jpg,https://www.flickr.com/photos/24406544@N00/54815042921,34.002261,-4.974843,,,,,,,,,,,,,,,
https://live.staticflickr.com/65535/54815040709_6a9ea05afc_b.jpg,https://www.flickr.com/photos/24406544@N00/54815040709,33.991017,-5.021224,,,,,,,,,,,,,,,
https://live.staticflickr.com/65535/54813347038_44631facb8_b.jpg,https://www.flickr.com/photos/124743354@N04/54813347038,-28.376912,32.41088,,,,,,,,,,,,,,,
https://live.staticflickr.com/65535/54811253761_ccb687b65c_b.jpg,https://www.flickr.com/photos/24406544@N00/54811253761,34.028379,-5.025343,,,,,,,,,,,,,,,
https://live.staticflickr.com/65535/54811485458_48b14cac6a_b.jpg,https://www.flickr.com/photos/24406544@N00/54811485458,34.019354,-5.022532,,,,,,,,,,,,,,,
https://live.staticflickr.com/65535/54797751643_9ed8f93283_b.jpg,https://www.flickr.com/photos/24406544@N00/54797751643,33.967387,-5.087753,,,,,,,,,,,,,,,
https://live.staticflickr.com/65535/54779708610_be48f60e4e_b.jpg,https://www.flickr.com/photos/196539200@N07/54779708610,30.042915,31.254904,,,,,,,,,,,,,,,
https://live.staticflickr.com/65535/54776376609_d853523645_b.jpg,https://www.flickr.com/photos/127405472@N05/54776376609,0.62225,37.562108,,,,,,,,,,,,,,,
https://live.staticflickr.com/65535/54772179637_142201a9d5_b.jpg,https://www.flickr.com/photos/203530252@N08/54772179637,33.851305,-4.870194,,,,,,,,,,,,,,,
https://live.staticflickr.com/65535/54743148901_13c14de9fe_b.jpg,https://www.flickr.com/photos/68898571@N00/54743148901,33.891344,-5.56812,,,,,,,,,,,,,,,
https://live.staticflickr.com/65535/54741860416_a6595fcb85_b.jpg,https://www.flickr.com/photos/48888412@N02/54741860416,31.621196,-7.981157,,,,,,,,,,,,,,,
https://live.staticflickr.com/65535/54699598325_2f64f77794_b.jpg,https://www.flickr.com/photos/124743354@N04/54699598325,25.718394,32.658347,,,,,,,,,,,,,,,
https://live.staticflickr.com/65535/54697380139_b6ec9a62a3_b.jpg,https://www.flickr.com/photos/124743354@N04/54697380139,29.967824,31.14628,,,,,,,,,,,,,,,
https://live.staticflickr.com/65535/54694903580_7edd6b520e_b.jpg,https://www.flickr.com/photos/163660703@N02/54694903580,12.722571,-8.053542,,,,,,,,,,,,,,,
https://live.staticflickr.com/65535/54693475360_db72186c21_b.jpg,https://www.flickr.com/photos/124743354@N04/54693475360,31.514733,-9.761288,,,,,,,,,,,,,,,
https://live.staticflickr.com/65535/54675604132_9eabec250a_b.jpg,https://www.flickr.com/photos/12741965@N00/54675604132,-33.586246,19.130481,,,,,,,,,,,,,,,
https://live.staticflickr.com/65535/54661631163_f9b2129cab_b.jpg,https://www.flickr.com/photos/12741965@N00/54661631163,-33.257707,19.579127,,,,,,,,,,,,,,,
https://live.staticflickr.com/65535/54655464484_6a829359be_b.jpg,https://www.flickr.com/photos/46597311@N06/54655464484,30.047364,31.239781,,,,,,,,,,,,,,,
https://live.staticflickr.com/65535/54648987402_3de5e9b90d_b.jpg,https://www.flickr.com/photos/12741965@N00/54648987402,-32.477876,19.909885,,,,,,,,,,,,,,,
https://live.staticflickr.com/65535/54639517573_7d13ff277a_b.jpg,https://www.flickr.com/photos/44296132@N06/54639517573,32.675311,-16.903317,,,,,,,,,,,,,,,
https://live.staticflickr.com/65535/54626892082_13421042af_b.jpg,https://www.flickr.com/photos/124743354@N04/54626892082,-26.238364,27.908933,,,,,,,,,,,,,,,
https://live.staticflickr.com/65535/54626350015_0600f74bec_b.jpg,https://www.flickr.com/photos/124743354@N04/54626350015,-26.244995,31.8759,,,,,,,,,,,,,,,
https://live.staticflickr.com/65535/54574587686_8f01104a61_b.jpg,https://www.flickr.com/photos/124743354@N04/54574587686,25.718936,32.657383,,,,,,,,,,,,,,,
https://live.staticflickr.com/65535/54572866840_eae0f8948d_b.jpg,https://www.flickr.com/photos/124743354@N04/54572866840,24.184386,32.870011,,,,,,,,,,,,,,,
https://live.staticflickr.com/65535/54558994910_20f7650d64_b.jpg,https://www.flickr.com/photos/12741965@N00/54558994910,-34.617026,19.887387,,,,,,,,,,,,,,,
https://live.staticflickr.com/65535/54541742367_3b2929356f_b.jpg,https://www.flickr.com/photos/16564965@N04/54541742367,32.647588,-16.909928,,,,,,,,,,,,,,,
https://live.staticflickr.com/65535/54542342358_575f3c4407_b.jpg,https://www.flickr.com/photos/16564965@N04/54542342358,32.647883,-16.908925,,,,,,,,,,,,,,,
https://live.staticflickr.com/65535/54542339888_cec53322ba_b.jpg,https://www.flickr.com/photos/16564965@N04/54542339888,32.647891,-16.908628,,,,,,,,,,,,,,,
https://live.staticflickr.com/65535/54542334143_05f8cecaa5_b.jpg,https://www.flickr.com/photos/16564965@N04/54542334143,32.64815,-16.908689,,,,,,,,,,,,,,,
https://live.staticflickr.com/65535/54503274615_6d62150a32_b.jpg,https://www.flickr.com/photos/124743354@N04/54503274615,24.703213,32.934316,,,,,,,,,,,,,,,
https://live.staticflickr.com/65535/54475072855_83f16a0f9e_b.jpg,https://www.flickr.com/photos/124743354@N04/54475072855,25.69703,32.629655,,,,,,,,,,,,,,,
https://live.staticflickr.com/65535/54473707090_fd24b12d87_b.jpg,https://www.flickr.com/photos/124743354@N04/54473707090,25.701813,32.643458,,,,,,,,,,,,,,,
https://live.staticflickr.com/65535/54470634100_76a8af8ac2_b.jpg,https://www.flickr.com/photos/124743354@N04/54470634100,25.702455,32.64508,,,,,,,,,,,,,,,
https://live.staticflickr.com/65535/54466520273_36eae1a0c4_b.jpg,https://www.flickr.com/photos/124743354@N04/54466520273,25.704297,32.649108,,,,,,,,,,,,,,,
https://live.staticflickr.com/65535/54458648742_1216c841e5_b.jpg,https://www.flickr.com/photos/124743354@N04/54458648742,25.702705,32.645877,,,,,,,,,,,,,,,
https://live.staticflickr.com/65535/54458518434_9212bcf9c0_b.jpg,https://www.flickr.com/photos/124743354@N04/54458518434,25.738036,32.606991,,,,,,,,,,,,,,,
https://live.staticflickr.com/65535/54457313397_13a8a9da14_b.jpg,https://www.flickr.com/photos/124743354@N04/54457313397,25.702958,32.646472,,,,,,,,,,,,,,,
https://live.staticflickr.com/65535/54453861655_f3cc45a4a9_b.jpg,https://www.flickr.com/photos/163660703@N02/54453861655,5.204736,-3.78902,,,,,,,,,,,,,,,
https://live.staticflickr.com/65535/54451045400_8fa5356b86_b.jpg,https://www.flickr.com/photos/68898571@N00/54451045400,34.735163,10.760888,,,,,,,,,,,,,,,
https://live.staticflickr.com/65535/54438069402_c06db73c99_b.jpg,https://www.flickr.com/photos/65599746@N03/54438069402,34.032896,-6.835319,,,,,,,,,,,,,,,
https://live.staticflickr.com/65535/54426430849_c7b7bd8ecb_b.jpg,https://www.flickr.com/photos/124743354@N04/54426430849,25.697141,32.62968,,,,,,,,,,,,,,,
https://live.staticflickr.com/65535/54426230173_75e70bbb96_b.jpg,https://www.flickr.com/photos/124743354@N04/54426230173,25.702258,32.644588,,,,,,,,,,,,,,,
https://live.staticflickr.com/65535/54417964810_255e918b86_b.jpg,https://www.flickr.com/photos/124743354@N04/54417964810,25.738036,32.606991,,,,,,,,,,,,,,,
https://live.staticflickr.com/1615/24522181004_828765df02_b.jpg,https://www.flickr.com/photos/118883313@N07/24522181004,33.590867,-7.635884,,,,,,,,,,,,,,,
https://live.staticflickr.com/1456/25152869155_6a5468491a_b.jpg,https://www.flickr.com/photos/118883313@N07/25152869155,33.593593,-7.637697,,,,,,,,,,,,,,,
https://live.staticflickr.com/1583/24526011883_51c8c651d3_b.jpg,https://www.flickr.com/photos/118883313@N07/24526011883,33.593593,-7.637697,,,,,,,,,,,,,,,
https://live.staticflickr.com/1463/25059595821_172f175b77_b.jpg,https://www.flickr.com/photos/118883313@N07/25059595821,33.605004,-7.638491,,,,,,,,,,,,,,,
https://live.staticflickr.com/1615/24785156949_4fd370a52a_b.jpg,https://www.flickr.com/photos/118883313@N07/24785156949,33.598651,-7.638094,,,,,,,,,,,,,,,
https://live.staticflickr.com/1704/24785153449_3718804b51_b.jpg,https://www.flickr.com/photos/118883313@N07/24785153449,33.597105,-7.618181,,,,,,,,,,,,,,,
https://live.staticflickr.com/1651/24525995163_b036f7434e_b.jpg,https://www.flickr.com/photos/118883313@N07/24525995163,33.58091,-7.69176,,,,,,,,,,,,,,,
https://live.staticflickr.com/1511/25059577801_a46a6054e2_b.jpg,https://www.flickr.com/photos/118883313@N07/25059577801,33.582841,-7.704827,,,,,,,,,,,,,,,
https://live.staticflickr.com/1689/24785145649_cbac8aa5a3_b.jpg,https://www.flickr.com/photos/118883313@N07/24785145649,33.582841,-7.704827,,,,,,,,,,,,,,,
https://live.staticflickr.com/1455/24785144979_625e31e3de_b.jpg,https://www.flickr.com/photos/118883313@N07/24785144979,33.582841,-7.704827,,,,,,,,,,,,,,,
https://live.staticflickr.com/1720/24525987043_700c7b9f5f_b.jpg,https://www.flickr.com/photos/118883313@N07/24525987043,33.576566,-7.706308,,,,,,,,,,,,,,,
https://live.staticflickr.com/1588/24857178580_e527aaccd6_b.jpg,https://www.flickr.com/photos/118883313@N07/24857178580,33.576566,-7.706308,,,,,,,,,,,,,,,
https://live.staticflickr.com/1641/24785139249_fb094ae9b4_b.jpg,https://www.flickr.com/photos/118883313@N07/24785139249,33.576566,-7.706308,,,,,,,,,,,,,,,
https://live.staticflickr.com/1617/25152839975_c44a2093e0_b.jpg,https://www.flickr.com/photos/118883313@N07/25152839975,33.59454,-7.612398,,,,,,,,,,,,,,,
https://live.staticflickr.com/1605/25152833385_83cce142c7_b.jpg,https://www.flickr.com/photos/118883313@N07/25152833385,33.602225,-7.662159,,,,,,,,,,,,,,,
https://live.staticflickr.com/1690/24857163950_20866776d1_b.jpg,https://www.flickr.com/photos/118883313@N07/24857163950,33.602225,-7.662159,,,,,,,,,,,,,,,
https://live.staticflickr.com/1530/24785120859_ab8dbdd058_b.jpg,https://www.flickr.com/photos/118883313@N07/24785120859,33.59496,-7.612377,,,,,,,,,,,,,,,
https://live.staticflickr.com/1526/24785120479_f6297d9560_b.jpg,https://www.flickr.com/photos/118883313@N07/24785120479,33.59496,-7.612377,,,,,,,,,,,,,,,
https://live.staticflickr.com/1509/25126466036_a07c111e36_b.jpg,https://www.flickr.com/photos/118883313@N07/25126466036,33.59496,-7.612377,,,,,,,,,,,,,,,
https://live.staticflickr.com/1581/24522120564_1c4a7e9476_b.jpg,https://www.flickr.com/photos/118883313@N07/24522120564,33.702617,-7.392296,,,,,,,,,,,,,,,
https://live.staticflickr.com/1678/25059523851_9cdf6488ec_b.jpg,https://www.flickr.com/photos/118883313@N07/25059523851,33.699029,-7.388638,,,,,,,,,,,,,,,
https://live.staticflickr.com/1560/25034536472_c366a113aa_b.jpg,https://www.flickr.com/photos/118883313@N07/25034536472,33.696199,-7.389421,,,,,,,,,,,,,,,
https://live.staticflickr.com/1582/25059519811_a25ef83e57_b.jpg,https://www.flickr.com/photos/118883313@N07/25059519811,33.599696,-7.613289,,,,,,,,,,,,,,,
https://live.staticflickr.com/1685/25152789415_f876a55725_b.jpg,https://www.flickr.com/photos/118883313@N07/25152789415,33.577442,-7.606422,,,,,,,,,,,,,,,
https://live.staticflickr.com/1614/24785081459_c3df146f48_b.jpg,https://www.flickr.com/photos/118883313@N07/24785081459,33.577076,-7.605897,,,,,,,,,,,,,,,
https://live.staticflickr.com/1607/25034512552_a19f21c767_b.jpg,https://www.flickr.com/photos/118883313@N07/25034512552,33.577889,-7.605038,,,,,,,,,,,,,,,
https://live.staticflickr.com/1666/25152740385_ca11b0ece7_b.jpg,https://www.flickr.com/photos/118883313@N07/25152740385,33.593807,-7.618321,,,,,,,,,,,,,,,
https://live.staticflickr.com/1450/25152726195_44c512c1cc_b.jpg,https://www.flickr.com/photos/118883313@N07/25152726195,33.595076,-7.623642,,,,,,,,,,,,,,,
https://live.staticflickr.com/1461/24522014454_5b0918ac65_b.jpg,https://www.flickr.com/photos/118883313@N07/24522014454,33.59941,-7.612291,,,,,,,,,,,,,,,
https://live.staticflickr.com/1451/25059429831_8fbb416a99_b.jpg,https://www.flickr.com/photos/118883313@N07/25059429831,33.59941,-7.612291,,,,,,,,,,,,,,,
https://live.staticflickr.com/1441/24857026950_9e06dd78a5_b.jpg,https://www.flickr.com/photos/118883313@N07/24857026950,33.590366,-7.614448,,,,,,,,,,,,,,,
https://live.staticflickr.com/1692/25034431432_d4ee09565d_b.jpg,https://www.flickr.com/photos/118883313@N07/25034431432,33.590366,-7.614448,,,,,,,,,,,,,,,
https://live.staticflickr.com/1618/24857015780_3fee438c05_b.jpg,https://www.flickr.com/photos/118883313@N07/24857015780,33.596873,-7.616904,,,,,,,,,,,,,,,
https://live.staticflickr.com/1563/25152668795_2e42e8f9a3_b.jpg,https://www.flickr.com/photos/118883313@N07/25152668795,33.592788,-7.618621,,,,,,,,,,,,,,,
https://live.staticflickr.com/1607/24525811163_39d325f1f9_b.jpg,https://www.flickr.com/photos/118883313@N07/24525811163,33.592788,-7.618621,,,,,,,,,,,,,,,
https://live.staticflickr.com/1661/24521976714_d3a913ba2b_b.jpg,https://www.flickr.com/photos/118883313@N07/24521976714,33.592788,-7.618621,,,,,,,,,,,,,,,
https://live.staticflickr.com/1587/24856987230_7ffd34881f_b.jpg,https://www.flickr.com/photos/118883313@N07/24856987230,33.58899,-7.620263,,,,,,,,,,,,,,,
https://live.staticflickr.com/1576/24521954544_d6aaf6ac08_b.jpg,https://www.flickr.com/photos/118883313@N07/24521954544,33.582787,-7.562155,,,,,,,,,,,,,,,
https://live.staticflickr.com/1709/25126271846_b29c709501_b.jpg,https://www.flickr.com/photos/118883313@N07/25126271846,33.588507,-7.630348,,,,,,,,,,,,,,,
https://live.staticflickr.com/1712/24856943840_c6e05e0acd_b.jpg,https://www.flickr.com/photos/118883313@N07/24856943840,33.596685,-7.620102,,,,,,,,,,,,,,,
https://live.staticflickr.com/1491/24784890129_59bc3d6896_b.jpg,https://www.flickr.com/photos/118883313@N07/24784890129,33.598347,-7.618578,,,,,,,,,,,,,,,
https://live.staticflickr.com/1555/25098947156_e1f995a6f3_b.jpg,https://www.flickr.com/photos/131961478@N06/25098947156,33.901214,35.49645,,,,,,,,,,,,,,,
https://live.staticflickr.com/719/21855692522_1f3efeee4b_b.jpg,https://www.flickr.com/photos/92498551@N06/21855692522,32.073356,34.791812,,,,,,,,,,,,,,,
https://live.staticflickr.com/549/19532917953_a6825596cc_b.jpg,https://www.flickr.com/photos/12241627@N00/19532917953,28.399904,-14.155808,,,,,,,,,,,,,,,
https://live.staticflickr.com/494/20061309585_994d5ec154_b.jpg,https://www.flickr.com/photos/97238650@N08/20061309585,25.708116,32.651644,,,,,,,,,,,,,,,
https://live.staticflickr.com/8808/17495552815_aa00a2747b_b.jpg,https://www.flickr.com/photos/24864785@N02/17495552815,5.362216,-4.023595,,,,,,,,,,,,,,,
https://live.staticflickr.com/8797/17056331469_7034041710_b.jpg,https://www.flickr.com/photos/100629421@N07/17056331469,31.628582,-7.989356,,,,,,,,,,,,,,,
https://live.staticflickr.com/7685/16976662457_9a9b54515e_b.jpg,https://www.flickr.com/photos/79787647@N07/16976662457,32.070983,34.789196,,,,,,,,,,,,,,,
https://live.staticflickr.com/7500/15500725084_8f36fb7d2c_b.jpg,https://www.flickr.com/photos/76874896@N06/15500725084,31.64159,-7.996748,,,,,,,,,,,,,,,
https://live.staticflickr.com/8662/16093805806_bb79077f29_b.jpg,https://www.flickr.com/photos/107437453@N02/16093805806,32.015747,34.758697,,,,,,,,,,,,,,,
https://live.staticflickr.com/7576/15215865604_22d448a8f8_b.jpg,https://www.flickr.com/photos/92498551@N06/15215865604,32.079356,34.784517,,,,,,,,,,,,,,,
https://live.staticflickr.com/65535/15396603357_4407cabe73_b.jpg,https://www.flickr.com/photos/22362400@N06/15396603357,31.049514,31.385815,,,,,,,,,,,,,,,
https://live.staticflickr.com/5573/14409574669_97207cc549_b.jpg,https://www.flickr.com/photos/51982671@N06/14409574669,31.633333,-8,,,,,,,,,,,,,,,
https://live.staticflickr.com/3871/14409724177_55e35dcee5_b.jpg,https://www.flickr.com/photos/51982671@N06/14409724177,31.633333,-8,,,,,,,,,,,,,,,
https://live.staticflickr.com/3925/14616220913_f0447d384c_b.jpg,https://www.flickr.com/photos/51982671@N06/14616220913,31.625986,-7.9853,,,,,,,,,,,,,,,
https://live.staticflickr.com/3901/14392294316_c0ec662949_b.jpg,https://www.flickr.com/photos/73803561@N00/14392294316,32.08661,34.769604,,,,,,,,,,,,,,,
https://live.staticflickr.com/2933/14228808208_366f169d5e_b.jpg,https://www.flickr.com/photos/73803561@N00/14228808208,32.08661,34.769604,,,,,,,,,,,,,,,
https://live.staticflickr.com/2901/14411993371_6d47cea779_b.jpg,https://www.flickr.com/photos/73803561@N00/14411993371,32.921042,35.066685,,,,,,,,,,,,,,,
https://live.staticflickr.com/2895/14249927362_f8ba6c97b2_b.jpg,https://www.flickr.com/photos/82463114@N03/14249927362,28.060439,-15.546677,,,,,,,,,,,,,,,
https://live.staticflickr.com/7364/13984595676_ee6d09bea6_b.jpg,https://www.flickr.com/photos/73803561@N00/13984595676,31.775899,35.237467,,,,,,,,,,,,,,,
https://live.staticflickr.com/5282/14004494272_731950dd18_b.jpg,https://www.flickr.com/photos/73803561@N00/14004494272,31.776118,35.216953,,,,,,,,,,,,,,,
https://live.staticflickr.com/7032/14027695993_334b8c6d86_b.jpg,https://www.flickr.com/photos/73803561@N00/14027695993,31.776118,35.216953,,,,,,,,,,,,,,,
https://live.staticflickr.com/2911/14004461901_5bec1a3166_b.jpg,https://www.flickr.com/photos/73803561@N00/14004461901,31.776118,35.216953,,,,,,,,,,,,,,,
https://live.staticflickr.com/65535/12614766393_134fb993e9_b.jpg,https://www.flickr.com/photos/56952792@N00/12614766393,-6.163382,39.190485,,,,,,,,,,,,,,,
https://live.staticflickr.com/7355/12446314694_63b30a3047_b.jpg,https://www.flickr.com/photos/41623683@N05/12446314694,34.249997,36.016294,,,,,,,,,,,,,,,
https://live.staticflickr.com/7451/11034369694_77f507818b_b.jpg,https://www.flickr.com/photos/97968921@N00/11034369694,33.921155,8.133045,,,,,,,,,,,,,,,
https://live.staticflickr.com/2867/10142380366_fd729c1874_b.jpg,https://www.flickr.com/photos/61548119@N05/10142380366,32.052205,34.749841,,,,,,,,,,,,,,,
https://live.staticflickr.com/2815/9723410776_c9df13a05d_b.jpg,https://www.flickr.com/photos/52343339@N06/9723410776,-29.72734,31.06395,,,,,,,,,,,,,,,
https://live.staticflickr.com/7356/9551956925_0d2db49b7e_b.jpg,https://www.flickr.com/photos/41622708@N00/9551956925,-19.847125,34.840852,,,,,,,,,,,,,,,
https://live.staticflickr.com/7450/9554748284_2608ff6aa1_b.jpg,https://www.flickr.com/photos/41622708@N00/9554748284,-19.847487,34.840922,,,,,,,,,,,,,,,
https://live.staticflickr.com/7447/9507021793_bd61593111_b.jpg,https://www.flickr.com/photos/41622708@N00/9507021793,-19.846595,34.841508,,,,,,,,,,,,,,,
https://live.staticflickr.com/3701/9507021613_280aedb66b_b.jpg,https://www.flickr.com/photos/41622708@N00/9507021613,-19.84705,34.840855,,,,,,,,,,,,,,,
https://live.staticflickr.com/5464/9704311652_86b89ec68d_b.jpg,https://www.flickr.com/photos/78174175@N00/9704311652,24.691378,46.684545,,,,,,,,,,,,,,,
https://live.staticflickr.com/7302/9688875496_134098e14e_b.jpg,https://www.flickr.com/photos/68442953@N05/9688875496,6.42363,3.42606,,,,,,,,,,,,,,,
https://live.staticflickr.com/7335/9688873936_f465a3b5da_b.jpg,https://www.flickr.com/photos/68442953@N05/9688873936,6.42363,3.42606,,,,,,,,,,,,,,,
https://live.staticflickr.com/2814/9671120111_4031ecf892_b.jpg,https://www.flickr.com/photos/78174175@N00/9671120111,24.691767,46.683247,,,,,,,,,,,,,,,
https://live.staticflickr.com/2829/9644999915_6a61f7bc21_b.jpg,https://www.flickr.com/photos/78174175@N00/9644999915,24.691192,46.684534,,,,,,,,,,,,,,,
https://live.staticflickr.com/5543/9463623727_ff971f0aee_b.jpg,https://www.flickr.com/photos/78174175@N00/9463623727,24.691231,46.684223,,,,,,,,,,,,,,,
https://live.staticflickr.com/5505/9461132384_d344078106_b.jpg,https://www.flickr.com/photos/78174175@N00/9461132384,24.691534,46.684416,,,,,,,,,,,,,,,
https://live.staticflickr.com/3671/9422961407_5342f9b7d2_b.jpg,https://www.flickr.com/photos/59984889@N00/9422961407,32.073736,34.775205,,,,,,,,,,,,,,,
https://live.staticflickr.com/5544/9410363256_f398bda0b2_b.jpg,https://www.flickr.com/photos/78174175@N00/9410363256,24.691183,46.686079,,,,,,,,,,,,,,,
https://live.staticflickr.com/7334/9188795900_a95cc7a449_b.jpg,https://www.flickr.com/photos/21013862@N08/9188795900,32.650224,-16.908988,,,,,,,,,,,,,,,
https://live.staticflickr.com/7417/8975887057_431a6551a3_b.jpg,https://www.flickr.com/photos/78174175@N00/8975887057,24.689652,46.683815,,,,,,,,,,,,,,,
https://live.staticflickr.com/2879/8816683809_089d6f7faa_b.jpg,https://www.flickr.com/photos/78174175@N00/8816683809,24.687888,46.711302,,,,,,,,,,,,,,,
https://live.staticflickr.com/7288/8735430567_1389cc6b17_b.jpg,https://www.flickr.com/photos/40901362@N07/8735430567,28.460278,-16.250452,,,,,,,,,,,,,,,
https://live.staticflickr.com/8375/8587142393_76a1a52ab6_b.jpg,https://www.flickr.com/photos/59238173@N07/8587142393,30.028974,31.249601,,,,,,,,,,,,,,,
https://live.staticflickr.com/8210/8220511365_91ed1df3fa_b.jpg,https://www.flickr.com/photos/78174175@N00/8220511365,24.707568,46.675683,,,,,,,,,,,,,,,
https://live.staticflickr.com/8471/8135400043_aa604889ce_b.jpg,https://www.flickr.com/photos/78174175@N00/8135400043,30.050178,31.22794,,,,,,,,,,,,,,,
https://live.staticflickr.com/8436/8011403113_0c7156dbf4_b.jpg,https://www.flickr.com/photos/7800715@N08/8011403113,30.047587,31.238615,,,,,,,,,,,,,,,
https://live.staticflickr.com/8288/7643291212_19ee7442d3_b.jpg,https://www.flickr.com/photos/38255616@N06/7643291212,32.074101,34.791555,,,,,,,,,,,,,,,
https://live.staticflickr.com/7023/6552160391_f88ba7b15a_b.jpg,https://www.flickr.com/photos/43559902@N07/6552160391,32.7845,0,,,,,,,,,,,,,,,
https://live.staticflickr.com/7022/6533831935_3430d55c41_b.jpg,https://www.flickr.com/photos/28402310@N06/6533831935,29.527033,35.002341,,,,,,,,,,,,,,,
https://live.staticflickr.com/7032/6510040027_50b1f79031_b.jpg,https://www.flickr.com/photos/12822986@N02/6510040027,29.326333,48.066167,,,,,,,,,,,,,,,
https://live.staticflickr.com/5223/5662259046_8721cfc232_b.jpg,https://www.flickr.com/photos/60298827@N00/5662259046,31.953955,35.942029,,,,,,,,,,,,,,,
https://live.staticflickr.com/5019/5483092585_5fca3e183f_b.jpg,https://www.flickr.com/photos/88107918@N00/5483092585,28.454694,-16.253736,,,,,,,,,,,,,,,
https://live.staticflickr.com/4128/5122008331_d0fcc74ba7_b.jpg,https://www.flickr.com/photos/94588149@N00/5122008331,30.028658,31.249837,,,,,,,,,,,,,,,
https://live.staticflickr.com/3352/3407585724_114e586902_b.jpg,https://www.flickr.com/photos/36702493@N03/3407585724,29.376079,47.993023,,,,,,,,,,,,,,,
https://live.staticflickr.com/3181/2722391488_06ecf6d952_b.jpg,https://www.flickr.com/photos/12624630@N02/2722391488,15.35401,44.213608,,,,,,,,,,,,,,,
https://live.staticflickr.com/3271/2622265850_a5ae5325d3_b.jpg,https://www.flickr.com/photos/96884693@N00/2622265850,30.045238,31.240911,,,,,,,,,,,,,,,
https://live.staticflickr.com/3278/2622242440_d6f31c5f01_b.jpg,https://www.flickr.com/photos/96884693@N00/2622242440,30.045479,31.239581,,,,,,,,,,,,,,,
https://live.staticflickr.com/1012/1187467815_d1ac5cf47b_b.jpg,https://www.flickr.com/photos/11200205@N02/1187467815,34.034239,-5.001933,,,,,,,,,,,,,,,
https://live.staticflickr.com/1148/1186043251_f55fa26dab_b.jpg,https://www.flickr.com/photos/11200205@N02/1186043251,30.035439,31.262669,,,,,,,,,,,,,,,
https://live.staticflickr.com/65535/165547058_975173de8c_b.jpg,https://www.flickr.com/photos/90134546@N00/165547058,15.928812,48.626861,,,,,,,,,,,,,,,
https://live.staticflickr.com/1628/25350968076_5e30581898_b.jpg,https://www.flickr.com/photos/47308553@N03/25350968076,-33.915799,18.427548,,,,,,,,,,,,,,,
https://live.staticflickr.com/3760/8805581561_6853709368_b.jpg,https://www.flickr.com/photos/7800715@N08/8805581561,30.044894,31.263045,,,,,,,,,,,,,,,
https://live.staticflickr.com/2345/1984447177_67f89df493_b.jpg,https://www.flickr.com/photos/82822788@N00/1984447177,30.32335,35.444104,,,,,,,,,,,,,,,
https://live.staticflickr.com/243/518221142_2118511d60_b.jpg,https://www.flickr.com/photos/62126383@N00/518221142,31.776527,35.205455,,,,,,,,,,,,,,,
https://live.staticflickr.com/65535/53957095716_5661d1370f_b.jpg,https://www.flickr.com/photos/46464941@N07/53957095716,31.06583,-7.142831,,,,,,,,,,,,,,,
https://live.staticflickr.com/65535/53346927475_8a841bb02c_b.jpg,https://www.flickr.com/photos/33083542@N00/53346927475,14.668058,-17.399462,,,,,,,,,,,,,,,
https://live.staticflickr.com/65535/52681297426_c201dbf242_b.jpg,https://www.flickr.com/photos/96541566@N06/52681297426,30.339341,35.42578,,,,,,,,,,,,,,,
https://live.staticflickr.com/65535/52673226401_2653f8865b_b.jpg,https://www.flickr.com/photos/96541566@N06/52673226401,30.329052,35.449086,,,,,,,,,,,,,,,
https://live.staticflickr.com/65535/52666061972_a5c6c59d56_b.jpg,https://www.flickr.com/photos/96541566@N06/52666061972,30.325266,35.448069,,,,,,,,,,,,,,,
https://live.staticflickr.com/65535/52663079806_700a4db6b5_b.jpg,https://www.flickr.com/photos/96541566@N06/52663079806,30.323002,35.450555,,,,,,,,,,,,,,,
https://live.staticflickr.com/65535/52639142555_827de05147_b.jpg,https://www.flickr.com/photos/96541566@N06/52639142555,31.180836,35.701983,,,,,,,,,,,,,,,
https://live.staticflickr.com/65535/52637644702_3d4efd50b6_b.jpg,https://www.flickr.com/photos/96541566@N06/52637644702,31.1815,35.70153,,,,,,,,,,,,,,,
https://live.staticflickr.com/65535/52637850948_f7c87407ca_b.jpg,https://www.flickr.com/photos/96541566@N06/52637850948,31.182044,35.701902,,,,,,,,,,,,,,,
https://live.staticflickr.com/65535/52631562401_6351ae5cbd_b.jpg,https://www.flickr.com/photos/96541566@N06/52631562401,32.276455,35.889672,,,,,,,,,,,,,,,
https://live.staticflickr.com/65535/52619821531_3a52a82be9_b.jpg,https://www.flickr.com/photos/96541566@N06/52619821531,32.325272,35.727541,,,,,,,,,,,,,,,
https://live.staticflickr.com/65535/52551583676_b829e9e44e_b.jpg,https://www.flickr.com/photos/96541566@N06/52551583676,31.954266,35.934169,,,,,,,,,,,,,,,
https://live.staticflickr.com/65535/49844504058_ef3e1113a1_b.jpg,https://www.flickr.com/photos/96541566@N06/49844504058,29.057283,-13.548312,,,,,,,,,,,,,,,
https://live.staticflickr.com/65535/49764514768_a2055f6321_b.jpg,https://www.flickr.com/photos/96541566@N06/49764514768,29.0805,-13.476537,,,,,,,,,,,,,,,
https://live.staticflickr.com/65535/49765141782_0d6d86ef88_b.jpg,https://www.flickr.com/photos/96541566@N06/49765141782,29.080458,-13.476048,,,,,,,,,,,,,,,
https://live.staticflickr.com/65535/49760497712_2f1f8c98b9_b.jpg,https://www.flickr.com/photos/96541566@N06/49760497712,29.045697,-13.554809,,,,,,,,,,,,,,,
https://live.staticflickr.com/65535/49758121373_a8000e6b4e_b.jpg,https://www.flickr.com/photos/96541566@N06/49758121373,29.002638,-13.547137,,,,,,,,,,,,,,,
https://live.staticflickr.com/65535/49758599436_7b54ff62ab_b.jpg,https://www.flickr.com/photos/96541566@N06/49758599436,29.002916,-13.547059,,,,,,,,,,,,,,,
https://live.staticflickr.com/65535/49659049777_6519629a91_b.jpg,https://www.flickr.com/photos/41622708@N00/49659049777,8.907169,38.817002,,,,,,,,,,,,,,,
https://live.staticflickr.com/65535/49407790473_6c7e2aa0ec_b.jpg,https://www.flickr.com/photos/41622708@N00/49407790473,21.48555,39.18918,,,,,,,,,,,,,,,
https://live.staticflickr.com/4364/37186510455_170409bb18_b.jpg,https://www.flickr.com/photos/47652574@N06/37186510455,28.350411,-14.107947,,,,,,,,,,,,,,,
https://live.staticflickr.com/4435/36062532543_7b801d8ef2_b.jpg,https://www.flickr.com/photos/47652574@N06/36062532543,28.497481,-13.859574,,,,,,,,,,,,,,,
https://live.staticflickr.com/4303/36255126155_95c7ca1b2f_b.jpg,https://www.flickr.com/photos/59338133@N05/36255126155,-29.833438,30.877719,,,,,,,,,,,,,,,
https://live.staticflickr.com/4296/35860896740_879006f028_b.jpg,https://www.flickr.com/photos/59338133@N05/35860896740,-29.833438,30.877719,,,,,,,,,,,,,,,
https://live.staticflickr.com/4328/36255113875_a45faea91d_b.jpg,https://www.flickr.com/photos/59338133@N05/36255113875,-29.833438,30.877719,,,,,,,,,,,,,,,
https://live.staticflickr.com/4326/35421498224_72f2a5bec8_b.jpg,https://www.flickr.com/photos/59338133@N05/35421498224,-29.833438,30.877719,,,,,,,,,,,,,,,
https://live.staticflickr.com/4327/36120592001_11f0eb6843_b.jpg,https://www.flickr.com/photos/59338133@N05/36120592001,-29.828223,30.937402,,,,,,,,,,,,,,,
https://live.staticflickr.com/4305/35221102644_600209d0c6_b.jpg,https://www.flickr.com/photos/108592555@N04/35221102644,29.060343,-13.560647,,,,,,,,,,,,,,,
https://live.staticflickr.com/4324/35063449213_1a7e3f2426_b.jpg,https://www.flickr.com/photos/127560980@N02/35063449213,32.051716,34.77559,,,,,,,,,,,,,,,
https://live.staticflickr.com/65535/35638409391_1404813a19_b.jpg,https://www.flickr.com/photos/88572252@N06/35638409391,32.084701,34.772436,,,,,,,,,,,,,,,
https://live.staticflickr.com/4179/35257411480_79700cc0f7_b.jpg,https://www.flickr.com/photos/144568551@N05/35257411480,32.078665,34.776084,,,,,,,,,,,,,,,
https://live.staticflickr.com/4285/35222154202_b87b0c2acc_b.jpg,https://www.flickr.com/photos/22793268@N04/35222154202,31.272883,32.314041,,,,,,,,,,,,,,,
https://live.staticflickr.com/4261/34554569223_22b03cb13a_b.jpg,https://www.flickr.com/photos/144568551@N05/34554569223,32.076065,34.771792,,,,,,,,,,,,,,,
https://live.staticflickr.com/4200/34877205566_665cdb6171_b.jpg,https://www.flickr.com/photos/148826342@N06/34877205566,31.956536,35.909242,,,,,,,,,,,,,,,
https://live.staticflickr.com/4248/34703151666_53ede1558a_b.jpg,https://www.flickr.com/photos/149467953@N07/34703151666,31.625175,-7.989785,,,,,,,,,,,,,,,
https://live.staticflickr.com/4156/34572562142_4d0f4752b3_b.jpg,https://www.flickr.com/photos/41622708@N00/34572562142,33.272897,35.196105,,,,,,,,,,,,,,,
https://live.staticflickr.com/4178/34350043400_fb6a27a606_b.jpg,https://www.flickr.com/photos/41622708@N00/34350043400,34.434255,35.844586,,,,,,,,,,,,,,,
https://live.staticflickr.com/4193/34571924212_c37df32683_b.jpg,https://www.flickr.com/photos/41622708@N00/34571924212,34.438161,35.825769,,,,,,,,,,,,,,,
https://live.staticflickr.com/4161/33921648953_ebc3b2f0a6_b.jpg,https://www.flickr.com/photos/41622708@N00/33921648953,34.438644,35.825555,,,,,,,,,,,,,,,
https://live.staticflickr.com/4172/34464095372_7c58f10da1_b.jpg,https://www.flickr.com/photos/132948660@N07/34464095372,29.551531,34.957444,,,,,,,,,,,,,,,
https://live.staticflickr.com/2822/33538766844_bbf99bc166_b.jpg,https://www.flickr.com/photos/22793268@N04/33538766844,31.261127,32.30696,,,,,,,,,,,,,,,
https://live.staticflickr.com/2809/34250182935_ece0325cdc_b.jpg,https://www.flickr.com/photos/145427818@N02/34250182935,28.210079,-14.023193,,,,,,,,,,,,,,,
https://live.staticflickr.com/2811/33785289430_acf11faa7a_b.jpg,https://www.flickr.com/photos/114138418@N08/33785289430,-26.211953,28.038353,,,,,,,,,,,,,,,
https://live.staticflickr.com/2931/34151358665_75cdddbd7c_b.jpg,https://www.flickr.com/photos/114138418@N08/34151358665,-26.210548,28.030822,,,,,,,,,,,,,,,
https://live.staticflickr.com/2903/33319548163_b95c126e63_b.jpg,https://www.flickr.com/photos/114138418@N08/33319548163,-26.200806,28.036444,,,,,,,,,,,,,,,
https://live.staticflickr.com/2858/33962535592_5530a31f87_b.jpg,https://www.flickr.com/photos/114138418@N08/33962535592,-26.203579,28.03595,,,,,,,,,,,,,,,
https://live.staticflickr.com/2911/34023500286_abb39cc67c_b.jpg,https://www.flickr.com/photos/114138418@N08/34023500286,-26.212742,28.050777,,,,,,,,,,,,,,,
https://live.staticflickr.com/2828/33931152276_f3cc373717_b.jpg,https://www.flickr.com/photos/114138418@N08/33931152276,34.121255,35.643246,,,,,,,,,,,,,,,
https://live.staticflickr.com/65535/33834825681_78874ae7c0_b.jpg,https://www.flickr.com/photos/78375102@N06/33834825681,31.046558,-7.129325,,,,,,,,,,,,,,,
https://live.staticflickr.com/3955/33529944462_7d296a6c4f_b.jpg,https://www.flickr.com/photos/130694766@N07/33529944462,28.418226,-16.554197,,,,,,,,,,,,,,,
https://live.staticflickr.com/2855/33427227271_bcd1d986fa_b.jpg,https://www.flickr.com/photos/101093080@N06/33427227271,34.063858,-4.981012,,,,,,,,,,,,,,,
https://live.staticflickr.com/3681/33373523825_e9b9443cc6_b.jpg,https://www.flickr.com/photos/78174175@N00/33373523825,30.055052,31.244241,,,,,,,,,,,,,,,
https://live.staticflickr.com/699/33172350662_0bd62e14f9_b.jpg,https://www.flickr.com/photos/101093080@N06/33172350662,34.063858,-4.981012,,,,,,,,,,,,,,,
https://live.staticflickr.com/2925/33266319325_8df92b8a27_b.jpg,https://www.flickr.com/photos/101093080@N06/33266319325,34.063858,-4.981012,,,,,,,,,,,,,,,
https://live.staticflickr.com/3897/32268763894_0e5205d18c_b.jpg,https://www.flickr.com/photos/101093080@N06/32268763894,33.590161,-7.614265,,,,,,,,,,,,,,,
https://live.staticflickr.com/2932/32161897453_5e82c215a9_b.jpg,https://www.flickr.com/photos/101093080@N06/32161897453,33.590161,-7.614265,,,,,,,,,,,,,,,
https://live.staticflickr.com/2752/32457485620_0272feb5c9_b.jpg,https://www.flickr.com/photos/120044808@N08/32457485620,31.788849,35.202319,,,,,,,,,,,,,,,
https://live.staticflickr.com/277/32745671636_c38ae90bd7_b.jpg,https://www.flickr.com/photos/120044808@N08/32745671636,31.819048,35.243368,,,,,,,,,,,,,,,
https://live.staticflickr.com/353/31900473394_601bf88f6b_b.jpg,https://www.flickr.com/photos/22793268@N04/31900473394,31.27369,32.278776,,,,,,,,,,,,,,,
https://live.staticflickr.com/720/32228173110_a9b4f85569_b.jpg,https://www.flickr.com/photos/22793268@N04/32228173110,31.270398,32.315801,,,,,,,,,,,,,,,
https://live.staticflickr.com/275/31968204830_33905c292a_b.jpg,https://www.flickr.com/photos/114138418@N08/31968204830,33.900911,35.498027,,,,,,,,,,,,,,,
https://live.staticflickr.com/285/31948478630_75a8c0a36a_b.jpg,https://www.flickr.com/photos/9939547@N08/31948478630,14.678039,-17.429861,,,,,,,,,,,,,,,
https://live.staticflickr.com/257/32101921962_57eb265d53_b.jpg,https://www.flickr.com/photos/121807987@N08/32101921962,34.066113,-4.970981,,,,,,,,,,,,,,,
https://live.staticflickr.com/529/31820145170_7abefe8790_b.jpg,https://www.flickr.com/photos/12554367@N04/31820145170,-18.870602,47.518436,,,,,,,,,,,,,,,
https://live.staticflickr.com/5339/30516600554_406f1a99f5_b.jpg,https://www.flickr.com/photos/37720623@N06/30516600554,-33.921769,18.425638,,,,,,,,,,,,,,,
https://live.staticflickr.com/5649/30970189880_1578e80e44_b.jpg,https://www.flickr.com/photos/37720623@N06/30970189880,-33.918421,18.421411,,,,,,,,,,,,,,,
https://live.staticflickr.com/5468/30361677453_b3d8a220fc_b.jpg,https://www.flickr.com/photos/59338133@N05/30361677453,-29.802667,30.908066,,,,,,,,,,,,,,,
https://live.staticflickr.com/5780/30336815334_bd94c09d59_b.jpg,https://www.flickr.com/photos/41622708@N00/30336815334,33.48145,48.358225,,,,,,,,,,,,,,,
https://live.staticflickr.com/5748/30671838980_dfd01a5f7a_b.jpg,https://www.flickr.com/photos/114138418@N08/30671838980,-26.19324,28.037506,,,,,,,,,,,,,,,
https://live.staticflickr.com/5619/30871830846_d771bd233b_b.jpg,https://www.flickr.com/photos/64486162@N08/30871830846,21.422769,39.825954,,,,,,,,,,,,,,,
https://live.staticflickr.com/5742/30784986871_8cdaae3591_b.jpg,https://www.flickr.com/photos/59338133@N05/30784986871,-29.8113,30.910047,,,,,,,,,,,,,,,
https://live.staticflickr.com/65535/30425945590_76a050f874_b.jpg,https://www.flickr.com/photos/114138418@N08/30425945590,-26.194491,28.036036,,,,,,,,,,,,,,,
https://live.staticflickr.com/8550/29298424450_ece8f4954e_b.jpg,https://www.flickr.com/photos/35232195@N06/29298424450,34.063156,-4.983498,,,,,,,,,,,,,,,
https://live.staticflickr.com/8389/29463382461_b24f325f8d_b.jpg,https://www.flickr.com/photos/97896293@N00/29463382461,31.625631,-7.988744,,,,,,,,,,,,,,,
https://live.staticflickr.com/8032/28875419353_d5f240622f_b.jpg,https://www.flickr.com/photos/97896293@N00/28875419353,31.633798,-8.013764,,,,,,,,,,,,,,,
https://live.staticflickr.com/8516/29345784566_6a09d3803b_b.jpg,https://www.flickr.com/photos/97896293@N00/29345784566,31.629121,-7.987135,,,,,,,,,,,,,,,
https://live.staticflickr.com/8565/29068718040_d025e6a4e9_b.jpg,https://www.flickr.com/photos/97896293@N00/29068718040,31.621694,-7.982103,,,,,,,,,,,,,,,
https://live.staticflickr.com/8006/28732792944_06100e9f16_b.jpg,https://www.flickr.com/photos/97896293@N00/28732792944,31.629121,-7.987135,,,,,,,,,,,,,,,
https://live.staticflickr.com/8469/29322536686_106459940d_b.jpg,https://www.flickr.com/photos/97896293@N00/29322536686,31.629121,-7.987135,,,,,,,,,,,,,,,
https://live.staticflickr.com/8380/28732778984_face467cc1_b.jpg,https://www.flickr.com/photos/97896293@N00/28732778984,31.629121,-7.987135,,,,,,,,,,,,,,,
https://live.staticflickr.com/8652/29277392391_6d50ef7efb_b.jpg,https://www.flickr.com/photos/97896293@N00/29277392391,31.627102,-7.993261,,,,,,,,,,,,,,,
https://live.staticflickr.com/8247/28732748484_691b8ba573_b.jpg,https://www.flickr.com/photos/97896293@N00/28732748484,31.629121,-7.987135,,,,,,,,,,,,,,,
https://live.staticflickr.com/8569/28382007145_d987c9a47c_b.jpg,https://www.flickr.com/photos/54218923@N00/28382007145,15.335316,38.940525,,,,,,,,,,,,,,,
https://live.staticflickr.com/8886/28236196772_88ff7ba206_b.jpg,https://www.flickr.com/photos/54218923@N00/28236196772,15.336903,38.934205,,,,,,,,,,,,,,,
https://live.staticflickr.com/7770/28261252421_085ca816c5_b.jpg,https://www.flickr.com/photos/54218923@N00/28261252421,15.336903,38.934205,,,,,,,,,,,,,,,
https://live.staticflickr.com/7479/27878268060_cc3ca35878_b.jpg,https://www.flickr.com/photos/74189093@N00/27878268060,0.066853,42.744257,,,,,,,,,,,,,,,
https://live.staticflickr.com/7432/28041572676_556ab96cb2_b.jpg,https://www.flickr.com/photos/58766739@N08/28041572676,-26.280734,27.890875,,,,,,,,,,,,,,,
https://live.staticflickr.com/2835/9536252932_ed9e57ea89_b.jpg,https://www.flickr.com/photos/84282800@N07/9536252932,32.076065,34.793787,,,,,,,,,,,,,,,
https://live.staticflickr.com/5445/9399895671_1af42ba30b_b.jpg,https://www.flickr.com/photos/78174175@N00/9399895671,24.705765,46.679728,,,,,,,,,,,,,,,
https://live.staticflickr.com/7456/9365562029_a92887b2e5_b.jpg,https://www.flickr.com/photos/48888412@N02/9365562029,34.027463,-6.835041,,,,,,,,,,,,,,,
https://live.staticflickr.com/3684/9336208050_5ed2b3bf08_b.jpg,https://www.flickr.com/photos/47744517@N03/9336208050,34.044801,-4.996976,,,,,,,,,,,,,,,
https://live.staticflickr.com/7413/9266489496_18783e039b_b.jpg,https://www.flickr.com/photos/35895492@N05/9266489496,28.457123,-16.250749,,,,,,,,,,,,,,,
https://live.staticflickr.com/65535/9188741306_4d2d279f6f_b.jpg,https://www.flickr.com/photos/21013862@N08/9188741306,32.646566,-16.909332,,,,,,,,,,,,,,,
https://live.staticflickr.com/8259/8641247194_c7053c2f30_b.jpg,https://www.flickr.com/photos/79787647@N07/8641247194,32.104352,34.803893,,,,,,,,,,,,,,,
https://live.staticflickr.com/8520/8552391568_fcbaf9c439_b.jpg,https://www.flickr.com/photos/78174175@N00/8552391568,24.68933,46.684126,,,,,,,,,,,,,,,
https://live.staticflickr.com/8354/8439929649_fef88d1414_b.jpg,https://www.flickr.com/photos/95913167@N00/8439929649,32.647324,-16.91431,,,,,,,,,,,,,,,
https://live.staticflickr.com/8235/8426917352_77c93c68b1_b.jpg,https://www.flickr.com/photos/37514330@N00/8426917352,30.062519,31.246351,,,,,,,,,,,,,,,
https://live.staticflickr.com/8513/8382155691_e4e70514de_b.jpg,https://www.flickr.com/photos/41622708@N00/8382155691,9.309666,42.137666,,,,,,,,,,,,,,,
https://live.staticflickr.com/8470/8370594814_1748840917_b.jpg,https://www.flickr.com/photos/41622708@N00/8370594814,9.309666,42.137666,,,,,,,,,,,,,,,
https://live.staticflickr.com/8352/8342429905_e45f6cb2fc_b.jpg,https://www.flickr.com/photos/78174175@N00/8342429905,24.694511,46.698905,,,,,,,,,,,,,,,
https://live.staticflickr.com/8325/8094960715_76525e8c1e_b.jpg,https://www.flickr.com/photos/39866320@N04/8094960715,33.896709,35.504495,,,,,,,,,,,,,,,
https://live.staticflickr.com/7127/6978557818_a00492ffdc_b.jpg,https://www.flickr.com/photos/94173538@N00/6978557818,-25.966099,32.596886,,,,,,,,,,,,,,,
https://live.staticflickr.com/7052/6816692382_e38314662a_b.jpg,https://www.flickr.com/photos/64964309@N00/6816692382,28.417465,-16.552727,,,,,,,,,,,,,,,
https://live.staticflickr.com/7067/6779138738_f0d98cc42e_b.jpg,https://www.flickr.com/photos/73146629@N02/6779138738,-32.169754,25.617059,,,,,,,,,,,,,,,
https://live.staticflickr.com/7027/6786261863_bce6170b60_b.jpg,https://www.flickr.com/photos/37287420@N08/6786261863,-26.2427,27.913552,,,,,,,,,,,,,,,
https://live.staticflickr.com/7001/6786255979_ce4a07c72b_b.jpg,https://www.flickr.com/photos/37287420@N08/6786255979,-26.259025,27.932227,,,,,,,,,,,,,,,
https://live.staticflickr.com/7025/6786241399_211b22672a_b.jpg,https://www.flickr.com/photos/37287420@N08/6786241399,-26.188828,28.050575,,,,,,,,,,,,,,,
https://live.staticflickr.com/7033/6713887281_7fcbacbcee_b.jpg,https://www.flickr.com/photos/78174175@N00/6713887281,24.769921,46.668194,,,,,,,,,,,,,,,
https://live.staticflickr.com/7172/6662122619_6a45e1fabd_b.jpg,https://www.flickr.com/photos/95957367@N00/6662122619,-1.270619,29.938774,,,,,,,,,,,,,,,
https://live.staticflickr.com/6056/6335585798_dcf966a12b_b.jpg,https://www.flickr.com/photos/79653482@N00/6335585798,27.817894,-15.765683,,,,,,,,,,,,,,,
https://live.staticflickr.com/6206/6072897491_1c14d4b70d_b.jpg,https://www.flickr.com/photos/21684501@N00/6072897491,34.019318,-6.836414,,,,,,,,,,,,,,,
https://live.staticflickr.com/5227/5591916208_2714f481c1_b.jpg,https://www.flickr.com/photos/56417010@N04/5591916208,31.624882,-8.002681,,,,,,,,,,,,,,,
https://live.staticflickr.com/5295/5544443549_befce22a29_b.jpg,https://www.flickr.com/photos/8140177@N08/5544443549,-34.204171,18.457546,,,,,,,,,,,,,,,
https://live.staticflickr.com/5054/5482125154_78b25c8390_b.jpg,https://www.flickr.com/photos/33398364@N08/5482125154,14.748517,-17.325138,,,,,,,,,,,,,,,
https://live.staticflickr.com/5051/5464719298_55597b3aed_b.jpg,https://www.flickr.com/photos/41305869@N02/5464719298,30.327166,-9.527501,,,,,,,,,,,,,,,
https://live.staticflickr.com/5285/5345690217_94480eca23_b.jpg,https://www.flickr.com/photos/55674956@N05/5345690217,30.0289,31.26151,,,,,,,,,,,,,,,
https://live.staticflickr.com/1415/5148298223_1bbf458e93_b.jpg,https://www.flickr.com/photos/22881296@N08/5148298223,4.9015794,-1.7830973,,,,,,,,,,,,,,,
https://live.staticflickr.com/4047/5148519258_57ffc5ab71_b.jpg,https://www.flickr.com/photos/94588149@N00/5148519258,30.044518,31.234667,,,,,,,,,,,,,,,
https://live.staticflickr.com/1059/5139503918_e06e7687e8_b.jpg,https://www.flickr.com/photos/53872140@N04/5139503918,28.100509,-15.415556,,,,,,,,,,,,,,,
https://live.staticflickr.com/4106/5053392883_727592d825_b.jpg,https://www.flickr.com/photos/94588149@N00/5053392883,30.121994,31.403861,,,,,,,,,,,,,,,
https://live.staticflickr.com/4032/4586921610_5ba7cdae46_b.jpg,https://www.flickr.com/photos/42807077@N07/4586921610,30.03816,31.262315,,,,,,,,,,,,,,,
https://live.staticflickr.com/2682/4394210475_ee3e61e0b2_b.jpg,https://www.flickr.com/photos/37720623@N06/4394210475,-34.071004,18.608865,,,,,,,,,,,,,,,
https://live.staticflickr.com/2701/4311569810_a63fb6c985_b.jpg,https://www.flickr.com/photos/40261752@N02/4311569810,30.032309,31.25635,,,,,,,,,,,,,,,
https://live.staticflickr.com/2800/4193820744_3890ce7415_b.jpg,https://www.flickr.com/photos/9906699@N07/4193820744,29.321315,48.025553,,,,,,,,,,,,,,,
https://live.staticflickr.com/2471/4025847538_58131932fe_b.jpg,https://www.flickr.com/photos/16555488@N00/4025847538,-34.140216,18.431034,,,,,,,,,,,,,,,
https://live.staticflickr.com/2713/4017995058_0497114ee3_b.jpg,https://www.flickr.com/photos/22168167@N00/4017995058,5.333732,-4.018689,,,,,,,,,,,,,,,
https://live.staticflickr.com/2630/3852431300_f26e9aa11e_b.jpg,https://www.flickr.com/photos/17267211@N05/3852431300,1,1,,,,,,,,,,,,,,,
https://live.staticflickr.com/3368/3588341009_348e80ab45_b.jpg,https://www.flickr.com/photos/16555488@N00/3588341009,-33.723224,18.443598,,,,,,,,,,,,,,,
https://live.staticflickr.com/3396/3589142046_da5da707db_b.jpg,https://www.flickr.com/photos/16555488@N00/3589142046,-33.723224,18.443598,,,,,,,,,,,,,,,
https://live.staticflickr.com/3315/3483754241_c07e5d7a62_b.jpg,https://www.flickr.com/photos/37720623@N06/3483754241,-29.857914,31.015863,,,,,,,,,,,,,,,
https://live.staticflickr.com/3363/3483749723_e8a346b752_b.jpg,https://www.flickr.com/photos/37720623@N06/3483749723,-34.227416,18.841381,,,,,,,,,,,,,,,
https://live.staticflickr.com/3047/3044492515_14aabab4a5_b.jpg,https://www.flickr.com/photos/32374483@N00/3044492515,29.972102,31.121542,,,,,,,,,,,,,,,
https://live.staticflickr.com/65535/3045326042_eca89f9651_b.jpg,https://www.flickr.com/photos/32374483@N00/3045326042,29.972102,31.121542,,,,,,,,,,,,,,,
https://live.staticflickr.com/3227/3031781934_b3b28fb10d_b.jpg,https://www.flickr.com/photos/24821129@N04/3031781934,28.462848,-16.299988,,,,,,,,,,,,,,,
https://live.staticflickr.com/65535/52827934018_79263c2abe_b.jpg,https://www.flickr.com/photos/12741965@N00/52827934018,32.704652,35.297846,,,,,,,,,,,,,,,
https://live.staticflickr.com/65535/52817696389_dd670d86f0_b.jpg,https://www.flickr.com/photos/96541566@N06/52817696389,32.054371,34.753103,,,,,,,,,,,,,,,
https://live.staticflickr.com/65535/52812823551_154b0869a4_b.jpg,https://www.flickr.com/photos/96541566@N06/52812823551,31.701936,35.195013,,,,,,,,,,,,,,,
https://live.staticflickr.com/65535/52812177037_c53904ea2f_b.jpg,https://www.flickr.com/photos/96541566@N06/52812177037,31.701936,35.195013,,,,,,,,,,,,,,,
https://live.staticflickr.com/65535/52813056125_bae5c6d1e1_b.jpg,https://www.flickr.com/photos/96541566@N06/52813056125,31.701936,35.195013,,,,,,,,,,,,,,,
https://live.staticflickr.com/65535/52812084842_25cd738bb0_b.jpg,https://www.flickr.com/photos/96541566@N06/52812084842,31.701936,35.195013,,,,,,,,,,,,,,,
https://live.staticflickr.com/65535/52813055470_a79b7eb7e9_b.jpg,https://www.flickr.com/photos/96541566@N06/52813055470,31.701936,35.195013,,,,,,,,,,,,,,,
https://live.staticflickr.com/65535/52810451156_e33d85d496_b.jpg,https://www.flickr.com/photos/96541566@N06/52810451156,32.919439,35.066438,,,,,,,,,,,,,,,
https://live.staticflickr.com/65535/52810902553_d2044232db_b.jpg,https://www.flickr.com/photos/96541566@N06/52810902553,32.919439,35.066438,,,,,,,,,,,,,,,
https://live.staticflickr.com/65535/52810705285_bf0f0fd4c9_b.jpg,https://www.flickr.com/photos/96541566@N06/52810705285,32.919439,35.066438,,,,,,,,,,,,,,,
https://live.staticflickr.com/65535/52810750738_368673447d_b.jpg,https://www.flickr.com/photos/96541566@N06/52810750738,32.919511,35.068627,,,,,,,,,,,,,,,
https://live.staticflickr.com/65535/52809316273_95e682d63f_b.jpg,https://www.flickr.com/photos/195126589@N07/52809316273,7.833218,34.499881,,,,,,,,,,,,,,,
https://live.staticflickr.com/65535/52806616556_fc7b946274_b.jpg,https://www.flickr.com/photos/54218923@N00/52806616556,-1.2886,36.822727,,,,,,,,,,,,,,,
https://live.staticflickr.com/65535/52791861525_0bca8f7f02_b.jpg,https://www.flickr.com/photos/39908901@N06/52791861525,-2.730675,37.374277,,,,,,,,,,,,,,,
https://live.staticflickr.com/65535/52791630495_875c33b2dd_b.jpg,https://www.flickr.com/photos/96541566@N06/52791630495,31.870277,35.444726,,,,,,,,,,,,,,,
https://live.staticflickr.com/65535/52791161511_e3a71398aa_b.jpg,https://www.flickr.com/photos/96541566@N06/52791161511,31.871043,35.444093,,,,,,,,,,,,,,,
https://live.staticflickr.com/65535/52791394989_4af6b7320e_b.jpg,https://www.flickr.com/photos/96541566@N06/52791394989,31.871043,35.444093,,,,,,,,,,,,,,,
https://live.staticflickr.com/65535/52784533885_b218c3174a_b.jpg,https://www.flickr.com/photos/96541566@N06/52784533885,31.87384,35.43345,,,,,,,,,,,,,,,
https://live.staticflickr.com/65535/52784137206_b7148d5698_b.jpg,https://www.flickr.com/photos/96541566@N06/52784137206,31.87384,35.43345,,,,,,,,,,,,,,,
https://live.staticflickr.com/65535/52784592113_f9e54aa9f8_b.jpg,https://www.flickr.com/photos/96541566@N06/52784592113,31.87384,35.43345,,,,,,,,,,,,,,,
https://live.staticflickr.com/65535/52783584742_d8fb59fcdd_b.jpg,https://www.flickr.com/photos/96541566@N06/52783584742,31.87384,35.43345,,,,,,,,,,,,,,,
https://live.staticflickr.com/65535/52782055027_0b2e4d011f_b.jpg,https://www.flickr.com/photos/68166820@N08/52782055027,30.028611,31.261972,,,,,,,,,,,,,,,
https://live.staticflickr.com/65535/52783060413_cb7d6f6f18_b.jpg,https://www.flickr.com/photos/68166820@N08/52783060413,30.028513,31.262194,,,,,,,,,,,,,,,
https://live.staticflickr.com/65535/52781692301_55fc93f67f_b.jpg,https://www.flickr.com/photos/39908901@N06/52781692301,-2.186889,34.72368,,,,,,,,,,,,,,,
https://live.staticflickr.com/65535/52778053665_40838b5997_b.jpg,https://www.flickr.com/photos/96541566@N06/52778053665,31.665755,35.24178,,,,,,,,,,,,,,,
https://live.staticflickr.com/65535/52775378981_d741e134c4_b.jpg,https://www.flickr.com/photos/96541566@N06/52775378981,31.665755,35.24178,,,,,,,,,,,,,,,
https://live.staticflickr.com/65535/52775860403_3477728671_b.jpg,https://www.flickr.com/photos/96541566@N06/52775860403,31.665755,35.24178,,,,,,,,,,,,,,,
https://live.staticflickr.com/65535/52775611039_f1c604cf5c_b.jpg,https://www.flickr.com/photos/96541566@N06/52775611039,31.665755,35.24178,,,,,,,,,,,,,,,
https://live.staticflickr.com/65535/52775767680_5cf9d24ae3_b.jpg,https://www.flickr.com/photos/96541566@N06/52775767680,31.665755,35.24178,,,,,,,,,,,,,,,
https://live.staticflickr.com/65535/52774622567_200e18548c_b.jpg,https://www.flickr.com/photos/96541566@N06/52774622567,31.665755,35.24178,,,,,,,,,,,,,,,
https://live.staticflickr.com/65535/52761826888_0a9f72c90b_b.jpg,https://www.flickr.com/photos/42534216@N03/52761826888,32.811804,-16.868648,,,,,,,,,,,,,,,
https://live.staticflickr.com/65535/52757602030_ae940fb440_b.jpg,https://www.flickr.com/photos/104883974@N05/52757602030,27.736652,30.70423,,,,,,,,,,,,,,,
https://live.staticflickr.com/65535/52757677118_d3d335ed7d_b.jpg,https://www.flickr.com/photos/104883974@N05/52757677118,27.736652,30.70423,,,,,,,,,,,,,,,
https://live.staticflickr.com/65535/52757676593_f94936f937_b.jpg,https://www.flickr.com/photos/104883974@N05/52757676593,27.736652,30.70423,,,,,,,,,,,,,,,
https://live.staticflickr.com/65535/52757193786_b824af6827_b.jpg,https://www.flickr.com/photos/104883974@N05/52757193786,27.736652,30.70423,,,,,,,,,,,,,,,
https://live.staticflickr.com/65535/52757599525_d98558c5ec_b.jpg,https://www.flickr.com/photos/104883974@N05/52757599525,27.736652,30.70423,,,,,,,,,,,,,,,
https://live.staticflickr.com/65535/52757674848_15ff4ec355_b.jpg,https://www.flickr.com/photos/104883974@N05/52757674848,27.736652,30.70423,,,,,,,,,,,,,,,
https://live.staticflickr.com/65535/52756654307_b6028c5fd2_b.jpg,https://www.flickr.com/photos/104883974@N05/52756654307,27.736652,30.70423,,,,,,,,,,,,,,,
https://live.staticflickr.com/65535/52749660190_359f5560b1_b.jpg,https://www.flickr.com/photos/104883974@N05/52749660190,29.869072,31.212665,,,,,,,,,,,,,,,
https://live.staticflickr.com/65535/52749743238_6a809247ea_b.jpg,https://www.flickr.com/photos/104883974@N05/52749743238,29.869072,31.212665,,,,,,,,,,,,,,,
https://live.staticflickr.com/65535/52749246681_37a1b07c87_b.jpg,https://www.flickr.com/photos/104883974@N05/52749246681,29.869072,31.212665,,,,,,,,,,,,,,,
https://live.staticflickr.com/65535/52745946092_e703f56d75_b.jpg,https://www.flickr.com/photos/96657002@N06/52745946092,-26.163968,28.041033,,,,,,,,,,,,,,,
https://live.staticflickr.com/65535/52742223009_39fe5878d0_b.jpg,https://www.flickr.com/photos/11762721@N04/52742223009,28.209066,-16.777477,,,,,,,,,,,,,,,
https://live.staticflickr.com/65535/52730865039_bfc3fc1d7f_b.jpg,https://www.flickr.com/photos/16899467@N03/52730865039,27.795283,-15.730889,,,,,,,,,,,,,,,
https://live.staticflickr.com/65535/52730560316_c70ef97013_b.jpg,https://www.flickr.com/photos/16899467@N03/52730560316,28.102716,-15.413937,,,,,,,,,,,,,,,
https://live.staticflickr.com/65535/52730952735_db09f8c4fc_b.jpg,https://www.flickr.com/photos/16899467@N03/52730952735,28.118386,-15.523812,,,,,,,,,,,,,,,
https://live.staticflickr.com/65535/52730542341_5f50f6f18e_b.jpg,https://www.flickr.com/photos/16899467@N03/52730542341,28.107547,-15.562426,,,,,,,,,,,,,,,
https://live.staticflickr.com/65535/52730934310_aeba7ffbf3_b.jpg,https://www.flickr.com/photos/16899467@N03/52730934310,27.762883,-15.560923,,,,,,,,,,,,,,,
https://live.staticflickr.com/65535/52731005978_711d72b009_b.jpg,https://www.flickr.com/photos/16899467@N03/52731005978,27.772672,-15.532792,,,,,,,,,,,,,,,
https://live.staticflickr.com/65535/52729957869_72d64ea949_b.jpg,https://www.flickr.com/photos/104883974@N05/52729957869,29.868283,31.214965,,,,,,,,,,,,,,,
https://live.staticflickr.com/65535/52729987625_edf9b433da_b.jpg,https://www.flickr.com/photos/104883974@N05/52729987625,29.870443,31.216349,,,,,,,,,,,,,,,
https://live.staticflickr.com/65535/52726079480_b07b530a5e_b.jpg,https://www.flickr.com/photos/197819494@N04/52726079480,31.538785,34.446558,,,,,,,,,,,,,,,
https://live.staticflickr.com/65535/52723099896_f5472da5a3_b.jpg,https://www.flickr.com/photos/104883974@N05/52723099896,29.235569,30.971175,,,,,,,,,,,,,,,
https://live.staticflickr.com/65535/52723099626_873b6bec2a_b.jpg,https://www.flickr.com/photos/104883974@N05/52723099626,29.235569,30.971175,,,,,,,,,,,,,,,
https://live.staticflickr.com/65535/52722569127_160e85ebf9_b.jpg,https://www.flickr.com/photos/104883974@N05/52722569127,29.235569,30.971175,,,,,,,,,,,,,,,
https://live.staticflickr.com/65535/52723354724_4182da2e06_b.jpg,https://www.flickr.com/photos/104883974@N05/52723354724,29.235569,30.971175,,,,,,,,,,,,,,,
https://live.staticflickr.com/65535/52723502725_358aeb26f9_b.jpg,https://www.flickr.com/photos/104883974@N05/52723502725,29.235569,30.971175,,,,,,,,,,,,,,,
https://live.staticflickr.com/65535/52702613135_aaaeea71d0_b.jpg,https://www.flickr.com/photos/16564965@N04/52702613135,30.045962,31.22426,,,,,,,,,,,,,,,
https://live.staticflickr.com/65535/52702198106_145a2f1c2c_b.jpg,https://www.flickr.com/photos/16564965@N04/52702198106,30.045962,31.22426,,,,,,,,,,,,,,,
https://live.staticflickr.com/65535/52691314515_07a54ab8c9_b.jpg,https://www.flickr.com/photos/87453322@N00/52691314515,28.125277,-15.432518,,,,,,,,,,,,,,,
https://live.staticflickr.com/65535/52680387592_690dfb4186_b.jpg,https://www.flickr.com/photos/30047476@N05/52680387592,32.675803,-16.902583,,,,,,,,,,,,,,,
https://live.staticflickr.com/65535/52677668314_35faccae20_b.jpg,https://www.flickr.com/photos/152965534@N06/52677668314,30.028919,31.259701,,,,,,,,,,,,,,,
https://live.staticflickr.com/65535/52676689910_eb485792df_b.jpg,https://www.flickr.com/photos/152965534@N06/52676689910,30.035235,31.227436,,,,,,,,,,,,,,,
https://live.staticflickr.com/65535/52675736722_930f66cf27_b.jpg,https://www.flickr.com/photos/152965534@N06/52675736722,30.028919,31.259701,,,,,,,,,,,,,,,
https://live.staticflickr.com/65535/52670621645_3575c37704_b.jpg,https://www.flickr.com/photos/194960497@N06/52670621645,31.776705,35.228027,,,,,,,,,,,,,,,
https://live.staticflickr.com/65535/52666382259_cb30bfb0d2_b.jpg,https://www.flickr.com/photos/24406544@N00/52666382259,34.797815,-5.573502,,,,,,,,,,,,,,,
https://live.staticflickr.com/7867/46034154865_9c63a427c8_b.jpg,https://www.flickr.com/photos/41622708@N00/46034154865,17.661005,43.509822,,,,,,,,,,,,,,,
https://live.staticflickr.com/7829/46895912312_101ccb4754_b.jpg,https://www.flickr.com/photos/41622708@N00/46895912312,21.302202,40.438761,,,,,,,,,,,,,,,
https://live.staticflickr.com/4853/46417653662_45062ddd5d_b.jpg,https://www.flickr.com/photos/24675061@N05/46417653662,28.100823,-15.415449,,,,,,,,,,,,,,,
https://live.staticflickr.com/4867/45745098134_55e4bd3589_b.jpg,https://www.flickr.com/photos/24675061@N05/45745098134,28.100823,-15.415449,,,,,,,,,,,,,,,
https://live.staticflickr.com/1955/46244715941_b375463227_b.jpg,https://www.flickr.com/photos/41621168@N06/46244715941,31.628436,-7.989571,,,,,,,,,,,,,,,
https://live.staticflickr.com/4839/44387099640_e3161a989f_b.jpg,https://www.flickr.com/photos/92686536@N00/44387099640,28.684338,-17.764216,,,,,,,,,,,,,,,
https://live.staticflickr.com/4848/32204840198_d5621231b2_b.jpg,https://www.flickr.com/photos/65644966@N04/32204840198,31.626238,-7.988706,,,,,,,,,,,,,,,
https://live.staticflickr.com/4858/32133048108_b933505a8a_b.jpg,https://www.flickr.com/photos/161230164@N08/32133048108,30.032013,31.256661,,,,,,,,,,,,,,,
https://live.staticflickr.com/4882/45185731804_659386e788_b.jpg,https://www.flickr.com/photos/22694662@N06/45185731804,28.467894,-16.249219,,,,,,,,,,,,,,,
https://live.staticflickr.com/1952/31761553918_b2704fa877_b.jpg,https://www.flickr.com/photos/65755260@N04/31761553918,28.417805,-16.550978,,,,,,,,,,,,,,,
https://live.staticflickr.com/1916/31699130818_036dcc7a41_b.jpg,https://www.flickr.com/photos/96657002@N06/31699130818,-26.105673,28.0545,,,,,,,,,,,,,,,
https://live.staticflickr.com/1955/44648678255_0ca59caee5_b.jpg,https://www.flickr.com/photos/96657002@N06/44648678255,-26.10998,28.053749,,,,,,,,,,,,,,,
https://live.staticflickr.com/1965/44637786545_796a97be66_b.jpg,https://www.flickr.com/photos/96657002@N06/44637786545,-26.105673,28.0545,,,,,,,,,,,,,,,
https://live.staticflickr.com/1917/44800071224_a1dd0cfe47_b.jpg,https://www.flickr.com/photos/96657002@N06/44800071224,-26.105899,28.056131,,,,,,,,,,,,,,,
https://live.staticflickr.com/1939/45513085261_00d3c4419a_b.jpg,https://www.flickr.com/photos/96657002@N06/45513085261,-26.10998,28.053749,,,,,,,,,,,,,,,
https://live.staticflickr.com/1955/30423513547_9589c2360d_b.jpg,https://www.flickr.com/photos/96657002@N06/30423513547,-26.111675,28.057268,,,,,,,,,,,,,,,
https://live.staticflickr.com/1937/43541656790_bbf32fb86e_b.jpg,https://www.flickr.com/photos/96657002@N06/43541656790,-26.111675,28.057268,,,,,,,,,,,,,,,
https://live.staticflickr.com/1904/30405498577_a0d1bcd717_b.jpg,https://www.flickr.com/photos/41111966@N04/30405498577,31.240792,29.962956,,,,,,,,,,,,,,,
https://live.staticflickr.com/1906/45333794401_c76b6a8278_b.jpg,https://www.flickr.com/photos/41111966@N04/45333794401,31.209076,29.908819,,,,,,,,,,,,,,,
https://live.staticflickr.com/1917/30392381797_2dc52aa8e7_b.jpg,https://www.flickr.com/photos/41111966@N04/30392381797,31.208396,29.909119,,,,,,,,,,,,,,,
https://live.staticflickr.com/1934/43505871230_d6a4185ebf_b.jpg,https://www.flickr.com/photos/96657002@N06/43505871230,-26.111675,28.057268,,,,,,,,,,,,,,,
https://live.staticflickr.com/1931/45308507471_d3a11b1767_b.jpg,https://www.flickr.com/photos/96657002@N06/45308507471,-26.112301,28.053159,,,,,,,,,,,,,,,
https://live.staticflickr.com/1949/30337847597_d591c7f0a8_b.jpg,https://www.flickr.com/photos/96657002@N06/30337847597,-26.111675,28.057268,,,,,,,,,,,,,,,
https://live.staticflickr.com/1963/43455358220_1bf4682f6f_b.jpg,https://www.flickr.com/photos/96657002@N06/43455358220,-26.111675,28.057268,,,,,,,,,,,,,,,
https://live.staticflickr.com/1933/45240921931_9cd250f278_b.jpg,https://www.flickr.com/photos/96657002@N06/45240921931,-26.109874,28.052194,,,,,,,,,,,,,,,
https://live.staticflickr.com/1935/45170135612_4a56ecb8d5_b.jpg,https://www.flickr.com/photos/96657002@N06/45170135612,-26.109874,28.052194,,,,,,,,,,,,,,,
https://live.staticflickr.com/1935/30264411937_45c4f1ce33_b.jpg,https://www.flickr.com/photos/96657002@N06/30264411937,-26.112301,28.053159,,,,,,,,,,,,,,,
https://live.staticflickr.com/1952/31323937998_32ababcfe4_b.jpg,https://www.flickr.com/photos/96657002@N06/31323937998,-26.109874,28.052194,,,,,,,,,,,,,,,
https://live.staticflickr.com/1938/43328026980_030b4e10f0_b.jpg,https://www.flickr.com/photos/96657002@N06/43328026980,-26.109874,28.052194,,,,,,,,,,,,,,,
https://live.staticflickr.com/1977/43278057580_a938d91bfc_b.jpg,https://www.flickr.com/photos/11462409@N00/43278057580,31.510189,-9.774119,,,,,,,,,,,,,,,
https://live.staticflickr.com/1915/43270294160_6ab41b4611_b.jpg,https://www.flickr.com/photos/96657002@N06/43270294160,-26.109874,28.052194,,,,,,,,,,,,,,,
https://live.staticflickr.com/1977/44305400494_74d42900fe_b.jpg,https://www.flickr.com/photos/132094139@N08/44305400494,31.890985,35.016217,,,,,,,,,,,,,,,
https://live.staticflickr.com/1884/43938441235_5787758de5_b.jpg,https://www.flickr.com/photos/96657002@N06/43938441235,-26.109874,28.052194,,,,,,,,,,,,,,,
https://live.staticflickr.com/1867/30966119908_d71d45044d_b.jpg,https://www.flickr.com/photos/96657002@N06/30966119908,-26.109874,28.052194,,,,,,,,,,,,,,,
https://live.staticflickr.com/1849/29849140697_c7bb19a387_b.jpg,https://www.flickr.com/photos/126043053@N08/29849140697,31.772451,35.229892,,,,,,,,,,,,,,,
https://live.staticflickr.com/1888/42924087700_43988339af_b.jpg,https://www.flickr.com/photos/96657002@N06/42924087700,-26.109874,28.052194,,,,,,,,,,,,,,,
https://live.staticflickr.com/1845/44518372952_162a17dcc7_b.jpg,https://www.flickr.com/photos/126043053@N08/44518372952,31.760648,35.225558,,,,,,,,,,,,,,,
https://live.staticflickr.com/1859/29492886117_709d23e2e9_b.jpg,https://www.flickr.com/photos/41622708@N00/29492886117,-8.810106,13.223313,,,,,,,,,,,,,,,
https://live.staticflickr.com/1900/42621452160_3c852803bf_b.jpg,https://www.flickr.com/photos/41622708@N00/42621452160,-12.34035,13.553816,,,,,,,,,,,,,,,
https://live.staticflickr.com/1849/30561852838_49e770f803_b.jpg,https://www.flickr.com/photos/41622708@N00/30561852838,-8.809437,13.223719,,,,,,,,,,,,,,,
https://live.staticflickr.com/1894/44430836771_1171488f21_b.jpg,https://www.flickr.com/photos/41622708@N00/44430836771,-12.338112,13.552077,,,,,,,,,,,,,,,
https://live.staticflickr.com/1885/44367866511_785451fc4a_b.jpg,https://www.flickr.com/photos/126043053@N08/44367866511,31.783578,35.221867,,,,,,,,,,,,,,,
https://live.staticflickr.com/1850/44113705902_094523dff5_b.jpg,https://www.flickr.com/photos/150654799@N04/44113705902,33.889728,35.473307,,,,,,,,,,,,,,,
https://live.staticflickr.com/1832/29134980527_42a6ba191b_b.jpg,https://www.flickr.com/photos/34980283@N06/29134980527,9.078055,7.494444,,,,,,,,,,,,,,,
https://live.staticflickr.com/1779/43090909745_55b83b4c0a_b.jpg,https://www.flickr.com/photos/123600250@N03/43090909745,34.760589,32.406313,,,,,,,,,,,,,,,
https://live.staticflickr.com/1815/43039872084_8bc89c3d64_b.jpg,https://www.flickr.com/photos/67215100@N07/43039872084,33.899558,35.496139,,,,,,,,,,,,,,,
https://live.staticflickr.com/1830/28595496147_98b309f391_b.jpg,https://www.flickr.com/photos/42659866@N02/28595496147,31.771569,35.229538,,,,,,,,,,,,,,,
https://live.staticflickr.com/1805/41674158100_0b926b9e79_b.jpg,https://www.flickr.com/photos/42659866@N02/41674158100,31.775669,35.234038,,,,,,,,,,,,,,,
https://live.staticflickr.com/1761/43394969032_134ff84464_b.jpg,https://www.flickr.com/photos/45423546@N07/43394969032,0.762777,24.463333,,,,,,,,,,,,,,,
https://live.staticflickr.com/1768/41635116460_06354c4728_b.jpg,https://www.flickr.com/photos/45423546@N07/41635116460,0.511666,25.206388,,,,,,,,,,,,,,,
https://live.staticflickr.com/1809/29480675848_acfca51d87_b.jpg,https://www.flickr.com/photos/8920963@N03/29480675848,34.674635,33.043795,,,,,,,,,,,,,,,
https://live.staticflickr.com/65535/53757638496_0a78f93142_b.jpg,https://www.flickr.com/photos/135298455@N04/53757638496,31.047501,-7.129496,,,,,,,,,,,,,,,
https://live.staticflickr.com/65535/53756036748_a39a3696d5_b.jpg,https://www.flickr.com/photos/59671408@N06/53756036748,33.886528,35.543206,,,,,,,,,,,,,,,
https://live.staticflickr.com/65535/53750683115_38ff3ab07a_b.jpg,https://www.flickr.com/photos/135298455@N04/53750683115,34.02282,-6.822179,,,,,,,,,,,,,,,
https://live.staticflickr.com/65535/53749235138_c02891d202_b.jpg,https://www.flickr.com/photos/192864031@N07/53749235138,31.636436,-7.997557,,,,,,,,,,,,,,,
https://live.staticflickr.com/65535/53744401978_c1980103bc_b.jpg,https://www.flickr.com/photos/124743354@N04/53744401978,-33.937837,18.863836,,,,,,,,,,,,,,,
https://live.staticflickr.com/65535/53734839362_aac48ceb68_b.jpg,https://www.flickr.com/photos/186594286@N08/53734839362,-33.9498,18.37889,,,,,,,,,,,,,,,
https://live.staticflickr.com/65535/53735165896_979e7edaf4_b.jpg,https://www.flickr.com/photos/163660703@N02/53735165896,12.072647,1.791295,,,,,,,,,,,,,,,
https://live.staticflickr.com/65535/53730726022_2591e21524_b.jpg,https://www.flickr.com/photos/186594286@N08/53730726022,-33.957863,18.402859,,,,,,,,,,,,,,,
https://live.staticflickr.com/65535/53683929796_b301821d44_b.jpg,https://www.flickr.com/photos/59671408@N06/53683929796,33.876235,35.542271,,,,,,,,,,,,,,,
https://live.staticflickr.com/65535/53678088342_b6a869bedc_b.jpg,https://www.flickr.com/photos/34869895@N06/53678088342,31.77558,35.217575,,,,,,,,,,,,,,,
https://live.staticflickr.com/65535/53675674839_5f8d36ba0b_b.jpg,https://www.flickr.com/photos/78174175@N00/53675674839,29.990538,31.136347,,,,,,,,,,,,,,,
https://live.staticflickr.com/65535/53667271248_4a0f8f1357_b.jpg,https://www.flickr.com/photos/197819494@N04/53667271248,31.513846,34.425262,,,,,,,,,,,,,,,
https://live.staticflickr.com/65535/53656095504_26ed71d1a2_b.jpg,https://www.flickr.com/photos/78174175@N00/53656095504,25.688619,32.631308,,,,,,,,,,,,,,,
https://live.staticflickr.com/65535/53650562688_6ffbd89df2_b.jpg,https://www.flickr.com/photos/25856401@N00/53650562688,31.62045,-7.984517,,,,,,,,,,,,,,,
https://live.staticflickr.com/65535/53637143951_6c1a3eb11d_b.jpg,https://www.flickr.com/photos/63770579@N02/53637143951,31.772725,35.227905,,,,,,,,,,,,,,,
https://live.staticflickr.com/65535/53631190172_8a789eac1e_b.jpg,https://www.flickr.com/photos/63770579@N02/53631190172,31.777914,35.235174,,,,,,,,,,,,,,,
https://live.staticflickr.com/65535/53630319417_4b518b3cc7_b.jpg,https://www.flickr.com/photos/116427736@N08/53630319417,32.805474,-16.882628,,,,,,,,,,,,,,,
https://live.staticflickr.com/65535/53624332647_cb65a2b193_b.jpg,https://www.flickr.com/photos/124743354@N04/53624332647,-33.937656,18.864161,,,,,,,,,,,,,,,
https://live.staticflickr.com/65535/53617064737_dbb41891ea_b.jpg,https://www.flickr.com/photos/25856401@N00/53617064737,34.01003,-6.830712,,,,,,,,,,,,,,,
https://live.staticflickr.com/65535/53616225147_04358052ac_b.jpg,https://www.flickr.com/photos/63770579@N02/53616225147,31.77573,35.217401,,,,,,,,,,,,,,,
https://live.staticflickr.com/65535/53608662319_32c1952bb5_b.jpg,https://www.flickr.com/photos/197819494@N04/53608662319,31.531726,34.497832,,,,,,,,,,,,,,,
https://live.staticflickr.com/65535/53591122211_3c41770209_b.jpg,https://www.flickr.com/photos/41523704@N05/53591122211,28.28799,-14.159954,,,,,,,,,,,,,,,
https://live.staticflickr.com/65535/53580575451_8dcc402eb6_b.jpg,https://www.flickr.com/photos/124743354@N04/53580575451,-33.925189,18.426838,,,,,,,,,,,,,,,
https://live.staticflickr.com/65535/53575501035_1f1f0c0cdc_b.jpg,https://www.flickr.com/photos/79824934@N08/53575501035,31.636612,-7.988691,,,,,,,,,,,,,,,
https://live.staticflickr.com/65535/53567774379_3337ef623f_b.jpg,https://www.flickr.com/photos/12077755@N00/53567774379,34.073759,-5.554876,,,,,,,,,,,,,,,
https://live.staticflickr.com/65535/53565359335_8228c8c1a1_b.jpg,https://www.flickr.com/photos/199843018@N04/53565359335,28.3054,-16.840699,,,,,,,,,,,,,,,
https://live.staticflickr.com/65535/53554331003_fcb095a007_b.jpg,https://www.flickr.com/photos/58990969@N02/53554331003,31.785831,35.212293,,,,,,,,,,,,,,,
https://live.staticflickr.com/65535/53550945462_af1a58ecb2_b.jpg,https://www.flickr.com/photos/38527466@N00/53550945462,24.630155,46.710605,,,,,,,,,,,,,,,
https://live.staticflickr.com/65535/53531214073_c5f019a548_b.jpg,https://www.flickr.com/photos/48923613@N03/53531214073,-6.162587,39.193552,,,,,,,,,,,,,,,
https://live.staticflickr.com/65535/53528618928_c450ea9833_b.jpg,https://www.flickr.com/photos/195986407@N04/53528618928,32.867503,-17.166073,,,,,,,,,,,,,,,
https://live.staticflickr.com/65535/53521646300_6d49843e0c_b.jpg,https://www.flickr.com/photos/54415393@N00/53521646300,28.009072,-15.5346,,,,,,,,,,,,,,,
https://live.staticflickr.com/65535/53511367562_2509ceea58_b.jpg,https://www.flickr.com/photos/8671201@N02/53511367562,31.219503,29.942616,,,,,,,,,,,,,,,
https://live.staticflickr.com/65535/53505797159_ca3e00c3d4_b.jpg,https://www.flickr.com/photos/92496593@N08/53505797159,28.466903,-16.247815,,,,,,,,,,,,,,,
https://live.staticflickr.com/65535/53498725022_46b3435015_b.jpg,https://www.flickr.com/photos/199843018@N04/53498725022,28.556254,-16.345242,,,,,,,,,,,,,,,
https://live.staticflickr.com/65535/53496493907_de8ea338ac_b.jpg,https://www.flickr.com/photos/51839301@N00/53496493907,27.819445,-15.763235,,,,,,,,,,,,,,,
https://live.staticflickr.com/65535/53486357914_9b3b7d8ffd_b.jpg,https://www.flickr.com/photos/51839301@N00/53486357914,28.056898,-15.608632,,,,,,,,,,,,,,,
https://live.staticflickr.com/65535/53480107770_fa2c2be427_b.jpg,https://www.flickr.com/photos/192864031@N07/53480107770,34.054252,-4.97047,,,,,,,,,,,,,,,
https://live.staticflickr.com/65535/53471545404_9fa8a27451_b.jpg,https://www.flickr.com/photos/192864031@N07/53471545404,33.894055,-5.565492,,,,,,,,,,,,,,,
https://live.staticflickr.com/65535/53468723077_5cb501dd8d_b.jpg,https://www.flickr.com/photos/9099757@N05/53468723077,28.480951,-16.31842,,,,,,,,,,,,,,,
https://live.staticflickr.com/65535/53463000878_44af053026_b.jpg,https://www.flickr.com/photos/9099757@N05/53463000878,28.370143,-16.762282,,,,,,,,,,,,,,,
https://live.staticflickr.com/65535/53458936723_47db1f4ab3_b.jpg,https://www.flickr.com/photos/56515697@N04/53458936723,31.641836,-8.002853,,,,,,,,,,,,,,,
https://live.staticflickr.com/65535/53455075922_9bd69a69f4_b.jpg,https://www.flickr.com/photos/24406544@N00/53455075922,34.018626,-6.831093,,,,,,,,,,,,,,,
https://live.staticflickr.com/65535/53451276321_dc0434c17e_b.jpg,https://www.flickr.com/photos/12741965@N00/53451276321,-26.191424,28.030262,,,,,,,,,,,,,,,
https://live.staticflickr.com/65535/53451397803_5c9f25dea3_b.jpg,https://www.flickr.com/photos/12741965@N00/53451397803,-26.192456,28.03121,,,,,,,,,,,,,,,
https://live.staticflickr.com/65535/53450760131_cfdcdd78a1_b.jpg,https://www.flickr.com/photos/12741965@N00/53450760131,-26.190633,28.029792,,,,,,,,,,,,,,,
https://live.staticflickr.com/65535/53447410908_38311b06f9_b.jpg,https://www.flickr.com/photos/12741965@N00/53447410908,-26.19355,28.052174,,,,,,,,,,,,,,,
https://live.staticflickr.com/65535/53443887164_3cd0f1d164_b.jpg,https://www.flickr.com/photos/38527466@N00/53443887164,24.70279,46.698026,,,,,,,,,,,,,,,
https://live.staticflickr.com/65535/53439444961_5dcb40ce10_b.jpg,https://www.flickr.com/photos/192864031@N07/53439444961,34.054936,-5.524503,,,,,,,,,,,,,,,
https://live.staticflickr.com/65535/53437671733_9bb59c4ec7_b.jpg,https://www.flickr.com/photos/25517423@N06/53437671733,31.781008,35.221027,,,,,,,,,,,,,,,
https://live.staticflickr.com/65535/53434010756_b15b046005_b.jpg,https://www.flickr.com/photos/25517423@N06/53434010756,31.803713,34.642302,,,,,,,,,,,,,,,
https://live.staticflickr.com/65535/53431609629_8794d1eb9a_b.jpg,https://www.flickr.com/photos/24406544@N00/53431609629,34.024726,-6.821309,,,,,,,,,,,,,,,
https://live.staticflickr.com/65535/53422187530_bd5127e2b4_b.jpg,https://www.flickr.com/photos/12741965@N00/53422187530,-26.193263,28.052101,,,,,,,,,,,,,,,
https://live.staticflickr.com/65535/53421862888_435214e887_b.jpg,https://www.flickr.com/photos/195986407@N04/53421862888,32.647957,-16.900663,,,,,,,,,,,,,,,
https://live.staticflickr.com/65535/53420535320_e7f5b61b39_b.jpg,https://www.flickr.com/photos/12741965@N00/53420535320,-26.193254,28.052039,,,,,,,,,,,,,,,
https://live.staticflickr.com/65535/53413945434_2ba2f0c75c_b.jpg,https://www.flickr.com/photos/51839301@N00/53413945434,28.0989,-15.416253,,,,,,,,,,,,,,,
https://live.staticflickr.com/65535/53408379581_bc3b386dde_b.jpg,https://www.flickr.com/photos/48139632@N00/53408379581,24.025105,32.884588,,,,,,,,,,,,,,,
https://live.staticflickr.com/65535/53407766279_3b67cd4e41_b.jpg,https://www.flickr.com/photos/192864031@N07/53407766279,33.587594,-7.6181,,,,,,,,,,,,,,,
https://live.staticflickr.com/65535/53406431731_1f2657b696_b.jpg,https://www.flickr.com/photos/195680625@N03/53406431731,34.02833,-6.836738,,,,,,,,,,,,,,,
https://live.staticflickr.com/65535/53402490898_78fbd2c387_b.jpg,https://www.flickr.com/photos/48139632@N00/53402490898,24.02535,32.883126,,,,,,,,,,,,,,,
https://live.staticflickr.com/65535/53402401149_2d623b8a0e_b.jpg,https://www.flickr.com/photos/48139632@N00/53402401149,25.294278,32.556161,,,,,,,,,,,,,,,
https://live.staticflickr.com/65535/53401972106_fbdb5706ea_b.jpg,https://www.flickr.com/photos/195680625@N03/53401972106,34.022776,-6.821913,,,,,,,,,,,,,,,
https://live.staticflickr.com/65535/53400989037_c77bcf2c9e_b.jpg,https://www.flickr.com/photos/24406544@N00/53400989037,34.025651,-6.839955,,,,,,,,,,,,,,,
https://live.staticflickr.com/65535/53401996053_805d61fdb7_b.jpg,https://www.flickr.com/photos/48139632@N00/53401996053,25.740343,32.601555,,,,,,,,,,,,,,,
https://live.staticflickr.com/65535/53402126674_45e7125f2a_b.jpg,https://www.flickr.com/photos/48139632@N00/53402126674,25.741001,32.60228,,,,,,,,,,,,,,,
https://live.staticflickr.com/65535/53402087654_07ca511c67_b.jpg,https://www.flickr.com/photos/48139632@N00/53402087654,25.700628,32.640313,,,,,,,,,,,,,,,
https://live.staticflickr.com/65535/53402085914_65418dafa7_b.jpg,https://www.flickr.com/photos/48139632@N00/53402085914,25.717376,32.658046,,,,,,,,,,,,,,,
https://live.staticflickr.com/65535/53401666123_a2edef40a2_b.jpg,https://www.flickr.com/photos/48139632@N00/53401666123,30.006355,31.22976,,,,,,,,,,,,,,,
https://live.staticflickr.com/65535/53399108968_b86d4e05e1_b.jpg,https://www.flickr.com/photos/114138418@N08/53399108968,-25.740857,28.210777,,,,,,,,,,,,,,,
https://live.staticflickr.com/65535/53397414913_18d9a43444_b.jpg,https://www.flickr.com/photos/13297363@N08/53397414913,-6.162353,39.187683,,,,,,,,,,,,,,,
https://live.staticflickr.com/65535/53397337830_7c8fe007dc_b.jpg,https://www.flickr.com/photos/51839301@N00/53397337830,28.10049,-15.412863,,,,,,,,,,,,,,,
https://live.staticflickr.com/65535/53396037966_89b2affde9_b.jpg,https://www.flickr.com/photos/24406544@N00/53396037966,34.037361,-6.840095,,,,,,,,,,,,,,,
https://live.staticflickr.com/65535/53392537138_4cc5678271_b.jpg,https://www.flickr.com/photos/96657002@N06/53392537138,-26.163968,28.041033,,,,,,,,,,,,,,,
https://live.staticflickr.com/65535/53375431868_9b7eb1ea3c_b.jpg,https://www.flickr.com/photos/43982718@N00/53375431868,32.648336,-16.908924,,,,,,,,,,,,,,,
https://live.staticflickr.com/65535/53355470811_1462965dc1_b.jpg,https://www.flickr.com/photos/24406544@N00/53355470811,34.022574,-6.838303,,,,,,,,,,,,,,,
https://live.staticflickr.com/65535/53351700187_12bfe512b4_b.jpg,https://www.flickr.com/photos/24406544@N00/53351700187,34.016981,-6.835717,,,,,,,,,,,,,,,
https://live.staticflickr.com/65535/53351233474_612ac15d10_b.jpg,https://www.flickr.com/photos/68166820@N08/53351233474,30.007886,31.23043,,,,,,,,,,,,,,,
https://live.staticflickr.com/65535/53350436106_2b41c4a6cb_b.jpg,https://www.flickr.com/photos/68166820@N08/53350436106,30.005975,31.229791,,,,,,,,,,,,,,,
https://live.staticflickr.com/65535/53345625857_0876fa6084_b.jpg,https://www.flickr.com/photos/24406544@N00/53345625857,34.016278,-6.835406,,,,,,,,,,,,,,,
https://live.staticflickr.com/65535/53337921005_1ff46bcf02_b.jpg,https://www.flickr.com/photos/24406544@N00/53337921005,33.568049,-7.610672,,,,,,,,,,,,,,,
https://live.staticflickr.com/65535/53331137876_364ba17d71_b.jpg,https://www.flickr.com/photos/62845223@N00/53331137876,12.638906,-16.657123,,,,,,,,,,,,,,,
https://live.staticflickr.com/65535/53327202969_6e91b4fc07_b.jpg,https://www.flickr.com/photos/33083542@N00/53327202969,14.863272,-15.875556,,,,,,,,,,,,,,,
https://live.staticflickr.com/65535/53313520317_b316b7fbdd_b.jpg,https://www.flickr.com/photos/33083542@N00/53313520317,16.026216,-16.503637,,,,,,,,,,,,,,,
https://live.staticflickr.com/65535/51962530772_6ac092ae4d_b.jpg,https://www.flickr.com/photos/96657002@N06/51962530772,-26.103274,28.059736,,,,,,,,,,,,,,,
https://live.staticflickr.com/65535/51961825453_3747386175_b.jpg,https://www.flickr.com/photos/46720221@N06/51961825453,28.391022,-16.52334,,,,,,,,,,,,,,,
https://live.staticflickr.com/65535/51957997382_29d75684cb_b.jpg,https://www.flickr.com/photos/195247963@N02/51957997382,9.216666,41.1,,,,,,,,,,,,,,,
https://live.staticflickr.com/65535/51934307797_4dd83eee43_b.jpg,https://www.flickr.com/photos/12494104@N00/51934307797,27.758719,-15.577175,,,,,,,,,,,,,,,
https://live.staticflickr.com/65535/51933527804_7beef8754c_b.jpg,https://www.flickr.com/photos/46720221@N06/51933527804,28.417456,-16.547824,,,,,,,,,,,,,,,
https://live.staticflickr.com/65535/51933271758_0e6a0534ff_b.jpg,https://www.flickr.com/photos/46720221@N06/51933271758,28.417418,-16.546955,,,,,,,,,,,,,,,
https://live.staticflickr.com/65535/51877348064_b51facfd25_b.jpg,https://www.flickr.com/photos/96657002@N06/51877348064,-26.103274,28.059736,,,,,,,,,,,,,,,
https://live.staticflickr.com/65535/51877227645_91ebd556cf_b.jpg,https://www.flickr.com/photos/96657002@N06/51877227645,-26.103274,28.059736,,,,,,,,,,,,,,,
https://live.staticflickr.com/65535/51876290029_3615817271_b.jpg,https://www.flickr.com/photos/60342453@N06/51876290029,30.338069,35.429961,,,,,,,,,,,,,,,
https://live.staticflickr.com/65535/51851316885_c685f04140_b.jpg,https://www.flickr.com/photos/137918669@N08/51851316885,33.043743,-16.355673,,,,,,,,,,,,,,,
https://live.staticflickr.com/65535/51847518483_c269a18ae4_b.jpg,https://www.flickr.com/photos/95609210@N06/51847518483,28.680623,-14.010626,,,,,,,,,,,,,,,
https://live.staticflickr.com/65535/51846502966_5e682d1342_b.jpg,https://www.flickr.com/photos/58853198@N03/51846502966,25.704489,32.64862,,,,,,,,,,,,,,,
https://live.staticflickr.com/65535/51841805492_00848c0394_b.jpg,https://www.flickr.com/photos/78174175@N00/51841805492,30.092268,31.329531,,,,,,,,,,,,,,,
https://live.staticflickr.com/65535/51841309708_1c289dde60_b.jpg,https://www.flickr.com/photos/137918669@N08/51841309708,33.037131,-16.364831,,,,,,,,,,,,,,,
https://live.staticflickr.com/65535/51833366436_ce13cc767f_b.jpg,https://www.flickr.com/photos/41424990@N00/51833366436,28.19212,-14.116058,,,,,,,,,,,,,,,
https://live.staticflickr.com/65535/51831692791_ef7e051be0_b.jpg,https://www.flickr.com/photos/41622708@N00/51831692791,17.466772,44.103022,,,,,,,,,,,,,,,
https://live.staticflickr.com/65535/51830743892_517902bfe1_b.jpg,https://www.flickr.com/photos/41622708@N00/51830743892,17.4846,44.163794,,,,,,,,,,,,,,,
https://live.staticflickr.com/65535/51831803863_e9289dbba8_b.jpg,https://www.flickr.com/photos/41622708@N00/51831803863,21.486302,39.18788,,,,,,,,,,,,,,,
https://live.staticflickr.com/65535/51832421700_3b9c755381_b.jpg,https://www.flickr.com/photos/41622708@N00/51832421700,21.489175,39.187019,,,,,,,,,,,,,,,
https://live.staticflickr.com/65535/51831803653_d0e464d881_b.jpg,https://www.flickr.com/photos/41622708@N00/51831803653,17.487633,44.169086,,,,,,,,,,,,,,,
https://live.staticflickr.com/65535/51831688616_077143f481_b.jpg,https://www.flickr.com/photos/41622708@N00/51831688616,17.488477,44.172969,,,,,,,,,,,,,,,
https://live.staticflickr.com/65535/51832035984_e5a200a4a5_b.jpg,https://www.flickr.com/photos/41622708@N00/51832035984,16.704769,42.122297,,,,,,,,,,,,,,,
https://live.staticflickr.com/65535/51831688071_3c4f5a87c1_b.jpg,https://www.flickr.com/photos/41622708@N00/51831688071,21.486572,39.188494,,,,,,,,,,,,,,,
https://live.staticflickr.com/65535/51830737587_f82d3c707a_b.jpg,https://www.flickr.com/photos/41622708@N00/51830737587,17.488169,44.169597,,,,,,,,,,,,,,,
https://live.staticflickr.com/65535/51822516655_dbcc404463_b.jpg,https://www.flickr.com/photos/12741965@N00/51822516655,-33.921111,18.415277,,,,,,,,,,,,,,,
https://live.staticflickr.com/65535/51808887042_fa83e33d41_b.jpg,https://www.flickr.com/photos/79452638@N00/51808887042,-33.906091,18.421407,,,,,,,,,,,,,,,
https://live.staticflickr.com/65535/51808358280_67362c6492_b.jpg,https://www.flickr.com/photos/12741965@N00/51808358280,-33.920416,18.41388,,,,,,,,,,,,,,,
https://live.staticflickr.com/65535/51807076145_152cfba334_b.jpg,https://www.flickr.com/photos/37409770@N00/51807076145,31.954152,35.935194,,,,,,,,,,,,,,,
https://live.staticflickr.com/65535/51792378212_46d92786c6_b.jpg,https://www.flickr.com/photos/85815194@N00/51792378212,28.742536,-13.864781,,,,,,,,,,,,,,,
https://live.staticflickr.com/65535/51789735909_55d3479020_b.jpg,https://www.flickr.com/photos/85815194@N00/51789735909,28.734492,-13.867242,,,,,,,,,,,,,,,
https://live.staticflickr.com/65535/52873663172_678cf46db0_b.jpg,https://www.flickr.com/photos/32512570@N06/52873663172,-37.810292,144.968054,,,,,,,,,,,,,,,
https://live.staticflickr.com/65535/51817791208_415af22755_b.jpg,https://www.flickr.com/photos/63839496@N08/51817791208,-37.8113,144.969508,,,,,,,,,,,,,,,
https://live.staticflickr.com/65535/49325432892_8bfe8a1c2f_b.jpg,https://www.flickr.com/photos/97867688@N00/49325432892,-37.7995,144.902333,,,,,,,,,,,,,,,
https://live.staticflickr.com/65535/48802898546_33029cf983_b.jpg,https://www.flickr.com/photos/135625678@N06/48802898546,-34.918988,138.599181,,,,,,,,,,,,,,,
https://live.staticflickr.com/2940/33686749650_2a53b1c043_b.jpg,https://www.flickr.com/photos/76534421@N03/33686749650,-34.92249,138.609663,,,,,,,,,,,,,,,
https://live.staticflickr.com/400/31973175475_26e0d6d6e0_b.jpg,https://www.flickr.com/photos/135625678@N06/31973175475,-34.922358,138.599417,,,,,,,,,,,,,,,
https://live.staticflickr.com/358/31599703450_eb04898d14_b.jpg,https://www.flickr.com/photos/135625678@N06/31599703450,-34.919534,138.599234,,,,,,,,,,,,,,,
https://live.staticflickr.com/7023/6569363701_b1b4fcc495_b.jpg,https://www.flickr.com/photos/37313543@N05/6569363701,-36.857641,174.758975,,,,,,,,,,,,,,,
https://live.staticflickr.com/3166/2780538718_d1fe57a8c7_b.jpg,https://www.flickr.com/photos/24785917@N03/2780538718,-33.869204,151.210949,,,,,,,,,,,,,,,
https://live.staticflickr.com/2403/2407075681_24e6ff2450_b.jpg,https://www.flickr.com/photos/65886860@N00/2407075681,-33.877835,151.205477,,,,,,,,,,,,,,,
https://live.staticflickr.com/65535/54720984402_78ffe75e5d_b.jpg,https://www.flickr.com/photos/33554580@N00/54720984402,-37.820446,144.950426,,,,,,,,,,,,,,,
https://live.staticflickr.com/65535/54696668085_6c337d4f87_b.jpg,https://www.flickr.com/photos/33554580@N00/54696668085,-37.81998,144.951896,,,,,,,,,,,,,,,
https://live.staticflickr.com/65535/54576144210_033cdcdcec_b.jpg,https://www.flickr.com/photos/46019178@N05/54576144210,-12.563061,131.303079,,,,,,,,,,,,,,,
https://live.staticflickr.com/65535/54563487901_8a236a57ec_b.jpg,https://www.flickr.com/photos/46019178@N05/54563487901,-12.56181,131.301738,,,,,,,,,,,,,,,
https://live.staticflickr.com/65535/54554253296_652f0f4c1e_b.jpg,https://www.flickr.com/photos/46019178@N05/54554253296,-12.739196,130.905479,,,,,,,,,,,,,,,
https://live.staticflickr.com/65535/54553373027_196b3da14a_b.jpg,https://www.flickr.com/photos/46019178@N05/54553373027,-12.739196,130.905479,,,,,,,,,,,,,,,
https://live.staticflickr.com/65535/54471539016_894a33e224_b.jpg,https://www.flickr.com/photos/46019178@N05/54471539016,-12.901776,130.832748,,,,,,,,,,,,,,,
https://live.staticflickr.com/65535/54456907155_a04a9f1fc4_b.jpg,https://www.flickr.com/photos/46019178@N05/54456907155,-12.563061,131.303079,,,,,,,,,,,,,,,
https://live.staticflickr.com/65535/54444269546_0781a9d70a_b.jpg,https://www.flickr.com/photos/33554580@N00/54444269546,-37.820497,144.951177,,,,,,,,,,,,,,,
https://live.staticflickr.com/65535/54391921591_45973d123d_b.jpg,https://www.flickr.com/photos/36320080@N04/54391921591,-27.469503,153.025405,,,,,,,,,,,,,,,
https://live.staticflickr.com/65535/54320639183_362a309544_b.jpg,https://www.flickr.com/photos/53610184@N04/54320639183,-37.832014,144.975202,,,,,,,,,,,,,,,
https://live.staticflickr.com/65535/54315356768_7a688d02ee_b.jpg,https://www.flickr.com/photos/97867688@N00/54315356768,-37.825156,144.969963,,,,,,,,,,,,,,,
https://live.staticflickr.com/65535/54297790041_fb66f048ae_b.jpg,https://www.flickr.com/photos/33554580@N00/54297790041,-37.822624,144.968826,,,,,,,,,,,,,,,
https://live.staticflickr.com/65535/54288463578_74dccf0453_b.jpg,https://www.flickr.com/photos/97583370@N00/54288463578,-35.228184,149.140844,,,,,,,,,,,,,,,
https://live.staticflickr.com/65535/54233780461_f79ac525ce_b.jpg,https://www.flickr.com/photos/46019178@N05/54233780461,-13.022453,130.94878,,,,,,,,,,,,,,,
https://live.staticflickr.com/65535/54227441211_8ba08ae69d_b.jpg,https://www.flickr.com/photos/33554580@N00/54227441211,-37.77381,144.971176,,,,,,,,,,,,,,,
https://live.staticflickr.com/65535/54220003201_94a9aac4f8_b.jpg,https://www.flickr.com/photos/34520752@N07/54220003201,-34.875278,138.523333,,,,,,,,,,,,,,,
https://live.staticflickr.com/65535/54219084757_b255496aca_b.jpg,https://www.flickr.com/photos/34520752@N07/54219084757,-34.875,138.522777,,,,,,,,,,,,,,,
https://live.staticflickr.com/65535/53914924281_513e6f9812_b.jpg,https://www.flickr.com/photos/97583370@N00/53914924281,-36.518114,146.084044,,,,,,,,,,,,,,,
https://live.staticflickr.com/65535/53803374444_9146255047_b.jpg,https://www.flickr.com/photos/53610184@N04/53803374444,-37.847064,144.971427,,,,,,,,,,,,,,,
https://live.staticflickr.com/65535/53771040145_7a24107e60_b.jpg,https://www.flickr.com/photos/33554580@N00/53771040145,-38.114688,144.65106,,,,,,,,,,,,,,,
https://live.staticflickr.com/65535/53681164742_d34ca97798_b.jpg,https://www.flickr.com/photos/126148542@N04/53681164742,-32.016339,115.925863,,,,,,,,,,,,,,,
https://live.staticflickr.com/65535/53655271838_9c78fa59e6_b.jpg,https://www.flickr.com/photos/33554580@N00/53655271838,-37.816123,144.967721,,,,,,,,,,,,,,,
https://live.staticflickr.com/65535/53548184145_e2099fc429_b.jpg,https://www.flickr.com/photos/46019178@N05/53548184145,-12.60694,131.298766,,,,,,,,,,,,,,,
https://live.staticflickr.com/65535/53539596681_a3070d255b_b.jpg,https://www.flickr.com/photos/46019178@N05/53539596681,-12.60694,131.298766,,,,,,,,,,,,,,,
https://live.staticflickr.com/65535/53275656495_40432dab3f_b.jpg,https://www.flickr.com/photos/46019178@N05/53275656495,-34.92402,138.602839,,,,,,,,,,,,,,,
https://live.staticflickr.com/65535/53176535705_e8900afc71_b.jpg,https://www.flickr.com/photos/30618000@N04/53176535705,-40.377457,175.620655,,,,,,,,,,,,,,,
https://live.staticflickr.com/65535/52968925465_7e0e4ce05f_b.jpg,https://www.flickr.com/photos/40262251@N03/52968925465,-37.756499,144.985241,,,,,,,,,,,,,,,
https://live.staticflickr.com/65535/52932614247_5fe8551d7e_b.jpg,https://www.flickr.com/photos/46914058@N08/52932614247,-23.377979,150.50836,,,,,,,,,,,,,,,
https://live.staticflickr.com/65535/52929091550_87ba873580_b.jpg,https://www.flickr.com/photos/46914058@N08/52929091550,-23.377979,150.50836,,,,,,,,,,,,,,,
https://live.staticflickr.com/65535/52904656002_ef2bb15923_b.jpg,https://www.flickr.com/photos/46019178@N05/52904656002,-12.37917,130.8419,,,,,,,,,,,,,,,
https://live.staticflickr.com/65535/52872768701_6c123b154d_b.jpg,https://www.flickr.com/photos/46019178@N05/52872768701,-12.379233,130.842361,,,,,,,,,,,,,,,
https://live.staticflickr.com/65535/52798773594_e64041d026_b.jpg,https://www.flickr.com/photos/97583370@N00/52798773594,-36.721814,146.819608,,,,,,,,,,,,,,,
https://live.staticflickr.com/65535/52741423189_e81d45b1ab_b.jpg,https://www.flickr.com/photos/48627921@N05/52741423189,-43.52627,172.639705,,,,,,,,,,,,,,,
https://live.staticflickr.com/65535/52711024011_ff1abccfc9_b.jpg,https://www.flickr.com/photos/48627921@N05/52711024011,-43.534523,172.63654,,,,,,,,,,,,,,,
https://live.staticflickr.com/65535/52699940559_56c16020dc_b.jpg,https://www.flickr.com/photos/46914058@N08/52699940559,-23.377979,150.50836,,,,,,,,,,,,,,,
https://live.staticflickr.com/65535/52591908547_f53a5a7e85_b.jpg,https://www.flickr.com/photos/48627921@N05/52591908547,-43.529778,172.639619,,,,,,,,,,,,,,,
https://live.staticflickr.com/65535/52572717646_44a8dc33f5_b.jpg,https://www.flickr.com/photos/122687277@N03/52572717646,-37.802315,144.966595,,,,,,,,,,,,,,,
https://live.staticflickr.com/65535/52229282103_bd03a04625_b.jpg,https://www.flickr.com/photos/46019178@N05/52229282103,-12.563061,131.303079,,,,,,,,,,,,,,,
https://live.staticflickr.com/65535/52189379047_35fc8ac290_b.jpg,https://www.flickr.com/photos/34520752@N07/52189379047,-34.918334,138.607777,,,,,,,,,,,,,,,
https://live.staticflickr.com/65535/52008360327_9bf804f356_b.jpg,https://www.flickr.com/photos/48627921@N05/52008360327,-43.52872,172.637549,,,,,,,,,,,,,,,
https://live.staticflickr.com/65535/51921163481_b4c12e4a39_b.jpg,https://www.flickr.com/photos/134973303@N08/51921163481,-37.85169,144.984126,,,,,,,,,,,,,,,
https://live.staticflickr.com/65535/51916925902_04b500ca08_b.jpg,https://www.flickr.com/photos/46019178@N05/51916925902,-12.378736,130.841889,,,,,,,,,,,,,,,
https://live.staticflickr.com/65535/51857455042_b8139379dd_b.jpg,https://www.flickr.com/photos/46019178@N05/51857455042,-12.37917,130.8419,,,,,,,,,,,,,,,
https://live.staticflickr.com/65535/51746102020_5a6a8f2233_b.jpg,https://www.flickr.com/photos/27875050@N03/51746102020,-27.467612,153.026268,,,,,,,,,,,,,,,
https://live.staticflickr.com/65535/51735194418_590c78cb2b_b.jpg,https://www.flickr.com/photos/66383090@N02/51735194418,-32.938809,151.724925,,,,,,,,,,,,,,,
https://live.staticflickr.com/65535/51657569307_7b98acfeea_b.jpg,https://www.flickr.com/photos/134973303@N08/51657569307,-37.843997,144.98537,,,,,,,,,,,,,,,
https://live.staticflickr.com/65535/51529136637_23fef2d681_b.jpg,https://www.flickr.com/photos/161335281@N07/51529136637,-36.800909,174.748213,,,,,,,,,,,,,,,
https://live.staticflickr.com/65535/51186052823_58d1ac6412_b.jpg,https://www.flickr.com/photos/95492938@N00/51186052823,-33.855065,151.208996,,,,,,,,,,,,,,,
https://live.staticflickr.com/65535/51183980697_0070afd77c_b.jpg,https://www.flickr.com/photos/27875050@N03/51183980697,-27.505768,152.973557,,,,,,,,,,,,,,,
https://live.staticflickr.com/65535/51148231860_e7f58b9a8d_b.jpg,https://www.flickr.com/photos/97867688@N00/51148231860,-37.814954,144.944665,,,,,,,,,,,,,,,
https://live.staticflickr.com/65535/51133548852_562efc5265_b.jpg,https://www.flickr.com/photos/48627921@N05/51133548852,-43.533932,172.634201,,,,,,,,,,,,,,,
https://live.staticflickr.com/65535/51095975199_96a26b4485_b.jpg,https://www.flickr.com/photos/32605636@N06/51095975199,-27.464987,153.029552,,,,,,,,,,,,,,,
https://live.staticflickr.com/65535/51086569596_a32f266a5f_b.jpg,https://www.flickr.com/photos/95492938@N00/51086569596,-33.856802,151.208213,,,,,,,,,,,,,,,
https://live.staticflickr.com/65535/50965789767_46d756a0fa_b.jpg,https://www.flickr.com/photos/78109796@N08/50965789767,-23.072407,134.942944,,,,,,,,,,,,,,,
https://live.staticflickr.com/65535/50655909871_3c74836cf3_b.jpg,https://www.flickr.com/photos/33554580@N00/50655909871,-37.817157,144.965661,,,,,,,,,,,,,,,
https://live.staticflickr.com/65535/50595909921_576aa26e3f_b.jpg,https://www.flickr.com/photos/161335281@N07/50595909921,-36.808451,174.784895,,,,,,,,,,,,,,,
https://live.staticflickr.com/65535/50542232408_12a1ed0894_b.jpg,https://www.flickr.com/photos/48627921@N05/50542232408,-43.523202,172.621454,,,,,,,,,,,,,,,
https://live.staticflickr.com/65535/50396686236_5d285fecd9_b.jpg,https://www.flickr.com/photos/71081860@N08/50396686236,-33.88175,151.204513,,,,,,,,,,,,,,,
https://live.staticflickr.com/65535/50339229508_3b433a95a7_b.jpg,https://www.flickr.com/photos/48627921@N05/50339229508,-43.523202,172.621454,,,,,,,,,,,,,,,
https://live.staticflickr.com/65535/50234925003_041271012d_b.jpg,https://www.flickr.com/photos/52384688@N06/50234925003,-35.608491,142.579384,,,,,,,,,,,,,,,
https://live.staticflickr.com/65535/50090937426_3483611659_b.jpg,https://www.flickr.com/photos/46019178@N05/50090937426,-13.239047,131.106204,,,,,,,,,,,,,,,
https://live.staticflickr.com/65535/50050208021_2b6c46e8dd_b.jpg,https://www.flickr.com/photos/46019178@N05/50050208021,-12.37917,130.8419,,,,,,,,,,,,,,,
https://live.staticflickr.com/65535/50037923037_d67d7490e0_b.jpg,https://www.flickr.com/photos/46019178@N05/50037923037,-12.379233,130.842361,,,,,,,,,,,,,,,
https://live.staticflickr.com/65535/50033969268_697979de3c_b.jpg,https://www.flickr.com/photos/46019178@N05/50033969268,-12.379233,130.842361,,,,,,,,,,,,,,,
https://live.staticflickr.com/65535/50034631062_385de16859_b.jpg,https://www.flickr.com/photos/46019178@N05/50034631062,-12.379233,130.842361,,,,,,,,,,,,,,,
https://live.staticflickr.com/65535/50008933557_7e0d504446_b.jpg,https://www.flickr.com/photos/46019178@N05/50008933557,-12.379233,130.842361,,,,,,,,,,,,,,,
https://live.staticflickr.com/65535/50001982198_5cb53af0c2_b.jpg,https://www.flickr.com/photos/46019178@N05/50001982198,-12.379233,130.842361,,,,,,,,,,,,,,,
https://live.staticflickr.com/65535/50002393481_2207626d5d_b.jpg,https://www.flickr.com/photos/46019178@N05/50002393481,-12.378736,130.841889,,,,,,,,,,,,,,,
https://live.staticflickr.com/65535/49962512646_0a11aab367_b.jpg,https://www.flickr.com/photos/135625678@N06/49962512646,-32.054471,115.746427,,,,,,,,,,,,,,,
https://live.staticflickr.com/65535/49957288418_bb9d82e1b0_b.jpg,https://www.flickr.com/photos/46019178@N05/49957288418,-12.46282,130.841964,,,,,,,,,,,,,,,
https://live.staticflickr.com/65535/49952572313_5cf046271e_b.jpg,https://www.flickr.com/photos/46019178@N05/49952572313,-12.563061,131.303079,,,,,,,,,,,,,,,
https://live.staticflickr.com/65535/49938367822_0e848200a9_b.jpg,https://www.flickr.com/photos/30604088@N03/49938367822,-33.900671,151.172443,,,,,,,,,,,,,,,
https://live.staticflickr.com/65535/48669000511_d4ec8b878b_b.jpg,https://www.flickr.com/photos/127449591@N07/48669000511,-28.006156,153.431899,,,,,,,,,,,,,,,
https://live.staticflickr.com/65535/48668653453_ce1dd9d0b2_b.jpg,https://www.flickr.com/photos/127449591@N07/48668653453,-28.006167,153.431911,,,,,,,,,,,,,,,
https://live.staticflickr.com/65535/48669151012_061be20c66_b.jpg,https://www.flickr.com/photos/127449591@N07/48669151012,-28.006128,153.432163,,,,,,,,,,,,,,,
https://live.staticflickr.com/65535/48668648433_cdaac0b35b_b.jpg,https://www.flickr.com/photos/127449591@N07/48668648433,-28.006128,153.432163,,,,,,,,,,,,,,,
https://live.staticflickr.com/65535/48668992201_929c8feb89_b.jpg,https://www.flickr.com/photos/127449591@N07/48668992201,-28.006142,153.432163,,,,,,,,,,,,,,,
https://live.staticflickr.com/65535/48668644278_415f5c62e9_b.jpg,https://www.flickr.com/photos/127449591@N07/48668644278,-28.006142,153.432169,,,,,,,,,,,,,,,
https://live.staticflickr.com/65535/48668643173_07ac0d2233_b.jpg,https://www.flickr.com/photos/127449591@N07/48668643173,-28.006142,153.432166,,,,,,,,,,,,,,,
https://live.staticflickr.com/65535/48669143082_7d54d30ef3_b.jpg,https://www.flickr.com/photos/127449591@N07/48669143082,-28.006153,153.432163,,,,,,,,,,,,,,,
https://live.staticflickr.com/65535/48669139607_8ed24086db_b.jpg,https://www.flickr.com/photos/127449591@N07/48669139607,-28.006139,153.431183,,,,,,,,,,,,,,,
https://live.staticflickr.com/65535/48669136082_6fa892cb7b_b.jpg,https://www.flickr.com/photos/127449591@N07/48669136082,-28.006875,153.431027,,,,,,,,,,,,,,,
https://live.staticflickr.com/65535/48668633348_500a3d4ddd_b.jpg,https://www.flickr.com/photos/127449591@N07/48668633348,-28.006895,153.431019,,,,,,,,,,,,,,,
https://live.staticflickr.com/65535/48668632273_f9631202b0_b.jpg,https://www.flickr.com/photos/127449591@N07/48668632273,-28.006881,153.430566,,,,,,,,,,,,,,,
https://live.staticflickr.com/65535/48668630028_c4be06fa32_b.jpg,https://www.flickr.com/photos/127449591@N07/48668630028,-28.006881,153.430494,,,,,,,,,,,,,,,
https://live.staticflickr.com/65535/48668628518_3fcbc9cb43_b.jpg,https://www.flickr.com/photos/127449591@N07/48668628518,-28.00687,153.430458,,,,,,,,,,,,,,,
https://live.staticflickr.com/65535/48668627013_b7d662f897_b.jpg,https://www.flickr.com/photos/127449591@N07/48668627013,-28.006839,153.430416,,,,,,,,,,,,,,,
https://live.staticflickr.com/65535/48668972226_aa7f3fa4b2_b.jpg,https://www.flickr.com/photos/127449591@N07/48668972226,-28.006817,153.430319,,,,,,,,,,,,,,,
https://live.staticflickr.com/65535/48668967606_ecd0a07962_b.jpg,https://www.flickr.com/photos/127449591@N07/48668967606,-28.00677,153.430097,,,,,,,,,,,,,,,
https://live.staticflickr.com/65535/48669122377_32ecd1a5f4_b.jpg,https://www.flickr.com/photos/127449591@N07/48669122377,-28.006773,153.430097,,,,,,,,,,,,,,,
https://live.staticflickr.com/65535/48668964251_9cd0f2aeb7_b.jpg,https://www.flickr.com/photos/127449591@N07/48668964251,-28.006792,153.430102,,,,,,,,,,,,,,,
https://live.staticflickr.com/65535/48668616728_0e11706d01_b.jpg,https://www.flickr.com/photos/127449591@N07/48668616728,-28.006778,153.430094,,,,,,,,,,,,,,,
https://live.staticflickr.com/65535/48668616058_ebf89ebdbd_b.jpg,https://www.flickr.com/photos/127449591@N07/48668616058,-28.006773,153.430091,,,,,,,,,,,,,,,
https://live.staticflickr.com/65535/48669117552_5e4b34d8b1_b.jpg,https://www.flickr.com/photos/127449591@N07/48669117552,-28.006787,153.430094,,,,,,,,,,,,,,,
https://live.staticflickr.com/65535/48668534931_621f304cb9_b.jpg,https://www.flickr.com/photos/127449591@N07/48668534931,-28.00621,153.429747,,,,,,,,,,,,,,,
https://live.staticflickr.com/65535/48668188668_de43ee3b33_b.jpg,https://www.flickr.com/photos/127449591@N07/48668188668,-28.00621,153.429747,,,,,,,,,,,,,,,
https://live.staticflickr.com/65535/48668686557_d9958e9d40_b.jpg,https://www.flickr.com/photos/127449591@N07/48668686557,-28.00621,153.429747,,,,,,,,,,,,,,,
https://live.staticflickr.com/65535/48668685012_9ac1c97812_b.jpg,https://www.flickr.com/photos/127449591@N07/48668685012,-28.00621,153.429747,,,,,,,,,,,,,,,
https://live.staticflickr.com/65535/48668529351_32985697d8_b.jpg,https://www.flickr.com/photos/127449591@N07/48668529351,-28.00621,153.429747,,,,,,,,,,,,,,,
https://live.staticflickr.com/65535/48668522011_14d02d6575_b.jpg,https://www.flickr.com/photos/127449591@N07/48668522011,-28.00621,153.429747,,,,,,,,,,,,,,,
https://live.staticflickr.com/65535/48668520401_fab8403284_b.jpg,https://www.flickr.com/photos/127449591@N07/48668520401,-28.00621,153.429747,,,,,,,,,,,,,,,
https://live.staticflickr.com/65535/48668669527_246c3b7c53_b.jpg,https://www.flickr.com/photos/127449591@N07/48668669527,-28.00621,153.429747,,,,,,,,,,,,,,,
https://live.staticflickr.com/65535/48668668232_f57abd71c1_b.jpg,https://www.flickr.com/photos/127449591@N07/48668668232,-28.00621,153.429747,,,,,,,,,,,,,,,
https://live.staticflickr.com/65535/48668666897_bc2e09e76d_b.jpg,https://www.flickr.com/photos/127449591@N07/48668666897,-28.00621,153.429747,,,,,,,,,,,,,,,
https://live.staticflickr.com/65535/48668665007_34a4fc869e_b.jpg,https://www.flickr.com/photos/127449591@N07/48668665007,-28.00621,153.429747,,,,,,,,,,,,,,,
https://live.staticflickr.com/65535/48668161878_77788c5352_b.jpg,https://www.flickr.com/photos/127449591@N07/48668161878,-28.00621,153.429747,,,,,,,,,,,,,,,
https://live.staticflickr.com/65535/48668659767_f555a97c0f_b.jpg,https://www.flickr.com/photos/127449591@N07/48668659767,-28.00621,153.429747,,,,,,,,,,,,,,,
https://live.staticflickr.com/65535/48668159278_56b810537f_b.jpg,https://www.flickr.com/photos/127449591@N07/48668159278,-28.00621,153.429747,,,,,,,,,,,,,,,
https://live.staticflickr.com/65535/48668502531_8604125a42_b.jpg,https://www.flickr.com/photos/127449591@N07/48668502531,-28.00621,153.429747,,,,,,,,,,,,,,,
https://live.staticflickr.com/65535/48668656082_be1e4c45ef_b.jpg,https://www.flickr.com/photos/127449591@N07/48668656082,-28.00621,153.429747,,,,,,,,,,,,,,,
https://live.staticflickr.com/65535/48668155398_0e1628e712_b.jpg,https://www.flickr.com/photos/127449591@N07/48668155398,-28.00621,153.429747,,,,,,,,,,,,,,,
https://live.staticflickr.com/65535/48668653647_64f4730d65_b.jpg,https://www.flickr.com/photos/127449591@N07/48668653647,-28.00621,153.429747,,,,,,,,,,,,,,,
https://live.staticflickr.com/65535/48668652067_545d55083a_b.jpg,https://www.flickr.com/photos/127449591@N07/48668652067,-28.00621,153.429747,,,,,,,,,,,,,,,
https://live.staticflickr.com/65535/48668650127_6cbb9cf802_b.jpg,https://www.flickr.com/photos/127449591@N07/48668650127,-28.00621,153.429747,,,,,,,,,,,,,,,
https://live.staticflickr.com/65535/48668648837_41c2b68a9a_b.jpg,https://www.flickr.com/photos/127449591@N07/48668648837,-28.00621,153.429747,,,,,,,,,,,,,,,
https://live.staticflickr.com/65535/48668147873_21ba575ebe_b.jpg,https://www.flickr.com/photos/127449591@N07/48668147873,-28.00621,153.429747,,,,,,,,,,,,,,,
https://live.staticflickr.com/65535/48668491491_5491c4d85c_b.jpg,https://www.flickr.com/photos/127449591@N07/48668491491,-28.00621,153.429747,,,,,,,,,,,,,,,
https://live.staticflickr.com/65535/48668144898_86897e0076_b.jpg,https://www.flickr.com/photos/127449591@N07/48668144898,-28.00621,153.429747,,,,,,,,,,,,,,,
https://live.staticflickr.com/65535/48668143568_3a6c470a6a_b.jpg,https://www.flickr.com/photos/127449591@N07/48668143568,-28.00621,153.429747,,,,,,,,,,,,,,,
https://live.staticflickr.com/65535/48668641292_550d0e088c_b.jpg,https://www.flickr.com/photos/127449591@N07/48668641292,-28.00621,153.429747,,,,,,,,,,,,,,,
https://live.staticflickr.com/65535/48668483121_839c71a9b2_b.jpg,https://www.flickr.com/photos/127449591@N07/48668483121,-28.00621,153.429747,,,,,,,,,,,,,,,
https://live.staticflickr.com/65535/48668481716_c0e03382f8_b.jpg,https://www.flickr.com/photos/127449591@N07/48668481716,-28.00621,153.429747,,,,,,,,,,,,,,,
https://live.staticflickr.com/65535/48668634902_54c3c33c19_b.jpg,https://www.flickr.com/photos/127449591@N07/48668634902,-28.00621,153.429747,,,,,,,,,,,,,,,
https://live.staticflickr.com/65535/48668633102_87cdc70778_b.jpg,https://www.flickr.com/photos/127449591@N07/48668633102,-28.00621,153.429747,,,,,,,,,,,,,,,
https://live.staticflickr.com/65535/48668473291_9b1101bfd7_b.jpg,https://www.flickr.com/photos/127449591@N07/48668473291,-28.00621,153.429747,,,,,,,,,,,,,,,
https://live.staticflickr.com/65535/48668624687_75d5720f52_b.jpg,https://www.flickr.com/photos/127449591@N07/48668624687,-28.00621,153.429747,,,,,,,,,,,,,,,
https://live.staticflickr.com/65535/48668622522_db8c2b1913_b.jpg,https://www.flickr.com/photos/127449591@N07/48668622522,-28.00621,153.429747,,,,,,,,,,,,,,,
https://live.staticflickr.com/65535/48668620652_605876ca43_b.jpg,https://www.flickr.com/photos/127449591@N07/48668620652,-28.00621,153.429747,,,,,,,,,,,,,,,
https://live.staticflickr.com/65535/48668460791_52df8e25c8_b.jpg,https://www.flickr.com/photos/127449591@N07/48668460791,-28.00621,153.429747,,,,,,,,,,,,,,,
https://live.staticflickr.com/65535/48668454026_58a99a541c_b.jpg,https://www.flickr.com/photos/127449591@N07/48668454026,-28.00621,153.429747,,,,,,,,,,,,,,,
https://live.staticflickr.com/65535/48668606307_f235e5ecf3_b.jpg,https://www.flickr.com/photos/127449591@N07/48668606307,-28.00621,153.429747,,,,,,,,,,,,,,,
https://live.staticflickr.com/65535/48668449291_f505bc0eed_b.jpg,https://www.flickr.com/photos/127449591@N07/48668449291,-28.00621,153.429747,,,,,,,,,,,,,,,
https://live.staticflickr.com/65535/48668102178_d712d13395_b.jpg,https://www.flickr.com/photos/127449591@N07/48668102178,-28.00621,153.429747,,,,,,,,,,,,,,,
https://live.staticflickr.com/65535/48668600552_9b770da971_b.jpg,https://www.flickr.com/photos/127449591@N07/48668600552,-28.00621,153.429747,,,,,,,,,,,,,,,
https://live.staticflickr.com/65535/48668599307_5b81a9c1fd_b.jpg,https://www.flickr.com/photos/127449591@N07/48668599307,-28.00621,153.429747,,,,,,,,,,,,,,,
https://live.staticflickr.com/65535/48668442861_98e79cdda0_b.jpg,https://www.flickr.com/photos/127449591@N07/48668442861,-28.00621,153.429747,,,,,,,,,,,,,,,
https://live.staticflickr.com/65535/48668093593_f83aa6dcbf_b.jpg,https://www.flickr.com/photos/127449591@N07/48668093593,-28.00621,153.429747,,,,,,,,,,,,,,,
https://live.staticflickr.com/65535/48668437876_877dd76067_b.jpg,https://www.flickr.com/photos/127449591@N07/48668437876,-28.00621,153.429747,,,,,,,,,,,,,,,
https://live.staticflickr.com/65535/48668436606_2493e668a8_b.jpg,https://www.flickr.com/photos/127449591@N07/48668436606,-28.00621,153.429747,,,,,,,,,,,,,,,
https://live.staticflickr.com/65535/48668588862_3a2d759c15_b.jpg,https://www.flickr.com/photos/127449591@N07/48668588862,-28.00621,153.429747,,,,,,,,,,,,,,,
https://live.staticflickr.com/65535/48668088673_d535f741e0_b.jpg,https://www.flickr.com/photos/127449591@N07/48668088673,-28.00621,153.429747,,,,,,,,,,,,,,,
https://live.staticflickr.com/65535/48668586377_ea787e823e_b.jpg,https://www.flickr.com/photos/127449591@N07/48668586377,-28.00621,153.429747,,,,,,,,,,,,,,,
https://live.staticflickr.com/65535/48668086253_33445c063b_b.jpg,https://www.flickr.com/photos/127449591@N07/48668086253,-28.00621,153.429747,,,,,,,,,,,,,,,
https://live.staticflickr.com/65535/48668430441_ae8e6d3cd9_b.jpg,https://www.flickr.com/photos/127449591@N07/48668430441,-28.00621,153.429747,,,,,,,,,,,,,,,
https://live.staticflickr.com/65535/48668582917_be91491362_b.jpg,https://www.flickr.com/photos/127449591@N07/48668582917,-28.00621,153.429747,,,,,,,,,,,,,,,
https://live.staticflickr.com/65535/48668428146_51d942b96f_b.jpg,https://www.flickr.com/photos/127449591@N07/48668428146,-28.00621,153.429747,,,,,,,,,,,,,,,
https://live.staticflickr.com/65535/48668081793_0e9ec5e031_b.jpg,https://www.flickr.com/photos/127449591@N07/48668081793,-28.00621,153.429747,,,,,,,,,,,,,,,
https://live.staticflickr.com/65535/48668579747_098b9f37dd_b.jpg,https://www.flickr.com/photos/127449591@N07/48668579747,-28.00621,153.429747,,,,,,,,,,,,,,,
https://live.staticflickr.com/65535/48668578332_28af1141ed_b.jpg,https://www.flickr.com/photos/127449591@N07/48668578332,-28.00621,153.429747,,,,,,,,,,,,,,,
https://live.staticflickr.com/65535/48668076623_5d6e6a4f34_b.jpg,https://www.flickr.com/photos/127449591@N07/48668076623,-28.00621,153.429747,,,,,,,,,,,,,,,
https://live.staticflickr.com/65535/48668075518_2df36741a0_b.jpg,https://www.flickr.com/photos/127449591@N07/48668075518,-28.00621,153.429747,,,,,,,,,,,,,,,
https://live.staticflickr.com/65535/48668419811_dba37e6693_b.jpg,https://www.flickr.com/photos/127449591@N07/48668419811,-28.00621,153.429747,,,,,,,,,,,,,,,
https://live.staticflickr.com/65535/48668418496_593ec2c1eb_b.jpg,https://www.flickr.com/photos/127449591@N07/48668418496,-28.00621,153.429747,,,,,,,,,,,,,,,
https://live.staticflickr.com/65535/48668071978_06e81cb115_b.jpg,https://www.flickr.com/photos/127449591@N07/48668071978,-28.00621,153.429747,,,,,,,,,,,,,,,
https://live.staticflickr.com/65535/51343788320_c326542063_b.jpg,https://www.flickr.com/photos/35672950@N06/51343788320,-32.055325,115.744036,,,,,,,,,,,,,,,
https://live.staticflickr.com/65535/51324170500_60a9670196_b.jpg,https://www.flickr.com/photos/143455489@N03/51324170500,-33.84317,151.241877,,,,,,,,,,,,,,,
https://live.staticflickr.com/65535/51306170925_6f89c2177b_b.jpg,https://www.flickr.com/photos/97867688@N00/51306170925,-37.805833,144.96549,,,,,,,,,,,,,,,
https://live.staticflickr.com/65535/51273553401_c132127962_b.jpg,https://www.flickr.com/photos/32512570@N06/51273553401,-27.457206,153.050622,,,,,,,,,,,,,,,
https://live.staticflickr.com/65535/51271991614_383f6b1021_b.jpg,https://www.flickr.com/photos/143455489@N03/51271991614,-33.848826,151.077497,,,,,,,,,,,,,,,
https://live.staticflickr.com/65535/51270150884_514337dc7b_b.jpg,https://www.flickr.com/photos/48762421@N00/51270150884,-33.866674,151.195199,,,,,,,,,,,,,,,
https://live.staticflickr.com/65535/51265819020_448b861185_b.jpg,https://www.flickr.com/photos/95492938@N00/51265819020,-33.872891,151.224886,,,,,,,,,,,,,,,
https://live.staticflickr.com/65535/51210451394_c88a1ba3d5_b.jpg,https://www.flickr.com/photos/143455489@N03/51210451394,-34.402214,150.856925,,,,,,,,,,,,,,,
https://live.staticflickr.com/65535/51170955743_2717e0359c_b.jpg,https://www.flickr.com/photos/38074751@N06/51170955743,-37.819887,144.939826,,,,,,,,,,,,,,,
https://live.staticflickr.com/65535/51108342166_52753434b6_b.jpg,https://www.flickr.com/photos/58343451@N03/51108342166,-31.958843,115.855035,,,,,,,,,,,,,,,
https://live.staticflickr.com/65535/51106908490_48d0870310_b.jpg,https://www.flickr.com/photos/19109134@N00/51106908490,-37.816462,144.970616,,,,,,,,,,,,,,,
https://live.staticflickr.com/65535/50990952227_a295123d42_b.jpg,https://www.flickr.com/photos/64453831@N08/50990952227,-37.815344,144.966466,,,,,,,,,,,,,,,
https://live.staticflickr.com/65535/50984059318_eee3ed95c7_b.jpg,https://www.flickr.com/photos/32512570@N06/50984059318,-27.479082,153.012825,,,,,,,,,,,,,,,
https://live.staticflickr.com/65535/50958715801_605de65687_b.jpg,https://www.flickr.com/photos/32512570@N06/50958715801,-27.455169,153.048691,,,,,,,,,,,,,,,
https://live.staticflickr.com/65535/50937195883_52aedc08fc_b.jpg,https://www.flickr.com/photos/32512570@N06/50937195883,-27.451789,153.04381,,,,,,,,,,,,,,,
https://live.staticflickr.com/65535/50912776892_094e0060a6_b.jpg,https://www.flickr.com/photos/68686051@N00/50912776892,-34.927348,138.597166,,,,,,,,,,,,,,,
https://live.staticflickr.com/65535/50886818198_de262d0667_b.jpg,https://www.flickr.com/photos/126148542@N04/50886818198,-31.974844,115.863586,,,,,,,,,,,,,,,
https://live.staticflickr.com/65535/50786436676_3e542115d9_b.jpg,https://www.flickr.com/photos/71081860@N08/50786436676,-33.886742,151.19872,,,,,,,,,,,,,,,
https://live.staticflickr.com/65535/50772683526_fa183183e7_b.jpg,https://www.flickr.com/photos/78159297@N08/50772683526,-37.821892,144.958009,,,,,,,,,,,,,,,
https://live.staticflickr.com/65535/50722440517_58f42df0d4_b.jpg,https://www.flickr.com/photos/33554580@N00/50722440517,-37.806164,144.96284,,,,,,,,,,,,,,,
https://live.staticflickr.com/65535/50377241762_1b014d26e4_b.jpg,https://www.flickr.com/photos/157274853@N08/50377241762,-33.856624,151.215348,,,,,,,,,,,,,,,
https://live.staticflickr.com/65535/50269710907_e2fcfbab5c_b.jpg,https://www.flickr.com/photos/34655572@N06/50269710907,-27.462366,153.036149,,,,,,,,,,,,,,,
https://live.staticflickr.com/65535/50010311941_a5cb598562_b.jpg,https://www.flickr.com/photos/97233440@N03/50010311941,-27.468087,153.015519,,,,,,,,,,,,,,,
https://live.staticflickr.com/65535/49990550968_04d696e367_b.jpg,https://www.flickr.com/photos/155496438@N08/49990550968,-30.091212,145.936505,,,,,,,,,,,,,,,
https://live.staticflickr.com/65535/49915500941_e10b8b9654_b.jpg,https://www.flickr.com/photos/55068891@N04/49915500941,-37.818295,144.968352,,,,,,,,,,,,,,,
https://live.staticflickr.com/65535/49914784638_9fc8b27fdb_b.jpg,https://www.flickr.com/photos/52384688@N06/49914784638,-37.808768,144.962333,,,,,,,,,,,,,,,
https://live.staticflickr.com/65535/49787199188_ed0c846df1_b.jpg,https://www.flickr.com/photos/64453831@N08/49787199188,-27.480652,153.025646,,,,,,,,,,,,,,,
https://live.staticflickr.com/65535/49786903641_fb6cf36abf_b.jpg,https://www.flickr.com/photos/155496438@N08/49786903641,-32.591364,149.588694,,,,,,,,,,,,,,,
https://live.staticflickr.com/65535/49785957298_13c7bc2577_b.jpg,https://www.flickr.com/photos/155496438@N08/49785957298,-32.590448,149.588569,,,,,,,,,,,,,,,
https://live.staticflickr.com/65535/49752859201_5ca1cb10a7_b.jpg,https://www.flickr.com/photos/8089996@N06/49752859201,-33.856731,151.214962,,,,,,,,,,,,,,,
https://live.staticflickr.com/65535/49732221708_3eba1b3001_b.jpg,https://www.flickr.com/photos/19109134@N00/49732221708,-37.791667,144.981894,,,,,,,,,,,,,,,
https://live.staticflickr.com/65535/49590006361_3949ab9daf_b.jpg,https://www.flickr.com/photos/34655572@N06/49590006361,-27.467707,153.0285,,,,,,,,,,,,,,,
https://live.staticflickr.com/65535/49536210806_95527b41ba_b.jpg,https://www.flickr.com/photos/155496438@N08/49536210806,-31.078764,152.831713,,,,,,,,,,,,,,,
https://live.staticflickr.com/65535/49521035993_3603817bde_b.jpg,https://www.flickr.com/photos/145731106@N08/49521035993,-42.71737,170.966536,,,,,,,,,,,,,,,
https://live.staticflickr.com/65535/49519798948_1ccb1d7499_b.jpg,https://www.flickr.com/photos/33554580@N00/49519798948,-37.817454,144.968386,,,,,,,,,,,,,,,
https://live.staticflickr.com/65535/49416578212_dc283c7947_b.jpg,https://www.flickr.com/photos/97867688@N00/49416578212,-37.822022,144.964578,,,,,,,,,,,,,,,
https://live.staticflickr.com/65535/49338458482_1b139aa0cd_b.jpg,https://www.flickr.com/photos/29204155@N08/49338458482,-43.528866,172.63814,,,,,,,,,,,,,,,
https://live.staticflickr.com/65535/49338457547_4feae3d5c9_b.jpg,https://www.flickr.com/photos/29204155@N08/49338457547,-43.531993,172.634149,,,,,,,,,,,,,,,
https://live.staticflickr.com/65535/49277116301_8a8d5c7257_b.jpg,https://www.flickr.com/photos/135625678@N06/49277116301,-37.813725,144.972549,,,,,,,,,,,,,,,
https://live.staticflickr.com/65535/49252303656_833e618d93_b.jpg,https://www.flickr.com/photos/126148542@N04/49252303656,-31.952484,115.878669,,,,,,,,,,,,,,,
https://live.staticflickr.com/65535/49245907406_cdf3d045aa_b.jpg,https://www.flickr.com/photos/90478506@N00/49245907406,-33.88378,151.20434,,,,,,,,,,,,,,,
https://live.staticflickr.com/65535/49145875286_96b63ac8d3_b.jpg,https://www.flickr.com/photos/29289211@N05/49145875286,-16.919948,145.774229,,,,,,,,,,,,,,,
https://live.staticflickr.com/65535/48993819372_5c0f6174d5_b.jpg,https://www.flickr.com/photos/80112988@N06/48993819372,-33.88611,151.199609,,,,,,,,,,,,,,,
https://live.staticflickr.com/65535/48867496527_da3a610a36_b.jpg,https://www.flickr.com/photos/87974483@N02/48867496527,-31.957605,141.466698,,,,,,,,,,,,,,,
https://live.staticflickr.com/65535/48802623692_4bbd143f69_b.jpg,https://www.flickr.com/photos/40262251@N03/48802623692,-37.750595,144.98492,,,,,,,,,,,,,,,
https://live.staticflickr.com/65535/48715423493_46a28a547d_b.jpg,https://www.flickr.com/photos/40262251@N03/48715423493,-37.819903,144.967002,,,,,,,,,,,,,,,
https://live.staticflickr.com/65535/48673558442_516936e08a_b.jpg,https://www.flickr.com/photos/87974483@N02/48673558442,-33.871137,151.19771,,,,,,,,,,,,,,,
https://live.staticflickr.com/65535/48673048778_e3b94b18ae_b.jpg,https://www.flickr.com/photos/87974483@N02/48673048778,-33.870727,151.201518,,,,,,,,,,,,,,,
https://live.staticflickr.com/65535/48541342556_8358a78495_b.jpg,https://www.flickr.com/photos/67248583@N06/48541342556,-33.823037,151.194308,,,,,,,,,,,,,,,
https://live.staticflickr.com/65535/48443741312_cc8ba81718_b.jpg,https://www.flickr.com/photos/114446925@N06/48443741312,-42.079113,145.554921,,,,,,,,,,,,,,,
https://live.staticflickr.com/65535/48419462187_267a04af0e_b.jpg,https://www.flickr.com/photos/155496438@N08/48419462187,-33.033689,149.415344,,,,,,,,,,,,,,,
https://live.staticflickr.com/65535/48229245597_33f1ac6fa2_b.jpg,https://www.flickr.com/photos/67248583@N06/48229245597,-33.871769,151.206614,,,,,,,,,,,,,,,
https://live.staticflickr.com/65535/48006871176_89bca268e5_b.jpg,https://www.flickr.com/photos/19109134@N00/48006871176,-37.790591,144.985435,,,,,,,,,,,,,,,
https://live.staticflickr.com/65535/47998802297_8b3a50c4e4_b.jpg,https://www.flickr.com/photos/12547928@N07/47998802297,-36.843612,174.768888,,,,,,,,,,,,,,,
https://live.staticflickr.com/65535/47927100533_68a8ce2649_b.jpg,https://www.flickr.com/photos/96817159@N06/47927100533,-36.844723,174.768611,,,,,,,,,,,,,,,
https://live.staticflickr.com/65535/33969083418_c973c95e62_b.jpg,https://www.flickr.com/photos/155496438@N08/33969083418,-31.958019,141.462997,,,,,,,,,,,,,,,
https://live.staticflickr.com/65535/47770589552_d5911a4355_b.jpg,https://www.flickr.com/photos/162720065@N03/47770589552,-37.864368,144.969964,,,,,,,,,,,,,,,
https://live.staticflickr.com/65535/40764889723_d6955b217f_b.jpg,https://www.flickr.com/photos/19109134@N00/40764889723,-37.815013,144.966262,,,,,,,,,,,,,,,
https://live.staticflickr.com/65535/40764887773_fc950f9909_b.jpg,https://www.flickr.com/photos/19109134@N00/40764887773,-37.817607,144.967249,,,,,,,,,,,,,,,
https://live.staticflickr.com/65535/32774271167_f073654905_b.jpg,https://www.flickr.com/photos/19109134@N00/32774271167,-37.807096,144.963784,,,,,,,,,,,,,,,
https://live.staticflickr.com/65535/47693437501_3d90f617d9_b.jpg,https://www.flickr.com/photos/135625678@N06/47693437501,-37.820683,144.962292,,,,,,,,,,,,,,,
https://live.staticflickr.com/65535/33757186118_473d393df1_b.jpg,https://www.flickr.com/photos/155496438@N08/33757186118,-33.988486,151.23157,,,,,,,,,,,,,,,
https://live.staticflickr.com/65535/40657780513_ddaf30e1df_b.jpg,https://www.flickr.com/photos/83227046@N07/40657780513,-27.481043,153.023318,,,,,,,,,,,,,,,
https://live.staticflickr.com/7825/33691798888_9cb832fc39_b.jpg,https://www.flickr.com/photos/137349496@N06/33691798888,-37.818903,144.973526,,,,,,,,,,,,,,,
https://live.staticflickr.com/7863/47406927322_205449d18f_b.jpg,https://www.flickr.com/photos/137349496@N06/47406927322,-37.818251,144.976347,,,,,,,,,,,,,,,
https://live.staticflickr.com/7854/33577837288_7146690cb2_b.jpg,https://www.flickr.com/photos/155496438@N08/33577837288,-34.450838,150.447324,,,,,,,,,,,,,,,
https://live.staticflickr.com/65535/40414014893_d5bc8d7989_b.jpg,https://www.flickr.com/photos/39137917@N02/40414014893,-33.858414,151.21573,,,,,,,,,,,,,,,
https://live.staticflickr.com/7885/33139693268_f05b18c0e3_b.jpg,https://www.flickr.com/photos/155496438@N08/33139693268,-27.321,153.068883,,,,,,,,,,,,,,,
https://live.staticflickr.com/7910/39991891693_0cf8af5cf8_b.jpg,https://www.flickr.com/photos/135625678@N06/39991891693,-34.923352,138.603665,,,,,,,,,,,,,,,
https://live.staticflickr.com/7857/39883328823_ed326706f0_b.jpg,https://www.flickr.com/photos/47141105@N00/39883328823,-37.799622,144.978348,,,,,,,,,,,,,,,
https://live.staticflickr.com/7916/46835892921_f86dec84c6_b.jpg,https://www.flickr.com/photos/135625678@N06/46835892921,-34.91393,138.597936,,,,,,,,,,,,,,,
https://live.staticflickr.com/65535/45908505135_b6cd865e72_b.jpg,https://www.flickr.com/photos/88572252@N06/45908505135,-33.870789,151.202323,,,,,,,,,,,,,,,
https://live.staticflickr.com/4833/46699753881_4a879b5397_b.jpg,https://www.flickr.com/photos/155496438@N08/46699753881,-31.913058,152.461813,,,,,,,,,,,,,,,
https://live.staticflickr.com/7859/46503791271_8585b7b511_b.jpg,https://www.flickr.com/photos/76534421@N03/46503791271,-33.867639,151.208466,,,,,,,,,,,,,,,
https://live.staticflickr.com/4848/46308681231_ee2b04f8db_b.jpg,https://www.flickr.com/photos/15265989@N05/46308681231,-39.488691,176.920738,,,,,,,,,,,,,,,
https://live.staticflickr.com/65535/53953790694_9545ae3388_b.jpg,https://www.flickr.com/photos/81227438@N00/53953790694,-32.031653,147.983474,,,,,,,,,,,,,,,
https://live.staticflickr.com/65535/53948866388_8329576769_b.jpg,https://www.flickr.com/photos/81227438@N00/53948866388,-32.233167,148.240876,,,,,,,,,,,,,,,
https://live.staticflickr.com/65535/53943745530_6eb978c4e2_b.jpg,https://www.flickr.com/photos/48627921@N05/53943745530,-43.527398,172.635424,,,,,,,,,,,,,,,
https://live.staticflickr.com/65535/53921617597_2edf5e205e_b.jpg,https://www.flickr.com/photos/87974483@N02/53921617597,-34.371957,115.136813,,,,,,,,,,,,,,,
https://live.staticflickr.com/65535/53920313547_2a459ba9e4_b.jpg,https://www.flickr.com/photos/81227438@N00/53920313547,-32.396377,148.826842,,,,,,,,,,,,,,,
https://live.staticflickr.com/65535/53915239464_22d4cca42f_b.jpg,https://www.flickr.com/photos/81227438@N00/53915239464,-32.396576,148.827571,,,,,,,,,,,,,,,
https://live.staticflickr.com/65535/53912119612_834efc5aea_b.jpg,https://www.flickr.com/photos/81227438@N00/53912119612,-32.555756,148.942064,,,,,,,,,,,,,,,
https://live.staticflickr.com/65535/53909159604_f26131cffa_b.jpg,https://www.flickr.com/photos/81227438@N00/53909159604,-32.551705,148.941613,,,,,,,,,,,,,,,
https://live.staticflickr.com/65535/53862612476_ddac30a369_b.jpg,https://www.flickr.com/photos/66383090@N02/53862612476,-36.860311,174.777771,,,,,,,,,,,,,,,
https://live.staticflickr.com/65535/53850509347_136c34a4db_b.jpg,https://www.flickr.com/photos/33554580@N00/53850509347,-37.8169,144.963118,,,,,,,,,,,,,,,
https://live.staticflickr.com/65535/53836248256_f470774a44_b.jpg,https://www.flickr.com/photos/33554580@N00/53836248256,-37.774047,144.971187,,,,,,,,,,,,,,,
https://live.staticflickr.com/65535/53804119095_d0d711af10_b.jpg,https://www.flickr.com/photos/27090368@N04/53804119095,-38.267971,144.668161,,,,,,,,,,,,,,,
https://live.staticflickr.com/65535/53803839713_16169f52f2_b.jpg,https://www.flickr.com/photos/60779535@N03/53803839713,-33.858045,151.214316,,,,,,,,,,,,,,,
https://live.staticflickr.com/65535/53801864620_40a727212c_b.jpg,https://www.flickr.com/photos/33554580@N00/53801864620,-37.884685,145.083711,,,,,,,,,,,,,,,
https://live.staticflickr.com/65535/53796971159_6a7f8d67d4_b.jpg,https://www.flickr.com/photos/33554580@N00/53796971159,-37.813869,144.952733,,,,,,,,,,,,,,,
https://live.staticflickr.com/65535/53792230925_ca9de0fa67_b.jpg,https://www.flickr.com/photos/49342011@N00/53792230925,-42.8823,147.322089,,,,,,,,,,,,,,,
https://live.staticflickr.com/65535/53789980961_e6d099e24c_b.jpg,https://www.flickr.com/photos/97867688@N00/53789980961,-37.8025,144.9415,,,,,,,,,,,,,,,
https://live.staticflickr.com/65535/53763024699_7ca736bdde_b.jpg,https://www.flickr.com/photos/97867688@N00/53763024699,-37.339334,144.143,,,,,,,,,,,,,,,
https://live.staticflickr.com/65535/53758258562_31faa50b0a_b.jpg,https://www.flickr.com/photos/126148542@N04/53758258562,-31.949506,115.861663,,,,,,,,,,,,,,,
https://live.staticflickr.com/65535/53758594626_0cf28e0c6c_b.jpg,https://www.flickr.com/photos/61804295@N00/53758594626,-34.753362,149.718033,,,,,,,,,,,,,,,
https://live.staticflickr.com/65535/53757037258_0ed466c133_b.jpg,https://www.flickr.com/photos/126148542@N04/53757037258,-31.947856,115.872863,,,,,,,,,,,,,,,
https://live.staticflickr.com/65535/53754162356_bd7e0e411e_b.jpg,https://www.flickr.com/photos/121626365@N06/53754162356,-33.857693,151.215294,,,,,,,,,,,,,,,
https://live.staticflickr.com/65535/53754487644_f95c8278db_b.jpg,https://www.flickr.com/photos/121626365@N06/53754487644,-33.857693,151.215294,,,,,,,,,,,,,,,
https://live.staticflickr.com/65535/53752718045_bfc6ce6d0c_b.jpg,https://www.flickr.com/photos/61804295@N00/53752718045,-34.754662,149.718277,,,,,,,,,,,,,,,
https://live.staticflickr.com/65535/53720491299_f8ace7a149_b.jpg,https://www.flickr.com/photos/33554580@N00/53720491299,-37.817988,144.969556,,,,,,,,,,,,,,,
https://live.staticflickr.com/65535/53712465517_9cf5845c76_b.jpg,https://www.flickr.com/photos/126148542@N04/53712465517,-31.955739,115.863404,,,,,,,,,,,,,,,
https://live.staticflickr.com/65535/53698491931_cccfc21c1b_b.jpg,https://www.flickr.com/photos/168495655@N07/53698491931,-33.857267,151.215094,,,,,,,,,,,,,,,
https://live.staticflickr.com/65535/53694345357_59b27156c1_b.jpg,https://www.flickr.com/photos/33554580@N00/53694345357,-37.822624,144.968826,,,,,,,,,,,,,,,
https://live.staticflickr.com/65535/53695440420_5b221d8afd_b.jpg,https://www.flickr.com/photos/66383090@N02/53695440420,-36.847283,174.764617,,,,,,,,,,,,,,,
https://live.staticflickr.com/65535/53691260386_b85da5890b_b.jpg,https://www.flickr.com/photos/21913923@N03/53691260386,-36.848324,174.762139,,,,,,,,,,,,,,,
https://live.staticflickr.com/65535/53683955993_42f65391f9_b.jpg,https://www.flickr.com/photos/33554580@N00/53683955993,-37.822624,144.968826,,,,,,,,,,,,,,,
https://live.staticflickr.com/65535/53683665956_087be9f80b_b.jpg,https://www.flickr.com/photos/126148542@N04/53683665956,-31.949128,115.867819,,,,,,,,,,,,,,,
https://live.staticflickr.com/65535/53679739039_5a5d4cf34c_b.jpg,https://www.flickr.com/photos/126148542@N04/53679739039,-32.047834,115.753602,,,,,,,,,,,,,,,
https://live.staticflickr.com/65535/53674835232_fccb69c9d9_b.jpg,https://www.flickr.com/photos/126148542@N04/53674835232,-32.549942,115.732536,,,,,,,,,,,,,,,
https://live.staticflickr.com/65535/53670332677_6c57df18d0_b.jpg,https://www.flickr.com/photos/126148542@N04/53670332677,-31.955776,115.861376,,,,,,,,,,,,,,,
https://live.staticflickr.com/65535/53668908010_1c2ebde96d_b.jpg,https://www.flickr.com/photos/126148542@N04/53668908010,-31.953334,115.856155,,,,,,,,,,,,,,,
https://live.staticflickr.com/65535/53663739920_fb25c6cc90_b.jpg,https://www.flickr.com/photos/126148542@N04/53663739920,-31.948214,115.872566,,,,,,,,,,,,,,,
https://live.staticflickr.com/65535/53662246307_a1e9b9b1f7_b.jpg,https://www.flickr.com/photos/183221334@N02/53662246307,-42.87219,147.314364,,,,,,,,,,,,,,,
https://live.staticflickr.com/65535/53652369176_b41c7398da_b.jpg,https://www.flickr.com/photos/196463847@N04/53652369176,-27.384152,153.120231,,,,,,,,,,,,,,,
https://live.staticflickr.com/65535/53650876669_98e65ed8d2_b.jpg,https://www.flickr.com/photos/47273128@N08/53650876669,-34.921794,138.589713,,,,,,,,,,,,,,,
https://live.staticflickr.com/65535/53650205849_b8979b9dc3_b.jpg,https://www.flickr.com/photos/81227438@N00/53650205849,-32.549887,148.943722,,,,,,,,,,,,,,,
https://live.staticflickr.com/65535/53647371727_02f7c83ff3_b.jpg,https://www.flickr.com/photos/126148542@N04/53647371727,-31.973284,115.852044,,,,,,,,,,,,,,,
https://live.staticflickr.com/65535/53645263025_c3ccd0e75e_b.jpg,https://www.flickr.com/photos/126148542@N04/53645263025,-31.876776,115.78083,,,,,,,,,,,,,,,
https://live.staticflickr.com/65535/53644440573_c3c2eb09f0_b.jpg,https://www.flickr.com/photos/33554580@N00/53644440573,-33.186302,148.697526,,,,,,,,,,,,,,,
https://live.staticflickr.com/65535/53633343339_28764fc9c0_b.jpg,https://www.flickr.com/photos/33554580@N00/53633343339,-37.817497,144.96977,,,,,,,,,,,,,,,
https://live.staticflickr.com/65535/53625856532_ea1ec07486_b.jpg,https://www.flickr.com/photos/36320080@N04/53625856532,-30.949314,149.065708,,,,,,,,,,,,,,,
https://live.staticflickr.com/65535/53623992238_d39d1f87a8_b.jpg,https://www.flickr.com/photos/30618000@N04/53623992238,-39.8917,175.961491,,,,,,,,,,,,,,,
https://live.staticflickr.com/65535/53609513341_863996a31f_b.jpg,https://www.flickr.com/photos/33554580@N00/53609513341,-37.817497,144.96977,,,,,,,,,,,,,,,
https://live.staticflickr.com/65535/53601389963_4bb6954263_b.jpg,https://www.flickr.com/photos/26116471@N03/53601389963,-36.848288,174.762181,,,,,,,,,,,,,,,
https://live.staticflickr.com/65535/53593790812_e0d183fe72_b.jpg,https://www.flickr.com/photos/33554580@N00/53593790812,-37.825921,144.9677,,,,,,,,,,,,,,,
https://live.staticflickr.com/65535/53592761064_614a081eee_b.jpg,https://www.flickr.com/photos/33554580@N00/53592761064,-37.792201,144.936511,,,,,,,,,,,,,,,
https://live.staticflickr.com/65535/53591653143_5e6719d2de_b.jpg,https://www.flickr.com/photos/168495655@N07/53591653143,-38.135885,176.257166,,,,,,,,,,,,,,,
https://live.staticflickr.com/65535/53584526238_04c57a884d_b.jpg,https://www.flickr.com/photos/27686425@N06/53584526238,-36.820923,174.725583,,,,,,,,,,,,,,,
https://live.staticflickr.com/65535/53561045767_35d3a718ca_b.jpg,https://www.flickr.com/photos/143455489@N03/53561045767,-42.125759,148.077022,,,,,,,,,,,,,,,
https://live.staticflickr.com/65535/53544551535_5a59c1d52a_b.jpg,https://www.flickr.com/photos/35481157@N04/53544551535,-43.3151,147.01798,,,,,,,,,,,,,,,
https://live.staticflickr.com/65535/53532071615_0c5d815e42_b.jpg,https://www.flickr.com/photos/48627921@N05/53532071615,-43.680189,172.899996,,,,,,,,,,,,,,,
https://live.staticflickr.com/65535/53522319156_f19a86f063_b.jpg,https://www.flickr.com/photos/99117185@N00/53522319156,-36.843114,174.767005,,,,,,,,,,,,,,,
https://live.staticflickr.com/65535/53519927074_912b043b59_b.jpg,https://www.flickr.com/photos/46019178@N05/53519927074,-12.465523,130.844099,,,,,,,,,,,,,,,
https://live.staticflickr.com/65535/53509720913_f66c6f60a9_b.jpg,https://www.flickr.com/photos/137245032@N04/53509720913,-41.435505,147.13736,,,,,,,,,,,,,,,
https://live.staticflickr.com/65535/53484573203_d810eaf96a_b.jpg,https://www.flickr.com/photos/99117185@N00/53484573203,-41.276248,174.779938,,,,,,,,,,,,,,,
https://live.staticflickr.com/65535/53479436086_405be94db9_b.jpg,https://www.flickr.com/photos/48392005@N03/53479436086,-37.8197,144.967635,,,,,,,,,,,,,,,
https://live.staticflickr.com/65535/53474150216_457ee0388a_b.jpg,https://www.flickr.com/photos/69890860@N06/53474150216,-43.531617,172.628495,,,,,,,,,,,,,,,
https://live.staticflickr.com/65535/53464967688_3a25ed350d_b.jpg,https://www.flickr.com/photos/30618000@N04/53464967688,-40.159334,175.83385,,,,,,,,,,,,,,,
https://live.staticflickr.com/65535/53460544460_dab2bb67c4_b.jpg,https://www.flickr.com/photos/183221334@N02/53460544460,-41.433878,147.135053,,,,,,,,,,,,,,,
https://live.staticflickr.com/65535/53458964687_2ddc5fd95f_b.jpg,https://www.flickr.com/photos/48627921@N05/53458964687,-43.522956,172.607776,,,,,,,,,,,,,,,
https://live.staticflickr.com/65535/53454995894_e7d9df8e6a_b.jpg,https://www.flickr.com/photos/30618000@N04/53454995894,-40.084644,175.659046,,,,,,,,,,,,,,,
https://live.staticflickr.com/65535/53454473829_ef5b41a0de_b.jpg,https://www.flickr.com/photos/48627921@N05/53454473829,-43.523252,172.608602,,,,,,,,,,,,,,,
https://live.staticflickr.com/65535/53450239811_f4f6e202da_b.jpg,https://www.flickr.com/photos/127634807@N04/53450239811,-35.199754,149.034376,,,,,,,,,,,,,,,
https://live.staticflickr.com/65535/53432479723_c2c98f9c98_b.jpg,https://www.flickr.com/photos/60779535@N03/53432479723,-30.067095,138.276769,,,,,,,,,,,,,,,
https://live.staticflickr.com/65535/53407226331_788c97ce5e_b.jpg,https://www.flickr.com/photos/81227438@N00/53407226331,-32.555765,148.945658,,,,,,,,,,,,,,,
https://live.staticflickr.com/65535/53404373722_bc2dd8eb28_b.jpg,https://www.flickr.com/photos/81227438@N00/53404373722,-32.55544,148.943469,,,,,,,,,,,,,,,
https://live.staticflickr.com/65535/53354911374_bfbb1d4636_b.jpg,https://www.flickr.com/photos/27090368@N04/53354911374,-37.866824,144.890838,,,,,,,,,,,,,,,
https://live.staticflickr.com/65535/53350088169_b408c69033_b.jpg,https://www.flickr.com/photos/73241875@N02/53350088169,-42.153135,145.328532,,,,,,,,,,,,,,,
https://live.staticflickr.com/944/27946369528_33d42a15ae_b.jpg,https://www.flickr.com/photos/67248583@N06/27946369528,-33.850788,151.212569,,,,,,,,,,,,,,,
https://live.staticflickr.com/977/41726412242_785ac344cf_b.jpg,https://www.flickr.com/photos/127449591@N07/41726412242,-32.926049,151.791121,,,,,,,,,,,,,,,
https://live.staticflickr.com/969/40868253925_91ed51da5c_b.jpg,https://www.flickr.com/photos/127449591@N07/40868253925,-32.926049,151.791121,,,,,,,,,,,,,,,
https://live.staticflickr.com/830/40868250355_26bde121a7_b.jpg,https://www.flickr.com/photos/127449591@N07/40868250355,-32.926049,151.791121,,,,,,,,,,,,,,,
https://live.staticflickr.com/964/41049398254_61ae18f92d_b.jpg,https://www.flickr.com/photos/127449591@N07/41049398254,-32.926049,151.791121,,,,,,,,,,,,,,,
https://live.staticflickr.com/870/26888565677_aec7c297cd_b.jpg,https://www.flickr.com/photos/127449591@N07/26888565677,-32.926554,151.791347,,,,,,,,,,,,,,,
https://live.staticflickr.com/972/41756631141_c642d7e97e_b.jpg,https://www.flickr.com/photos/127449591@N07/41756631141,-32.926554,151.791347,,,,,,,,,,,,,,,
https://live.staticflickr.com/853/40725612645_fd77dd1795_b.jpg,https://www.flickr.com/photos/65803494@N06/40725612645,-33.866501,151.239488,,,,,,,,,,,,,,,
https://live.staticflickr.com/823/27641905108_2be1a54fdf_b.jpg,https://www.flickr.com/photos/135625678@N06/27641905108,-34.917273,138.598194,,,,,,,,,,,,,,,
https://live.staticflickr.com/880/40600803985_8fe2aa03ed_b.jpg,https://www.flickr.com/photos/135625678@N06/40600803985,-34.912751,138.593924,,,,,,,,,,,,,,,
https://live.staticflickr.com/814/27370265178_72991ee9b9_b.jpg,https://www.flickr.com/photos/135625678@N06/27370265178,-34.9162,138.604878,,,,,,,,,,,,,,,
https://live.staticflickr.com/4781/26728298648_3a85d0f5a4_b.jpg,https://www.flickr.com/photos/28126678@N00/26728298648,-36.84226,174.764111,,,,,,,,,,,,,,,
https://live.staticflickr.com/4606/26366960708_354eb6a689_b.jpg,https://www.flickr.com/photos/80345530@N02/26366960708,-33.856955,151.21258,,,,,,,,,,,,,,,
https://live.staticflickr.com/4716/39341775705_cbcec8aeb9_b.jpg,https://www.flickr.com/photos/28126678@N00/39341775705,-36.842544,174.765355,,,,,,,,,,,,,,,
https://live.staticflickr.com/4704/39346706504_79c65e578e_b.jpg,https://www.flickr.com/photos/53455768@N07/39346706504,-27.472371,153.034218,,,,,,,,,,,,,,,
https://live.staticflickr.com/4622/39999985441_cb7fa0640a_b.jpg,https://www.flickr.com/photos/75643296@N06/39999985441,-36.832156,174.79542,,,,,,,,,,,,,,,
https://live.staticflickr.com/4650/39888900281_6cb40f24fb_b.jpg,https://www.flickr.com/photos/78821753@N03/39888900281,-33.871627,151.236237,,,,,,,,,,,,,,,
https://live.staticflickr.com/4767/39650584702_97a2109ba7_b.jpg,https://www.flickr.com/photos/35672950@N06/39650584702,-37.067131,144.217647,,,,,,,,,,,,,,,
https://live.staticflickr.com/4671/38878340734_5f141b2c74_b.jpg,https://www.flickr.com/photos/97233440@N03/38878340734,-27.464051,153.033542,,,,,,,,,,,,,,,
https://live.staticflickr.com/4725/39457721382_0b9f66dd87_b.jpg,https://www.flickr.com/photos/156962075@N07/39457721382,-37.820153,144.964874,,,,,,,,,,,,,,,
https://live.staticflickr.com/4681/39441721661_0e04e4d687_b.jpg,https://www.flickr.com/photos/67248583@N06/39441721661,-33.850254,151.211796,,,,,,,,,,,,,,,
https://live.staticflickr.com/4599/39280871801_b1495c6856_b.jpg,https://www.flickr.com/photos/97233440@N03/39280871801,-27.467481,153.018172,,,,,,,,,,,,,,,
https://live.staticflickr.com/4687/24310918387_8d4e4cf6d8_b.jpg,https://www.flickr.com/photos/35672950@N06/24310918387,-32.055012,115.745058,,,,,,,,,,,,,,,
https://live.staticflickr.com/4685/25234436868_59556a37ef_b.jpg,https://www.flickr.com/photos/19109134@N00/25234436868,-37.813988,144.963741,,,,,,,,,,,,,,,
https://live.staticflickr.com/4565/25219756008_d97805a3d5_b.jpg,https://www.flickr.com/photos/70960426@N04/25219756008,-33.865996,151.270644,,,,,,,,,,,,,,,
https://live.staticflickr.com/4544/24205928147_3504fcd8d7_b.jpg,https://www.flickr.com/photos/35672950@N06/24205928147,-36.758167,144.280363,,,,,,,,,,,,,,,
https://live.staticflickr.com/4572/38355185564_c71edda962_b.jpg,https://www.flickr.com/photos/28661906@N03/38355185564,-27.468487,153.024133,,,,,,,,,,,,,,,
https://live.staticflickr.com/4575/38790565781_0262aa4b56_b.jpg,https://www.flickr.com/photos/110839836@N07/38790565781,-36.879886,175.023676,,,,,,,,,,,,,,,
https://live.staticflickr.com/4532/37808257045_3700bef6b9_b.jpg,https://www.flickr.com/photos/97233440@N03/37808257045,-27.465632,153.031289,,,,,,,,,,,,,,,
https://live.staticflickr.com/4477/38032784851_6fd275d356_b.jpg,https://www.flickr.com/photos/67627528@N04/38032784851,-27.475249,153.025503,,,,,,,,,,,,,,,
https://live.staticflickr.com/4458/37892906336_da7acea774_b.jpg,https://www.flickr.com/photos/35672950@N06/37892906336,-32.055459,115.74333,,,,,,,,,,,,,,,
https://live.staticflickr.com/4459/37587290226_04816cea1f_b.jpg,https://www.flickr.com/photos/65803494@N06/37587290226,-33.853119,151.211123,,,,,,,,,,,,,,,
https://live.staticflickr.com/4457/36820351493_89349b9007_b.jpg,https://www.flickr.com/photos/28661906@N03/36820351493,-27.47437,153.020904,,,,,,,,,,,,,,,
https://live.staticflickr.com/4459/23489993118_9a2942c586_b.jpg,https://www.flickr.com/photos/97233440@N03/23489993118,-27.468906,153.014423,,,,,,,,,,,,,,,
https://live.staticflickr.com/4339/37238372076_d9c0561de6_b.jpg,https://www.flickr.com/photos/135021538@N04/37238372076,-36.826526,174.798778,,,,,,,,,,,,,,,
https://live.staticflickr.com/4362/36000001784_df69c2e91a_b.jpg,https://www.flickr.com/photos/28661906@N03/36000001784,-27.464794,153.035109,,,,,,,,,,,,,,,
https://live.staticflickr.com/4343/36710443826_ab5cd74614_b.jpg,https://www.flickr.com/photos/19109134@N00/36710443826,-37.789607,144.984984,,,,,,,,,,,,,,,
https://live.staticflickr.com/4420/36599373406_0a421ef966_b.jpg,https://www.flickr.com/photos/135625678@N06/36599373406,-34.924047,138.603869,,,,,,,,,,,,,,,
https://live.staticflickr.com/4396/35667343853_de750acf95_b.jpg,https://www.flickr.com/photos/97233440@N03/35667343853,-27.469825,153.024886,,,,,,,,,,,,,,,
https://live.staticflickr.com/4355/36071223960_0b87069984_b.jpg,https://www.flickr.com/photos/59238173@N07/36071223960,-41.285304,174.767643,,,,,,,,,,,,,,,
https://live.staticflickr.com/4432/36395894305_5640174cc5_b.jpg,https://www.flickr.com/photos/89617809@N07/36395894305,-33.857319,151.210262,,,,,,,,,,,,,,,
https://live.staticflickr.com/4381/36322708705_478c0e4dc0_b.jpg,https://www.flickr.com/photos/77152181@N06/36322708705,-34.916666,138.59925,,,,,,,,,,,,,,,
https://live.staticflickr.com/4310/36125523781_774557e436_b.jpg,https://www.flickr.com/photos/63839496@N08/36125523781,-37.818837,144.96228,,,,,,,,,,,,,,,
https://live.staticflickr.com/4322/35849062412_7d445a110d_b.jpg,https://www.flickr.com/photos/145893243@N08/35849062412,-36.841301,174.759038,,,,,,,,,,,,,,,
https://live.staticflickr.com/4125/34914987944_3ae534f6aa_b.jpg,https://www.flickr.com/photos/127994746@N05/34914987944,-33.870367,151.206844,,,,,,,,,,,,,,,
https://live.staticflickr.com/4282/35503027156_0c42f417fb_b.jpg,https://www.flickr.com/photos/35672950@N06/35503027156,-37.064606,144.216008,,,,,,,,,,,,,,,
https://live.staticflickr.com/4284/35110889740_53f0e5fb01_b.jpg,https://www.flickr.com/photos/89617809@N07/35110889740,-33.858495,151.213674,,,,,,,,,,,,,,,
https://live.staticflickr.com/4239/35483896715_106c4b8c94_b.jpg,https://www.flickr.com/photos/77152181@N06/35483896715,-37.822601,144.968922,,,,,,,,,,,,,,,
https://live.staticflickr.com/4286/35423257125_0865a896a4_b.jpg,https://www.flickr.com/photos/73561613@N06/35423257125,-33.854094,151.20949,,,,,,,,,,,,,,,
https://live.staticflickr.com/4244/35245869911_1ae9edc231_b.jpg,https://www.flickr.com/photos/35672950@N06/35245869911,-37.06462,144.216022,,,,,,,,,,,,,,,
https://live.staticflickr.com/4244/35359294535_413a567b10_b.jpg,https://www.flickr.com/photos/73561613@N06/35359294535,-33.854094,151.20949,,,,,,,,,,,,,,,
https://live.staticflickr.com/4215/35153534422_f0cb62b434_b.jpg,https://www.flickr.com/photos/35672950@N06/35153534422,-37.063214,144.217166,,,,,,,,,,,,,,,
https://live.staticflickr.com/4219/34911954410_ac9962467f_b.jpg,https://www.flickr.com/photos/89617809@N07/34911954410,-33.858103,151.214168,,,,,,,,,,,,,,,
https://live.staticflickr.com/4275/34888500760_e6d052810f_b.jpg,https://www.flickr.com/photos/127449591@N07/34888500760,-27.467907,153.039808,,,,,,,,,,,,,,,
https://live.staticflickr.com/4197/35132397795_7b162d6d25_b.jpg,https://www.flickr.com/photos/35672950@N06/35132397795,-37.560525,143.858244,,,,,,,,,,,,,,,
https://live.staticflickr.com/4249/34855298321_ab057965e3_b.jpg,https://www.flickr.com/photos/136166582@N03/34855298321,-37.809973,144.964567,,,,,,,,,,,,,,,
https://live.staticflickr.com/4251/34978414135_b76549f56e_b.jpg,https://www.flickr.com/photos/97233440@N03/34978414135,-27.480386,153.02704,,,,,,,,,,,,,,,
https://live.staticflickr.com/4200/34881622305_504261d035_b.jpg,https://www.flickr.com/photos/35672950@N06/34881622305,-32.055564,115.744311,,,,,,,,,,,,,,,
https://live.staticflickr.com/4219/34402092640_1a5e38d968_b.jpg,https://www.flickr.com/photos/61807368@N05/34402092640,-41.288908,174.778726,,,,,,,,,,,,,,,
https://live.staticflickr.com/4189/34591473952_7b385fe1f1_b.jpg,https://www.flickr.com/photos/127449591@N07/34591473952,-27.462699,153.037544,,,,,,,,,,,,,,,
https://live.staticflickr.com/4246/33944170723_1dfdec8268_b.jpg,https://www.flickr.com/photos/127449591@N07/33944170723,-27.462699,153.037544,,,,,,,,,,,,,,,
https://live.staticflickr.com/4174/33915058533_3882c9fae5_b.jpg,https://www.flickr.com/photos/127449591@N07/33915058533,-27.466926,153.040022,,,,,,,,,,,,,,,
https://live.staticflickr.com/4180/34337414876_427a715be7_b.jpg,https://www.flickr.com/photos/131601284@N07/34337414876,-33.861034,151.210681,,,,,,,,,,,,,,,
https://live.staticflickr.com/2892/34086233912_2bdbf15b49_b.jpg,https://www.flickr.com/photos/46019178@N05/34086233912,-12.455843,130.842264,,,,,,,,,,,,,,,
https://live.staticflickr.com/65535/34212690445_dec5025133_b.jpg,https://www.flickr.com/photos/7919353@N04/34212690445,-27.471172,153.022449,,,,,,,,,,,,,,,
https://live.staticflickr.com/65535/33742924750_56b796aa7b_b.jpg,https://www.flickr.com/photos/7919353@N04/33742924750,-27.469197,153.020882,,,,,,,,,,,,,,,
https://live.staticflickr.com/2944/33106889973_36878f8262_b.jpg,https://www.flickr.com/photos/28661906@N03/33106889973,-27.478463,153.034143,,,,,,,,,,,,,,,
https://live.staticflickr.com/575/33305361801_c152ddbcd8_b.jpg,https://www.flickr.com/photos/89617809@N07/33305361801,-27.478406,153.033564,,,,,,,,,,,,,,,
https://live.staticflickr.com/282/32811494891_cb5a0a4f86_b.jpg,https://www.flickr.com/photos/46019178@N05/32811494891,-12.452626,130.841116,,,,,,,,,,,,,,,
https://live.staticflickr.com/694/32038580353_163a4c587b_b.jpg,https://www.flickr.com/photos/17744275@N00/32038580353,-33.864687,151.201851,,,,,,,,,,,,,,,
https://live.staticflickr.com/540/31748066873_b7c3a58a2b_b.jpg,https://www.flickr.com/photos/50615476@N03/31748066873,-33.87649,151.201615,,,,,,,,,,,,,,,
https://live.staticflickr.com/513/32394445241_81aaf2afd2_b.jpg,https://www.flickr.com/photos/136766492@N07/32394445241,-33.868964,151.206732,,,,,,,,,,,,,,,
https://live.staticflickr.com/506/31486737693_8743066b53_b.jpg,https://www.flickr.com/photos/27875050@N03/31486737693,-27.484974,152.959084,,,,,,,,,,,,,,,
https://live.staticflickr.com/263/31423496894_416440bec6_b.jpg,https://www.flickr.com/photos/17744275@N00/31423496894,-33.863795,151.202252,,,,,,,,,,,,,,,
https://live.staticflickr.com/7518/15946016848_2cfa904fab_b.jpg,https://www.flickr.com/photos/59335517@N02/15946016848,-37.816036,144.96898,,,,,,,,,,,,,,,
https://live.staticflickr.com/7510/15845246610_4e023b3af3_b.jpg,https://www.flickr.com/photos/28034589@N03/15845246610,-33.867662,151.209619,,,,,,,,,,,,,,,
https://live.staticflickr.com/7472/16032505675_d57a21539a_b.jpg,https://www.flickr.com/photos/28034589@N03/16032505675,-33.867662,151.209619,,,,,,,,,,,,,,,
https://live.staticflickr.com/8599/15836367398_94504d557f_b.jpg,https://www.flickr.com/photos/120612374@N04/15836367398,-37.817378,144.967389,,,,,,,,,,,,,,,
https://live.staticflickr.com/8593/15401525884_0132b189da_b.jpg,https://www.flickr.com/photos/120612374@N04/15401525884,-37.817378,144.967389,,,,,,,,,,,,,,,
https://live.staticflickr.com/8651/15793231700_c805a46be1_b.jpg,https://www.flickr.com/photos/120612374@N04/15793231700,-33.857961,151.214275,,,,,,,,,,,,,,,
https://live.staticflickr.com/7525/15979807502_9f43e71cc8_b.jpg,https://www.flickr.com/photos/120612374@N04/15979807502,-33.857961,151.214275,,,,,,,,,,,,,,,
https://live.staticflickr.com/8615/15980423185_d38838e344_b.jpg,https://www.flickr.com/photos/120612374@N04/15980423185,-33.857961,151.214275,,,,,,,,,,,,,,,
https://live.staticflickr.com/8578/15793019928_a1b2cb8890_b.jpg,https://www.flickr.com/photos/120612374@N04/15793019928,-33.857961,151.214275,,,,,,,,,,,,,,,
https://live.staticflickr.com/8627/15888671055_7c90a90417_b.jpg,https://www.flickr.com/photos/120612374@N04/15888671055,-37.817378,144.967389,,,,,,,,,,,,,,,
https://live.staticflickr.com/7557/15702857437_b984a0c782_b.jpg,https://www.flickr.com/photos/120612374@N04/15702857437,-37.817378,144.967389,,,,,,,,,,,,,,,
https://live.staticflickr.com/7575/15862799476_c0e7220516_b.jpg,https://www.flickr.com/photos/120612374@N04/15862799476,-37.817378,144.967389,,,,,,,,,,,,,,,
https://live.staticflickr.com/7577/15671353829_9bff050e05_b.jpg,https://www.flickr.com/photos/27090368@N04/15671353829,-36.839944,174.755959,,,,,,,,,,,,,,,
https://live.staticflickr.com/65535/54617680180_082a67c654_b.jpg,https://www.flickr.com/photos/201881621@N07/54617680180,21.80471,-79.985983,,,,,,,,,,,,,,,
https://live.staticflickr.com/65535/54398114433_6e6bc1ecdd_b.jpg,https://www.flickr.com/photos/7587259@N04/54398114433,18.294669,-78.339348,,,,,,,,,,,,,,,
https://live.staticflickr.com/8401/29097511456_f339dfbcbf_b.jpg,https://www.flickr.com/photos/137877157@N06/29097511456,20.9673,-89.622945,,,,,,,,,,,,,,,
https://live.staticflickr.com/3825/10322783526_0aa2593e8c_b.jpg,https://www.flickr.com/photos/59984889@N00/10322783526,8.985413,-79.528712,,,,,,,,,,,,,,,
https://live.staticflickr.com/3668/10262274383_c0705be580_b.jpg,https://www.flickr.com/photos/59984889@N00/10262274383,8.974794,-79.521964,,,,,,,,,,,,,,,
https://live.staticflickr.com/3680/9683469380_7bcb87b1a1_b.jpg,https://www.flickr.com/photos/100359925@N02/9683469380,8.952715,-79.535822,,,,,,,,,,,,,,,
https://live.staticflickr.com/8105/8534953621_86392e5829_b.jpg,https://www.flickr.com/photos/10092242@N00/8534953621,20.778325,-86.943539,,,,,,,,,,,,,,,
https://live.staticflickr.com/8511/8536057848_00e6ccb1c6_b.jpg,https://www.flickr.com/photos/10092242@N00/8536057848,20.778325,-86.943539,,,,,,,,,,,,,,,
https://live.staticflickr.com/8231/8534942953_cc32dc9334_b.jpg,https://www.flickr.com/photos/10092242@N00/8534942953,20.778325,-86.943539,,,,,,,,,,,,,,,
https://live.staticflickr.com/8388/8536044404_04d2357361_b.jpg,https://www.flickr.com/photos/10092242@N00/8536044404,20.778325,-86.943539,,,,,,,,,,,,,,,
https://live.staticflickr.com/8109/8536034050_5feef65c68_b.jpg,https://www.flickr.com/photos/10092242@N00/8536034050,20.778325,-86.943539,,,,,,,,,,,,,,,
https://live.staticflickr.com/8086/8534910911_18b5c773e5_b.jpg,https://www.flickr.com/photos/10092242@N00/8534910911,20.778325,-86.943539,,,,,,,,,,,,,,,
https://live.staticflickr.com/8100/8536015116_fd83fe0ddf_b.jpg,https://www.flickr.com/photos/10092242@N00/8536015116,20.778325,-86.943539,,,,,,,,,,,,,,,
https://live.staticflickr.com/65535/54600641642_c323e1dee1_b.jpg,https://www.flickr.com/photos/198037325@N07/54600641642,19.799102,-87.475348,,,,,,,,,,,,,,,
https://live.staticflickr.com/65535/54592661163_1190dddaac_b.jpg,https://www.flickr.com/photos/198037325@N07/54592661163,19.798555,-87.475181,,,,,,,,,,,,,,,
https://live.staticflickr.com/65535/54579565961_df9a70b558_b.jpg,https://www.flickr.com/photos/198037325@N07/54579565961,19.799466,-87.476053,,,,,,,,,,,,,,,
https://live.staticflickr.com/65535/54565458083_eb06f4969f_b.jpg,https://www.flickr.com/photos/198037325@N07/54565458083,19.798669,-87.475273,,,,,,,,,,,,,,,
https://live.staticflickr.com/65535/54386095533_85bc9db837_b.jpg,https://www.flickr.com/photos/27260919@N07/54386095533,21.803007,-79.983279,,,,,,,,,,,,,,,
https://live.staticflickr.com/65535/54381956897_b52bb65cf2_b.jpg,https://www.flickr.com/photos/27260919@N07/54381956897,21.802898,-79.983505,,,,,,,,,,,,,,,
https://live.staticflickr.com/65535/54380131254_f5a88db69b_b.jpg,https://www.flickr.com/photos/27260919@N07/54380131254,22.148486,-80.447183,,,,,,,,,,,,,,,
https://live.staticflickr.com/65535/53510144682_5c24cf4a46_b.jpg,https://www.flickr.com/photos/54083450@N00/53510144682,14.556585,-90.733809,,,,,,,,,,,,,,,
https://live.staticflickr.com/65535/53511467510_80e87bf4c8_b.jpg,https://www.flickr.com/photos/54083450@N00/53511467510,14.556585,-90.733809,,,,,,,,,,,,,,,
https://live.staticflickr.com/65535/53510144122_e3cd0449da_b.jpg,https://www.flickr.com/photos/54083450@N00/53510144122,14.556585,-90.733809,,,,,,,,,,,,,,,
https://live.staticflickr.com/65535/53511467290_d1c0ec33c5_b.jpg,https://www.flickr.com/photos/54083450@N00/53511467290,14.556585,-90.733809,,,,,,,,,,,,,,,
https://live.staticflickr.com/65535/53511354279_ff13fc4b1b_b.jpg,https://www.flickr.com/photos/54083450@N00/53511354279,14.556585,-90.733809,,,,,,,,,,,,,,,
https://live.staticflickr.com/65535/53511200928_d3b7b8c118_b.jpg,https://www.flickr.com/photos/54083450@N00/53511200928,14.556585,-90.733809,,,,,,,,,,,,,,,
https://live.staticflickr.com/65535/53511353609_00a8d721f5_b.jpg,https://www.flickr.com/photos/54083450@N00/53511353609,14.556585,-90.733809,,,,,,,,,,,,,,,
https://live.staticflickr.com/65535/53511200708_316b4b8873_b.jpg,https://www.flickr.com/photos/54083450@N00/53511200708,14.556585,-90.733809,,,,,,,,,,,,,,,
https://live.staticflickr.com/65535/53511034416_6dfe4ae456_b.jpg,https://www.flickr.com/photos/54083450@N00/53511034416,14.556585,-90.733809,,,,,,,,,,,,,,,
https://live.staticflickr.com/65535/53511465895_c1374f71cd_b.jpg,https://www.flickr.com/photos/54083450@N00/53511465895,14.556585,-90.733809,,,,,,,,,,,,,,,
https://live.staticflickr.com/65535/53511200098_5cb4f8f820_b.jpg,https://www.flickr.com/photos/54083450@N00/53511200098,14.556585,-90.733809,,,,,,,,,,,,,,,
https://live.staticflickr.com/65535/53511352739_1edc2817d2_b.jpg,https://www.flickr.com/photos/54083450@N00/53511352739,14.556585,-90.733809,,,,,,,,,,,,,,,
https://live.staticflickr.com/65535/53511465430_2615c28c72_b.jpg,https://www.flickr.com/photos/54083450@N00/53511465430,14.556585,-90.733809,,,,,,,,,,,,,,,
https://live.staticflickr.com/65535/53511198193_feb1d4eee6_b.jpg,https://www.flickr.com/photos/54083450@N00/53511198193,14.556585,-90.733809,,,,,,,,,,,,,,,
https://live.staticflickr.com/65535/53510140617_312ecac2e8_b.jpg,https://www.flickr.com/photos/54083450@N00/53510140617,14.556585,-90.733809,,,,,,,,,,,,,,,
https://live.staticflickr.com/65535/53511032156_a5493755e5_b.jpg,https://www.flickr.com/photos/54083450@N00/53511032156,14.556585,-90.733809,,,,,,,,,,,,,,,
https://live.staticflickr.com/65535/53510140112_cb46eff1c1_b.jpg,https://www.flickr.com/photos/54083450@N00/53510140112,14.556585,-90.733809,,,,,,,,,,,,,,,
https://live.staticflickr.com/65535/53511463025_58432a05a6_b.jpg,https://www.flickr.com/photos/54083450@N00/53511463025,14.556585,-90.733809,,,,,,,,,,,,,,,
https://live.staticflickr.com/65535/53511350294_c00518110d_b.jpg,https://www.flickr.com/photos/54083450@N00/53511350294,14.556585,-90.733809,,,,,,,,,,,,,,,
https://live.staticflickr.com/65535/53511196818_62b13e3bca_b.jpg,https://www.flickr.com/photos/54083450@N00/53511196818,14.556585,-90.733809,,,,,,,,,,,,,,,
https://live.staticflickr.com/65535/53511462185_182b289d81_b.jpg,https://www.flickr.com/photos/54083450@N00/53511462185,14.556585,-90.733809,,,,,,,,,,,,,,,
https://live.staticflickr.com/65535/53511030591_7cf1610549_b.jpg,https://www.flickr.com/photos/54083450@N00/53511030591,14.556585,-90.733809,,,,,,,,,,,,,,,
https://live.staticflickr.com/65535/53511462005_c017f4ffe6_b.jpg,https://www.flickr.com/photos/54083450@N00/53511462005,14.556585,-90.733809,,,,,,,,,,,,,,,
https://live.staticflickr.com/65535/53511196133_b8d206919c_b.jpg,https://www.flickr.com/photos/54083450@N00/53511196133,14.556585,-90.733809,,,,,,,,,,,,,,,
https://live.staticflickr.com/65535/53511195988_47a1f51160_b.jpg,https://www.flickr.com/photos/54083450@N00/53511195988,14.556585,-90.733809,,,,,,,,,,,,,,,
https://live.staticflickr.com/65535/53510138107_7215ea8370_b.jpg,https://www.flickr.com/photos/54083450@N00/53510138107,14.556585,-90.733809,,,,,,,,,,,,,,,
https://live.staticflickr.com/65535/53511195288_1b5d73379d_b.jpg,https://www.flickr.com/photos/54083450@N00/53511195288,14.556585,-90.733809,,,,,,,,,,,,,,,
https://live.staticflickr.com/65535/53511347999_f6f3f20e2b_b.jpg,https://www.flickr.com/photos/54083450@N00/53511347999,14.556585,-90.733809,,,,,,,,,,,,,,,
https://live.staticflickr.com/65535/53511029161_3a5d575c1e_b.jpg,https://www.flickr.com/photos/54083450@N00/53511029161,14.556585,-90.733809,,,,,,,,,,,,,,,
https://live.staticflickr.com/65535/53511347564_38cf4b8b4c_b.jpg,https://www.flickr.com/photos/54083450@N00/53511347564,14.556585,-90.733809,,,,,,,,,,,,,,,
https://live.staticflickr.com/65535/53510137052_ecbccbd043_b.jpg,https://www.flickr.com/photos/54083450@N00/53510137052,14.556585,-90.733809,,,,,,,,,,,,,,,
https://live.staticflickr.com/65535/53511459530_1f677d9b35_b.jpg,https://www.flickr.com/photos/54083450@N00/53511459530,14.556585,-90.733809,,,,,,,,,,,,,,,
https://live.staticflickr.com/65535/53511028296_98cb803208_b.jpg,https://www.flickr.com/photos/54083450@N00/53511028296,14.556585,-90.733809,,,,,,,,,,,,,,,
https://live.staticflickr.com/65535/53511459170_36a8db93ae_b.jpg,https://www.flickr.com/photos/54083450@N00/53511459170,14.556585,-90.733809,,,,,,,,,,,,,,,
https://live.staticflickr.com/65535/53511193498_f6f4dd61b2_b.jpg,https://www.flickr.com/photos/54083450@N00/53511193498,14.556585,-90.733809,,,,,,,,,,,,,,,
https://live.staticflickr.com/65535/53511193463_5e20d37c0e_b.jpg,https://www.flickr.com/photos/54083450@N00/53511193463,14.556585,-90.733809,,,,,,,,,,,,,,,
https://live.staticflickr.com/65535/53511346039_03fc40f398_b.jpg,https://www.flickr.com/photos/54083450@N00/53511346039,14.556585,-90.733809,,,,,,,,,,,,,,,
https://live.staticflickr.com/65535/53511345824_5cef503557_b.jpg,https://www.flickr.com/photos/54083450@N00/53511345824,14.556585,-90.733809,,,,,,,,,,,,,,,
https://live.staticflickr.com/65535/53511345724_bfc4d6f4a0_b.jpg,https://www.flickr.com/photos/54083450@N00/53511345724,14.556585,-90.733809,,,,,,,,,,,,,,,
https://live.staticflickr.com/65535/53511345719_4d78b2bf3a_b.jpg,https://www.flickr.com/photos/54083450@N00/53511345719,14.556585,-90.733809,,,,,,,,,,,,,,,
https://live.staticflickr.com/65535/53510134922_c3a6e6c024_b.jpg,https://www.flickr.com/photos/54083450@N00/53510134922,14.556585,-90.733809,,,,,,,,,,,,,,,
https://live.staticflickr.com/65535/53511457505_5d8214891d_b.jpg,https://www.flickr.com/photos/54083450@N00/53511457505,14.556585,-90.733809,,,,,,,,,,,,,,,
https://live.staticflickr.com/65535/53510134567_b5c5bddc5a_b.jpg,https://www.flickr.com/photos/54083450@N00/53510134567,14.556585,-90.733809,,,,,,,,,,,,,,,
https://live.staticflickr.com/65535/53510134242_058f74b59e_b.jpg,https://www.flickr.com/photos/54083450@N00/53510134242,14.556585,-90.733809,,,,,,,,,,,,,,,
https://live.staticflickr.com/65535/53510133587_ef06daabff_b.jpg,https://www.flickr.com/photos/54083450@N00/53510133587,14.556585,-90.733809,,,,,,,,,,,,,,,
https://live.staticflickr.com/65535/53511190668_58f6e84c3f_b.jpg,https://www.flickr.com/photos/54083450@N00/53511190668,14.556585,-90.733809,,,,,,,,,,,,,,,
https://live.staticflickr.com/65535/53511024841_ab11788fac_b.jpg,https://www.flickr.com/photos/54083450@N00/53511024841,14.556585,-90.733809,,,,,,,,,,,,,,,
https://live.staticflickr.com/65535/53510133252_dc58d7f57c_b.jpg,https://www.flickr.com/photos/54083450@N00/53510133252,14.556585,-90.733809,,,,,,,,,,,,,,,
https://live.staticflickr.com/65535/53510133122_583dbfc9f5_b.jpg,https://www.flickr.com/photos/54083450@N00/53510133122,14.556585,-90.733809,,,,,,,,,,,,,,,
https://live.staticflickr.com/65535/53511024651_e80f45b6b6_b.jpg,https://www.flickr.com/photos/54083450@N00/53511024651,14.556585,-90.733809,,,,,,,,,,,,,,,
https://live.staticflickr.com/65535/53510099627_47b0fe93ca_b.jpg,https://www.flickr.com/photos/54083450@N00/53510099627,14.556585,-90.733809,,,,,,,,,,,,,,,
https://live.staticflickr.com/65535/53510990841_236dfd69b4_b.jpg,https://www.flickr.com/photos/54083450@N00/53510990841,14.556585,-90.733809,,,,,,,,,,,,,,,
https://live.staticflickr.com/65535/53511421825_72abc52a2a_b.jpg,https://www.flickr.com/photos/54083450@N00/53511421825,14.556585,-90.733809,,,,,,,,,,,,,,,
https://live.staticflickr.com/65535/53511308869_81a9a80bf5_b.jpg,https://www.flickr.com/photos/54083450@N00/53511308869,14.556585,-90.733809,,,,,,,,,,,,,,,
https://live.staticflickr.com/65535/53511418325_cd54f86f38_b.jpg,https://www.flickr.com/photos/54083450@N00/53511418325,14.556585,-90.733809,,,,,,,,,,,,,,,
https://live.staticflickr.com/65535/53510986406_64911f5f27_b.jpg,https://www.flickr.com/photos/54083450@N00/53510986406,14.556585,-90.733809,,,,,,,,,,,,,,,
https://live.staticflickr.com/65535/53511151153_3fa2871dbd_b.jpg,https://www.flickr.com/photos/54083450@N00/53511151153,14.556585,-90.733809,,,,,,,,,,,,,,,
https://live.staticflickr.com/65535/53511416445_f0db1c8c00_b.jpg,https://www.flickr.com/photos/54083450@N00/53511416445,14.556585,-90.733809,,,,,,,,,,,,,,,
https://live.staticflickr.com/65535/53510983371_d733c35e13_b.jpg,https://www.flickr.com/photos/54083450@N00/53510983371,14.556585,-90.733809,,,,,,,,,,,,,,,
https://live.staticflickr.com/65535/53510091197_4a18fa1bcb_b.jpg,https://www.flickr.com/photos/54083450@N00/53510091197,14.556585,-90.733809,,,,,,,,,,,,,,,
https://live.staticflickr.com/65535/53510088112_646b849edf_b.jpg,https://www.flickr.com/photos/54083450@N00/53510088112,14.556585,-90.733809,,,,,,,,,,,,,,,
https://live.staticflickr.com/65535/53511410185_d6370dbdc6_b.jpg,https://www.flickr.com/photos/54083450@N00/53511410185,14.556585,-90.733809,,,,,,,,,,,,,,,
https://live.staticflickr.com/65535/53511144413_9e5a95f027_b.jpg,https://www.flickr.com/photos/54083450@N00/53511144413,14.556585,-90.733809,,,,,,,,,,,,,,,
https://live.staticflickr.com/65535/53510087072_780fb27295_b.jpg,https://www.flickr.com/photos/54083450@N00/53510087072,14.63487,-90.515005,,,,,,,,,,,,,,,
https://live.staticflickr.com/65535/53510977061_18c2049c38_b.jpg,https://www.flickr.com/photos/54083450@N00/53510977061,14.556585,-90.733809,,,,,,,,,,,,,,,
https://live.staticflickr.com/65535/53511143078_259300891a_b.jpg,https://www.flickr.com/photos/54083450@N00/53511143078,14.556585,-90.733809,,,,,,,,,,,,,,,
https://live.staticflickr.com/65535/53510976521_0062312c43_b.jpg,https://www.flickr.com/photos/54083450@N00/53510976521,14.63487,-90.515005,,,,,,,,,,,,,,,
https://live.staticflickr.com/65535/53510084432_4da1ebc6c9_b.jpg,https://www.flickr.com/photos/54083450@N00/53510084432,14.63487,-90.515005,,,,,,,,,,,,,,,
https://live.staticflickr.com/65535/53511406505_2365fe8cf7_b.jpg,https://www.flickr.com/photos/54083450@N00/53511406505,14.63487,-90.515005,,,,,,,,,,,,,,,
https://live.staticflickr.com/65535/53510970966_95162b6767_b.jpg,https://www.flickr.com/photos/54083450@N00/53510970966,14.63487,-90.515005,,,,,,,,,,,,,,,
https://live.staticflickr.com/65535/53510968856_33707e9995_b.jpg,https://www.flickr.com/photos/54083450@N00/53510968856,14.63487,-90.515005,,,,,,,,,,,,,,,
https://live.staticflickr.com/65535/53511287969_d9ca129841_b.jpg,https://www.flickr.com/photos/54083450@N00/53511287969,14.63487,-90.515005,,,,,,,,,,,,,,,
https://live.staticflickr.com/65535/53511287524_7450010d87_b.jpg,https://www.flickr.com/photos/54083450@N00/53511287524,14.63487,-90.515005,,,,,,,,,,,,,,,
https://live.staticflickr.com/65535/53511398555_c54d50c04b_b.jpg,https://www.flickr.com/photos/54083450@N00/53511398555,14.556585,-90.733809,,,,,,,,,,,,,,,
https://live.staticflickr.com/65535/53510966536_cfc0221638_b.jpg,https://www.flickr.com/photos/54083450@N00/53510966536,14.63487,-90.515005,,,,,,,,,,,,,,,
https://live.staticflickr.com/65535/53511133168_8480c75158_b.jpg,https://www.flickr.com/photos/54083450@N00/53511133168,14.556585,-90.733809,,,,,,,,,,,,,,,
https://live.staticflickr.com/65535/53511132978_7a51251881_b.jpg,https://www.flickr.com/photos/54083450@N00/53511132978,14.63487,-90.515005,,,,,,,,,,,,,,,
https://live.staticflickr.com/65535/53511397035_e67cc36965_b.jpg,https://www.flickr.com/photos/54083450@N00/53511397035,14.63487,-90.515005,,,,,,,,,,,,,,,
https://live.staticflickr.com/65535/53510963231_d107e1702f_b.jpg,https://www.flickr.com/photos/54083450@N00/53510963231,14.63487,-90.515005,,,,,,,,,,,,,,,
https://live.staticflickr.com/65535/53511393715_358e2a998b_b.jpg,https://www.flickr.com/photos/54083450@N00/53511393715,14.63487,-90.515005,,,,,,,,,,,,,,,
https://live.staticflickr.com/65535/53510070347_a566faeed4_b.jpg,https://www.flickr.com/photos/54083450@N00/53510070347,14.63487,-90.515005,,,,,,,,,,,,,,,
https://live.staticflickr.com/65535/53511280719_44699f275e_b.jpg,https://www.flickr.com/photos/54083450@N00/53511280719,14.63487,-90.515005,,,,,,,,,,,,,,,
https://live.staticflickr.com/65535/53511279759_bc79789e8b_b.jpg,https://www.flickr.com/photos/54083450@N00/53511279759,14.63487,-90.515005,,,,,,,,,,,,,,,
https://live.staticflickr.com/65535/53510068737_6235acf1a1_b.jpg,https://www.flickr.com/photos/54083450@N00/53510068737,14.63487,-90.515005,,,,,,,,,,,,,,,
https://live.staticflickr.com/65535/53510959271_ae61d8b750_b.jpg,https://www.flickr.com/photos/54083450@N00/53510959271,14.556585,-90.733809,,,,,,,,,,,,,,,
https://live.staticflickr.com/65535/53511124878_14939bfd54_b.jpg,https://www.flickr.com/photos/54083450@N00/53511124878,14.63487,-90.515005,,,,,,,,,,,,,,,
https://live.staticflickr.com/65535/53511387420_a91f7396db_b.jpg,https://www.flickr.com/photos/54083450@N00/53511387420,14.63487,-90.515005,,,,,,,,,,,,,,,
https://live.staticflickr.com/65535/53510065067_fd0b1d90cb_b.jpg,https://www.flickr.com/photos/54083450@N00/53510065067,14.63487,-90.515005,,,,,,,,,,,,,,,
https://live.staticflickr.com/65535/53511386330_06f9b84cf2_b.jpg,https://www.flickr.com/photos/54083450@N00/53511386330,14.556585,-90.733809,,,,,,,,,,,,,,,
https://live.staticflickr.com/65535/53510063882_e90b1a7206_b.jpg,https://www.flickr.com/photos/54083450@N00/53510063882,14.556585,-90.733809,,,,,,,,,,,,,,,
https://live.staticflickr.com/65535/53511119808_e653e2f07e_b.jpg,https://www.flickr.com/photos/54083450@N00/53511119808,14.63487,-90.515005,,,,,,,,,,,,,,,
https://live.staticflickr.com/65535/53511384225_4cffddc826_b.jpg,https://www.flickr.com/photos/54083450@N00/53511384225,14.556585,-90.733809,,,,,,,,,,,,,,,
https://live.staticflickr.com/65535/53511383555_e0691bb884_b.jpg,https://www.flickr.com/photos/54083450@N00/53511383555,14.63487,-90.515005,,,,,,,,,,,,,,,
https://live.staticflickr.com/65535/53511270989_d2a224e0ba_b.jpg,https://www.flickr.com/photos/54083450@N00/53511270989,14.556585,-90.733809,,,,,,,,,,,,,,,
https://live.staticflickr.com/65535/53511117318_076fa893f8_b.jpg,https://www.flickr.com/photos/54083450@N00/53511117318,14.63487,-90.515005,,,,,,,,,,,,,,,
https://live.staticflickr.com/65535/53510950256_6e46043bd5_b.jpg,https://www.flickr.com/photos/54083450@N00/53510950256,14.643102,-90.514769,,,,,,,,,,,,,,,
https://live.staticflickr.com/65535/53510948941_cfa0bf8db4_b.jpg,https://www.flickr.com/photos/54083450@N00/53510948941,14.63487,-90.515005,,,,,,,,,,,,,,,
https://live.staticflickr.com/65535/53511378475_a3afd90408_b.jpg,https://www.flickr.com/photos/54083450@N00/53511378475,14.63487,-90.515005,,,,,,,,,,,,,,,
https://live.staticflickr.com/65535/53510054532_27a5e16aca_b.jpg,https://www.flickr.com/photos/54083450@N00/53510054532,14.63487,-90.515005,,,,,,,,,,,,,,,
https://live.staticflickr.com/65535/53511374995_9b2072883b_b.jpg,https://www.flickr.com/photos/54083450@N00/53511374995,14.63487,-90.515005,,,,,,,,,,,,,,,
https://live.staticflickr.com/65535/53511374205_dda62c9ca6_b.jpg,https://www.flickr.com/photos/54083450@N00/53511374205,14.625786,-90.522698,,,,,,,,,,,,,,,
https://live.staticflickr.com/65535/53510051217_cb37d95b7e_b.jpg,https://www.flickr.com/photos/54083450@N00/53510051217,14.643102,-90.514769,,,,,,,,,,,,,,,
https://live.staticflickr.com/65535/53511372350_c275c7265a_b.jpg,https://www.flickr.com/photos/54083450@N00/53511372350,14.643102,-90.514769,,,,,,,,,,,,,,,
https://live.staticflickr.com/65535/53511372295_b02d1e6886_b.jpg,https://www.flickr.com/photos/54083450@N00/53511372295,14.556585,-90.733809,,,,,,,,,,,,,,,
https://live.staticflickr.com/65535/53511371595_574cce7735_b.jpg,https://www.flickr.com/photos/54083450@N00/53511371595,14.63487,-90.515005,,,,,,,,,,,,,,,
https://live.staticflickr.com/65535/53511371100_bcc3efaefa_b.jpg,https://www.flickr.com/photos/54083450@N00/53511371100,14.643102,-90.514769,,,,,,,,,,,,,,,
https://live.staticflickr.com/65535/53511370845_1d3a80ef4a_b.jpg,https://www.flickr.com/photos/54083450@N00/53511370845,14.625786,-90.522698,,,,,,,,,,,,,,,
https://live.staticflickr.com/65535/53511105498_1343815f33_b.jpg,https://www.flickr.com/photos/54083450@N00/53511105498,14.643102,-90.514769,,,,,,,,,,,,,,,
https://live.staticflickr.com/65535/53511370265_745649352d_b.jpg,https://www.flickr.com/photos/54083450@N00/53511370265,14.625786,-90.522698,,,,,,,,,,,,,,,
https://live.staticflickr.com/65535/53511370160_edce36c8f6_b.jpg,https://www.flickr.com/photos/54083450@N00/53511370160,14.556585,-90.733809,,,,,,,,,,,,,,,
https://live.staticflickr.com/65535/53510937611_99fb10e4ae_b.jpg,https://www.flickr.com/photos/54083450@N00/53510937611,14.643102,-90.514769,,,,,,,,,,,,,,,
https://live.staticflickr.com/65535/53511104333_c65768ea39_b.jpg,https://www.flickr.com/photos/54083450@N00/53511104333,14.556585,-90.733809,,,,,,,,,,,,,,,
https://live.staticflickr.com/65535/53511257359_069347b258_b.jpg,https://www.flickr.com/photos/54083450@N00/53511257359,14.63487,-90.515005,,,,,,,,,,,,,,,
https://live.staticflickr.com/65535/53511257364_10f971e74a_b.jpg,https://www.flickr.com/photos/54083450@N00/53511257364,14.63487,-90.515005,,,,,,,,,,,,,,,
https://live.staticflickr.com/65535/53511257099_e47e7b2d10_b.jpg,https://www.flickr.com/photos/54083450@N00/53511257099,14.625786,-90.522698,,,,,,,,,,,,,,,
https://live.staticflickr.com/65535/53511254909_53769bd148_b.jpg,https://www.flickr.com/photos/54083450@N00/53511254909,14.63487,-90.515005,,,,,,,,,,,,,,,
https://live.staticflickr.com/65535/53511366030_ee8f84f773_b.jpg,https://www.flickr.com/photos/54083450@N00/53511366030,14.63487,-90.515005,,,,,,,,,,,,,,,
https://live.staticflickr.com/65535/53511100363_991369198b_b.jpg,https://www.flickr.com/photos/54083450@N00/53511100363,14.63487,-90.515005,,,,,,,,,,,,,,,
https://live.staticflickr.com/65535/53511100223_104507265a_b.jpg,https://www.flickr.com/photos/54083450@N00/53511100223,14.63487,-90.515005,,,,,,,,,,,,,,,
https://live.staticflickr.com/65535/53510041367_154b9924d3_b.jpg,https://www.flickr.com/photos/54083450@N00/53510041367,14.63487,-90.515005,,,,,,,,,,,,,,,
https://live.staticflickr.com/65535/53510040147_4f79a6e549_b.jpg,https://www.flickr.com/photos/54083450@N00/53510040147,14.63487,-90.515005,,,,,,,,,,,,,,,
https://live.staticflickr.com/65535/53511097703_7cf3daf70f_b.jpg,https://www.flickr.com/photos/54083450@N00/53511097703,14.63487,-90.515005,,,,,,,,,,,,,,,
https://live.staticflickr.com/65535/53510929336_2e5f7d369d_b.jpg,https://www.flickr.com/photos/54083450@N00/53510929336,14.63487,-90.515005,,,,,,,,,,,,,,,
https://live.staticflickr.com/65535/53510036582_6df66a233f_b.jpg,https://www.flickr.com/photos/54083450@N00/53510036582,14.625786,-90.522698,,,,,,,,,,,,,,,
https://live.staticflickr.com/65535/53511094318_5b39760933_b.jpg,https://www.flickr.com/photos/54083450@N00/53511094318,14.63487,-90.515005,,,,,,,,,,,,,,,
https://live.staticflickr.com/65535/53511358890_03df2e35a2_b.jpg,https://www.flickr.com/photos/54083450@N00/53511358890,14.63487,-90.515005,,,,,,,,,,,,,,,
https://live.staticflickr.com/65535/53511358825_dea40131da_b.jpg,https://www.flickr.com/photos/54083450@N00/53511358825,14.643102,-90.514769,,,,,,,,,,,,,,,
https://live.staticflickr.com/65535/53511246124_7cc11cc666_b.jpg,https://www.flickr.com/photos/54083450@N00/53511246124,14.625786,-90.522698,,,,,,,,,,,,,,,
https://live.staticflickr.com/65535/53511345349_63376be018_b.jpg,https://www.flickr.com/photos/54083450@N00/53511345349,14.556585,-90.733809,,,,,,,,,,,,,,,
https://live.staticflickr.com/65535/53511189783_9d1f85a93a_b.jpg,https://www.flickr.com/photos/54083450@N00/53511189783,14.556585,-90.733809,,,,,,,,,,,,,,,
https://live.staticflickr.com/65535/53511455335_0ded690b32_b.jpg,https://www.flickr.com/photos/54083450@N00/53511455335,14.556585,-90.733809,,,,,,,,,,,,,,,
https://live.staticflickr.com/65535/53511023986_002b4a566c_b.jpg,https://www.flickr.com/photos/54083450@N00/53511023986,14.556585,-90.733809,,,,,,,,,,,,,,,
https://live.staticflickr.com/65535/53511454430_c56420959c_b.jpg,https://www.flickr.com/photos/54083450@N00/53511454430,14.556585,-90.733809,,,,,,,,,,,,,,,
https://live.staticflickr.com/65535/53511454115_6114db8422_b.jpg,https://www.flickr.com/photos/54083450@N00/53511454115,14.556585,-90.733809,,,,,,,,,,,,,,,
https://live.staticflickr.com/65535/53511187928_e22f280592_b.jpg,https://www.flickr.com/photos/54083450@N00/53511187928,14.556585,-90.733809,,,,,,,,,,,,,,,
https://live.staticflickr.com/65535/53511187523_ed33e36b51_b.jpg,https://www.flickr.com/photos/54083450@N00/53511187523,14.556585,-90.733809,,,,,,,,,,,,,,,
https://live.staticflickr.com/65535/53511452950_3411c36a9d_b.jpg,https://www.flickr.com/photos/54083450@N00/53511452950,14.556585,-90.733809,,,,,,,,,,,,,,,
https://live.staticflickr.com/65535/53511452500_c7893cea5c_b.jpg,https://www.flickr.com/photos/54083450@N00/53511452500,14.556585,-90.733809,,,,,,,,,,,,,,,
https://live.staticflickr.com/65535/53511020911_afe0450639_b.jpg,https://www.flickr.com/photos/54083450@N00/53511020911,14.556585,-90.733809,,,,,,,,,,,,,,,
https://live.staticflickr.com/65535/53511448365_087411d47f_b.jpg,https://www.flickr.com/photos/54083450@N00/53511448365,14.556585,-90.733809,,,,,,,,,,,,,,,
https://live.staticflickr.com/65535/53511448195_b9f9d1c896_b.jpg,https://www.flickr.com/photos/54083450@N00/53511448195,14.556585,-90.733809,,,,,,,,,,,,,,,
https://live.staticflickr.com/65535/53511182168_7ba0f7a2cc_b.jpg,https://www.flickr.com/photos/54083450@N00/53511182168,14.556585,-90.733809,,,,,,,,,,,,,,,
https://live.staticflickr.com/65535/53511444770_fdef51e7b3_b.jpg,https://www.flickr.com/photos/54083450@N00/53511444770,14.556585,-90.733809,,,,,,,,,,,,,,,
https://live.staticflickr.com/65535/53511331969_0e37a4bcf0_b.jpg,https://www.flickr.com/photos/54083450@N00/53511331969,14.556585,-90.733809,,,,,,,,,,,,,,,
https://live.staticflickr.com/65535/53511178658_a8f41dede1_b.jpg,https://www.flickr.com/photos/54083450@N00/53511178658,14.556585,-90.733809,,,,,,,,,,,,,,,
https://live.staticflickr.com/65535/53510121587_824189b74f_b.jpg,https://www.flickr.com/photos/54083450@N00/53510121587,14.556585,-90.733809,,,,,,,,,,,,,,,
https://live.staticflickr.com/65535/53511012106_a0dc6a907d_b.jpg,https://www.flickr.com/photos/54083450@N00/53511012106,14.635835,-90.520927,,,,,,,,,,,,,,,
https://live.staticflickr.com/65535/53511442405_805da6fbc6_b.jpg,https://www.flickr.com/photos/54083450@N00/53511442405,14.635835,-90.520927,,,,,,,,,,,,,,,
https://live.staticflickr.com/65535/53511440575_fc4a30845f_b.jpg,https://www.flickr.com/photos/54083450@N00/53511440575,14.556585,-90.733809,,,,,,,,,,,,,,,
https://live.staticflickr.com/65535/53510117862_3707f060ea_b.jpg,https://www.flickr.com/photos/54083450@N00/53510117862,14.635835,-90.520927,,,,,,,,,,,,,,,
https://live.staticflickr.com/65535/53510117722_c7fd90801e_b.jpg,https://www.flickr.com/photos/54083450@N00/53510117722,14.635835,-90.520927,,,,,,,,,,,,,,,
https://live.staticflickr.com/65535/53510117582_beec209c35_b.jpg,https://www.flickr.com/photos/54083450@N00/53510117582,14.556585,-90.733809,,,,,,,,,,,,,,,
https://live.staticflickr.com/65535/53510117162_1efc16c951_b.jpg,https://www.flickr.com/photos/54083450@N00/53510117162,14.635835,-90.520927,,,,,,,,,,,,,,,
https://live.staticflickr.com/65535/53511326194_da33f4548d_b.jpg,https://www.flickr.com/photos/54083450@N00/53511326194,14.556585,-90.733809,,,,,,,,,,,,,,,
https://live.staticflickr.com/65535/53511007441_b19316c2ac_b.jpg,https://www.flickr.com/photos/54083450@N00/53511007441,14.635835,-90.520927,,,,,,,,,,,,,,,
https://live.staticflickr.com/65535/53510115197_e9eb16dd05_b.jpg,https://www.flickr.com/photos/54083450@N00/53510115197,14.635835,-90.520927,,,,,,,,,,,,,,,
https://live.staticflickr.com/65535/53510113067_9235bec931_b.jpg,https://www.flickr.com/photos/54083450@N00/53510113067,14.556585,-90.733809,,,,,,,,,,,,,,,
https://live.staticflickr.com/65535/53511323159_5510478fea_b.jpg,https://www.flickr.com/photos/54083450@N00/53511323159,14.635835,-90.520927,,,,,,,,,,,,,,,
https://live.staticflickr.com/65535/53511322809_a56e8fb4fb_b.jpg,https://www.flickr.com/photos/54083450@N00/53511322809,14.635835,-90.520927,,,,,,,,,,,,,,,
https://live.staticflickr.com/65535/53511321504_07ba9d7111_b.jpg,https://www.flickr.com/photos/54083450@N00/53511321504,14.635835,-90.520927,,,,,,,,,,,,,,,
https://live.staticflickr.com/65535/53511002441_e06d697da5_b.jpg,https://www.flickr.com/photos/54083450@N00/53511002441,14.635835,-90.520927,,,,,,,,,,,,,,,
https://live.staticflickr.com/65535/53510110657_3b1020932c_b.jpg,https://www.flickr.com/photos/54083450@N00/53510110657,14.556585,-90.733809,,,,,,,,,,,,,,,
https://live.staticflickr.com/65535/53511320004_89325f7923_b.jpg,https://www.flickr.com/photos/54083450@N00/53511320004,14.556585,-90.733809,,,,,,,,,,,,,,,
https://live.staticflickr.com/65535/53511433080_6d58e00f26_b.jpg,https://www.flickr.com/photos/54083450@N00/53511433080,14.556585,-90.733809,,,,,,,,,,,,,,,
https://live.staticflickr.com/65535/53511000281_28f489bc7f_b.jpg,https://www.flickr.com/photos/54083450@N00/53511000281,14.629202,-90.527848,,,,,,,,,,,,,,,
https://live.staticflickr.com/65535/53511318444_a8e7dfc32d_b.jpg,https://www.flickr.com/photos/54083450@N00/53511318444,14.556585,-90.733809,,,,,,,,,,,,,,,
https://live.staticflickr.com/65535/53510108407_45f5eeb217_b.jpg,https://www.flickr.com/photos/54083450@N00/53510108407,14.556585,-90.733809,,,,,,,,,,,,,,,
https://live.staticflickr.com/65535/53511164028_77b7113152_b.jpg,https://www.flickr.com/photos/54083450@N00/53511164028,14.629202,-90.527848,,,,,,,,,,,,,,,
https://live.staticflickr.com/65535/53510107007_5013db3355_b.jpg,https://www.flickr.com/photos/54083450@N00/53510107007,14.556585,-90.733809,,,,,,,,,,,,,,,
https://live.staticflickr.com/65535/53511428775_c3f72b368e_b.jpg,https://www.flickr.com/photos/54083450@N00/53511428775,14.556585,-90.733809,,,,,,,,,,,,,,,
https://live.staticflickr.com/65535/53510996601_24e16dbbc1_b.jpg,https://www.flickr.com/photos/54083450@N00/53510996601,14.629202,-90.527848,,,,,,,,,,,,,,,
https://live.staticflickr.com/65535/53510104492_32bbcc2d89_b.jpg,https://www.flickr.com/photos/54083450@N00/53510104492,14.629202,-90.527848,,,,,,,,,,,,,,,
https://live.staticflickr.com/65535/53511161193_728efc4e6c_b.jpg,https://www.flickr.com/photos/54083450@N00/53511161193,14.556585,-90.733809,,,,,,,,,,,,,,,
https://live.staticflickr.com/65535/53511160098_bba77bd601_b.jpg,https://www.flickr.com/photos/54083450@N00/53511160098,14.556585,-90.733809,,,,,,,,,,,,,,,
https://live.staticflickr.com/65535/53511159738_7df1c09c1b_b.jpg,https://www.flickr.com/photos/54083450@N00/53511159738,14.556585,-90.733809,,,,,,,,,,,,,,,
https://live.staticflickr.com/65535/53511425690_0e9b1beabc_b.jpg,https://www.flickr.com/photos/54083450@N00/53511425690,14.629202,-90.527848,,,,,,,,,,,,,,,
https://live.staticflickr.com/65535/53511159298_8389027d9d_b.jpg,https://www.flickr.com/photos/54083450@N00/53511159298,14.556585,-90.733809,,,,,,,,,,,,,,,
https://live.staticflickr.com/65535/53511424345_7599956725_b.jpg,https://www.flickr.com/photos/54083450@N00/53511424345,14.629202,-90.527848,,,,,,,,,,,,,,,
https://live.staticflickr.com/65535/53510992391_7f4010ca29_b.jpg,https://www.flickr.com/photos/54083450@N00/53510992391,14.556585,-90.733809,,,,,,,,,,,,,,,
https://live.staticflickr.com/65535/53511157283_9b21411b66_b.jpg,https://www.flickr.com/photos/54083450@N00/53511157283,14.629202,-90.527848,,,,,,,,,,,,,,,
https://live.staticflickr.com/65535/50449487522_4bf1a2bbc3_b.jpg,https://www.flickr.com/photos/23199003@N06/50449487522,35.164372,33.324938,,,,,,,,,,,,,,,
https://live.staticflickr.com/896/42981247081_ea464470e9_b.jpg,https://www.flickr.com/photos/42819205@N05/42981247081,25.208621,55.271766,,,,,,,,,,,,,,,
https://live.staticflickr.com/65535/24946100197_0df7b16953_b.jpg,https://www.flickr.com/photos/54564822@N07/24946100197,25.190438,55.306441,,,,,,,,,,,,,,,
https://live.staticflickr.com/65535/27143238430_518d9aeb87_b.jpg,https://www.flickr.com/photos/54564822@N07/27143238430,25.180833,55.266666,,,,,,,,,,,,,,,
https://live.staticflickr.com/7250/26936332936_859bb4a696_b.jpg,https://www.flickr.com/photos/128470232@N04/26936332936,25.215833,55.269999,,,,,,,,,,,,,,,
https://live.staticflickr.com/65535/26802659826_fc2f3f27ee_b.jpg,https://www.flickr.com/photos/54564822@N07/26802659826,25.180833,55.266633,,,,,,,,,,,,,,,
https://live.staticflickr.com/65535/54633621917_3f95b8ed7e_b.jpg,https://www.flickr.com/photos/50879678@N03/54633621917,31.205166,29.910686,,,,,,,,,,,,,,,
https://live.staticflickr.com/65535/54343229609_af2709b33e_b.jpg,https://www.flickr.com/photos/201993850@N03/54343229609,25.265218,55.290219,,,,,,,,,,,,,,,
https://live.staticflickr.com/65535/54331590111_4bc947f1ea_b.jpg,https://www.flickr.com/photos/42957889@N05/54331590111,36.461899,25.379737,,,,,,,,,,,,,,,
https://live.staticflickr.com/65535/53910441465_d77c4e3131_b.jpg,https://www.flickr.com/photos/8975511@N07/53910441465,25.19246,55.274918,,,,,,,,,,,,,,,
https://live.staticflickr.com/65535/53454296455_372bd49447_b.jpg,https://www.flickr.com/photos/74315404@N08/53454296455,24.459025,54.320225,,,,,,,,,,,,,,,
https://live.staticflickr.com/65535/53299335931_7df37f6d9d_b.jpg,https://www.flickr.com/photos/137086745@N04/53299335931,36.414341,25.433413,,,,,,,,,,,,,,,
https://live.staticflickr.com/65535/53277911927_786c0a68aa_b.jpg,https://www.flickr.com/photos/137086745@N04/53277911927,36.461891,25.374995,,,,,,,,,,,,,,,
https://live.staticflickr.com/65535/52668013841_92eec09734_b.jpg,https://www.flickr.com/photos/136435562@N08/52668013841,36.417008,25.4315,,,,,,,,,,,,,,,
https://live.staticflickr.com/65535/52625731435_fdd2d9998e_b.jpg,https://www.flickr.com/photos/96541566@N06/52625731435,32.280636,35.89203,,,,,,,,,,,,,,,
https://live.staticflickr.com/65535/52624106368_f50950ce0c_b.jpg,https://www.flickr.com/photos/96541566@N06/52624106368,32.272102,35.891077,,,,,,,,,,,,,,,
https://live.staticflickr.com/65535/52532347091_46f0d683d6_b.jpg,https://www.flickr.com/photos/96541566@N06/52532347091,31.949766,35.935152,,,,,,,,,,,,,,,
https://live.staticflickr.com/65535/52342771524_0dbb6fea7d_b.jpg,https://www.flickr.com/photos/152965534@N06/52342771524,31.944973,35.929305,,,,,,,,,,,,,,,
https://live.staticflickr.com/65535/52327451347_d072988d20_b.jpg,https://www.flickr.com/photos/137086745@N04/52327451347,36.453995,25.4232,,,,,,,,,,,,,,,
https://live.staticflickr.com/65535/52307720824_91697fa0b9_b.jpg,https://www.flickr.com/photos/137086745@N04/52307720824,36.461563,25.373032,,,,,,,,,,,,,,,
https://live.staticflickr.com/65535/52112400245_e381461447_b.jpg,https://www.flickr.com/photos/42957889@N05/52112400245,36.461304,25.37492,,,,,,,,,,,,,,,
https://live.staticflickr.com/65535/52111607076_df06b076b6_b.jpg,https://www.flickr.com/photos/137086745@N04/52111607076,36.461942,25.383235,,,,,,,,,,,,,,,
https://live.staticflickr.com/65535/51932220391_eb84761792_b.jpg,https://www.flickr.com/photos/63839496@N08/51932220391,25.26408,55.300308,,,,,,,,,,,,,,,
https://live.staticflickr.com/65535/51923808389_61b9974bf0_b.jpg,https://www.flickr.com/photos/63839496@N08/51923808389,25.263233,55.297025,,,,,,,,,,,,,,,
https://live.staticflickr.com/65535/51726761210_927fb1ccf5_b.jpg,https://www.flickr.com/photos/78174175@N00/51726761210,30.046222,31.239688,,,,,,,,,,,,,,,
https://live.staticflickr.com/65535/51670999232_9d4f2d4053_b.jpg,https://www.flickr.com/photos/42957889@N05/51670999232,36.461528,25.38302,,,,,,,,,,,,,,,
https://live.staticflickr.com/65535/51379387502_2a57572dcb_b.jpg,https://www.flickr.com/photos/42957889@N05/51379387502,36.461243,25.375521,,,,,,,,,,,,,,,
https://live.staticflickr.com/65535/51324288735_1b9ab09bcf_b.jpg,https://www.flickr.com/photos/42957889@N05/51324288735,36.417535,25.431482,,,,,,,,,,,,,,,
https://live.staticflickr.com/65535/51301521816_7ba57c4374_b.jpg,https://www.flickr.com/photos/10345599@N03/51301521816,25.207102,55.277624,,,,,,,,,,,,,,,
https://live.staticflickr.com/65535/50989194523_11bea3b493_b.jpg,https://www.flickr.com/photos/42957889@N05/50989194523,36.425469,25.428403,,,,,,,,,,,,,,,
https://live.staticflickr.com/65535/50953602331_ce297b3ee3_b.jpg,https://www.flickr.com/photos/111970103@N07/50953602331,35.124741,33.942122,,,,,,,,,,,,,,,
https://live.staticflickr.com/65535/50894288697_08211c4840_b.jpg,https://www.flickr.com/photos/42957889@N05/50894288697,36.431425,25.424305,,,,,,,,,,,,,,,
https://live.staticflickr.com/65535/50714576333_481b5d09a9_b.jpg,https://www.flickr.com/photos/42957889@N05/50714576333,36.43196,25.423833,,,,,,,,,,,,,,,
https://live.staticflickr.com/65535/50241140368_ed32b359ba_b.jpg,https://www.flickr.com/photos/42957889@N05/50241140368,36.417077,25.431429,,,,,,,,,,,,,,,
https://live.staticflickr.com/65535/50222778651_5e072be1c0_b.jpg,https://www.flickr.com/photos/42957889@N05/50222778651,36.425339,25.42806,,,,,,,,,,,,,,,
https://live.staticflickr.com/65535/50207145278_68620d658a_b.jpg,https://www.flickr.com/photos/74492144@N00/50207145278,35.699944,51.419094,,,,,,,,,,,,,,,
https://live.staticflickr.com/65535/49858713537_f50ed40d93_b.jpg,https://www.flickr.com/photos/42957889@N05/49858713537,36.460588,25.372045,,,,,,,,,,,,,,,
https://live.staticflickr.com/65535/49534118497_35953a9e12_b.jpg,https://www.flickr.com/photos/67995615@N03/49534118497,25.208008,55.271798,,,,,,,,,,,,,,,
https://live.staticflickr.com/65535/49444506743_41c8e19289_b.jpg,https://www.flickr.com/photos/54663671@N00/49444506743,36.445061,28.226291,,,,,,,,,,,,,,,
https://live.staticflickr.com/65535/49014838496_4989d95272_b.jpg,https://www.flickr.com/photos/113213302@N04/49014838496,34.005927,36.203105,,,,,,,,,,,,,,,
https://live.staticflickr.com/65535/48946776486_6aaa476604_b.jpg,https://www.flickr.com/photos/63839496@N08/48946776486,23.585168,58.390188,,,,,,,,,,,,,,,
https://live.staticflickr.com/65535/48014371588_995abac455_b.jpg,https://www.flickr.com/photos/54663671@N00/48014371588,37.023361,27.435363,,,,,,,,,,,,,,,
https://live.staticflickr.com/7801/46611522255_31cac903a8_b.jpg,https://www.flickr.com/photos/144729932@N02/46611522255,25.196184,55.276465,,,,,,,,,,,,,,,
https://live.staticflickr.com/7876/32538758867_96089ef049_b.jpg,https://www.flickr.com/photos/42481824@N03/32538758867,25.198468,55.274233,,,,,,,,,,,,,,,
https://live.staticflickr.com/4814/32007142027_9d33026d1b_b.jpg,https://www.flickr.com/photos/41622708@N00/32007142027,17.148677,42.626202,,,,,,,,,,,,,,,
https://live.staticflickr.com/1885/43331549855_6e1e94f6e5_b.jpg,https://www.flickr.com/photos/60342453@N06/43331549855,36.460908,25.376852,,,,,,,,,,,,,,,
https://live.staticflickr.com/1787/42232314714_44da0547e8_b.jpg,https://www.flickr.com/photos/60342453@N06/42232314714,36.462222,25.37743,,,,,,,,,,,,,,,
https://live.staticflickr.com/979/41810921522_be0273e21e_b.jpg,https://www.flickr.com/photos/42819205@N05/41810921522,25.208621,55.271766,,,,,,,,,,,,,,,
https://live.staticflickr.com/890/26320390357_541ff44abb_b.jpg,https://www.flickr.com/photos/22793268@N04/26320390357,31.26618,32.308151,,,,,,,,,,,,,,,
https://live.staticflickr.com/4701/39727731424_1df0000907_b.jpg,https://www.flickr.com/photos/50762671@N03/39727731424,31.778067,35.235278,,,,,,,,,,,,,,,
https://live.staticflickr.com/4544/37804934194_93afc19faa_b.jpg,https://www.flickr.com/photos/18023272@N00/37804934194,36.461131,25.376422,,,,,,,,,,,,,,,
https://live.staticflickr.com/4569/37775073204_34f144b4a0_b.jpg,https://www.flickr.com/photos/18023272@N00/37775073204,36.461131,25.376422,,,,,,,,,,,,,,,
https://live.staticflickr.com/4459/26327102299_e555233635_b.jpg,https://www.flickr.com/photos/18023272@N00/26327102299,36.461131,25.376422,,,,,,,,,,,,,,,
https://live.staticflickr.com/4192/34730380545_19444904cf_b.jpg,https://www.flickr.com/photos/41622708@N00/34730380545,34.007044,36.205652,,,,,,,,,,,,,,,
https://live.staticflickr.com/4188/34355486731_f9dcf27a62_b.jpg,https://www.flickr.com/photos/36894632@N05/34355486731,36.416275,25.431354,,,,,,,,,,,,,,,
https://live.staticflickr.com/65535/32544542272_f865564c0b_b.jpg,https://www.flickr.com/photos/137023967@N04/32544542272,36.461114,25.388256,,,,,,,,,,,,,,,
https://live.staticflickr.com/480/32139196182_af6ae0cab1_b.jpg,https://www.flickr.com/photos/78174175@N00/32139196182,30.047318,31.239495,,,,,,,,,,,,,,,
https://live.staticflickr.com/65535/31072524523_b35b9433f9_b.jpg,https://www.flickr.com/photos/54564822@N07/31072524523,25.153805,55.198683,,,,,,,,,,,,,,,
https://live.staticflickr.com/5724/30401038191_70fb50fbdb_b.jpg,https://www.flickr.com/photos/9099757@N05/30401038191,36.443841,28.227545,,,,,,,,,,,,,,,
https://live.staticflickr.com/5693/30370773062_bb1cfa2c91_b.jpg,https://www.flickr.com/photos/9099757@N05/30370773062,36.443841,28.227545,,,,,,,,,,,,,,,
https://live.staticflickr.com/5811/29856733014_a122309c39_b.jpg,https://www.flickr.com/photos/9099757@N05/29856733014,36.443841,28.227545,,,,,,,,,,,,,,,
https://live.staticflickr.com/7114/27728303455_694644495b_b.jpg,https://www.flickr.com/photos/7313621@N03/27728303455,25.097341,55.128888,,,,,,,,,,,,,,,
https://live.staticflickr.com/7358/27651754396_3d6a081851_b.jpg,https://www.flickr.com/photos/7313621@N03/27651754396,25.141583,55.18548,,,,,,,,,,,,,,,
https://live.staticflickr.com/7525/26988502104_12401d0112_b.jpg,https://www.flickr.com/photos/7313621@N03/26988502104,25.192702,55.267272,,,,,,,,,,,,,,,
https://live.staticflickr.com/7460/27451547215_0c9e15e8dc_b.jpg,https://www.flickr.com/photos/22793268@N04/27451547215,31.253166,32.315533,,,,,,,,,,,,,,,
https://live.staticflickr.com/7698/26582891103_831d64413b_b.jpg,https://www.flickr.com/photos/22793268@N04/26582891103,31.248873,32.316949,,,,,,,,,,,,,,,
https://live.staticflickr.com/65535/53990324174_7da6929330_b.jpg,https://www.flickr.com/photos/8975511@N07/53990324174,25.264964,55.295644,,,,,,,,,,,,,,,
https://live.staticflickr.com/65535/53959068015_b3e60befa5_b.jpg,https://www.flickr.com/photos/197819494@N04/53959068015,31.504297,34.465548,,,,,,,,,,,,,,,
https://live.staticflickr.com/65535/53926477865_7f40cf2318_b.jpg,https://www.flickr.com/photos/58990969@N02/53926477865,31.788503,35.202652,,,,,,,,,,,,,,,
https://live.staticflickr.com/65535/53834716676_2f41aa1bc4_b.jpg,https://www.flickr.com/photos/200985870@N04/53834716676,25.159952,55.297827,,,,,,,,,,,,,,,
https://live.staticflickr.com/65535/53833106176_e3147cb562_b.jpg,https://www.flickr.com/photos/59671408@N06/53833106176,34.452811,35.806868,,,,,,,,,,,,,,,
https://live.staticflickr.com/65535/53798296148_495b154cf4_b.jpg,https://www.flickr.com/photos/59671408@N06/53798296148,33.894392,35.506289,,,,,,,,,,,,,,,
https://live.staticflickr.com/65535/53750150142_177b51f1ca_b.jpg,https://www.flickr.com/photos/8975511@N07/53750150142,25.264747,55.294809,,,,,,,,,,,,,,,
https://live.staticflickr.com/65535/53709506235_92e06072d2_b.jpg,https://www.flickr.com/photos/50149410@N03/53709506235,27.031555,33.884297,,,,,,,,,,,,,,,
https://live.staticflickr.com/65535/53707220530_0567dbc3b4_b.jpg,https://www.flickr.com/photos/78738090@N08/53707220530,37.44557,25.326393,,,,,,,,,,,,,,,
https://live.staticflickr.com/65535/53663202225_a5558ace75_b.jpg,https://www.flickr.com/photos/78738090@N08/53663202225,37.446788,25.326951,,,,,,,,,,,,,,,
https://live.staticflickr.com/65535/53626917259_f6ff96421d_b.jpg,https://www.flickr.com/photos/58990969@N02/53626917259,31.781389,35.220623,,,,,,,,,,,,,,,
https://live.staticflickr.com/65535/53617154866_9dd67e9b76_b.jpg,https://www.flickr.com/photos/197819494@N04/53617154866,31.545999,34.45497,,,,,,,,,,,,,,,
https://live.staticflickr.com/65535/53568986659_79c9ff024b_b.jpg,https://www.flickr.com/photos/58990969@N02/53568986659,31.776628,35.234073,,,,,,,,,,,,,,,
https://live.staticflickr.com/65535/53532697745_27044bee19_b.jpg,https://www.flickr.com/photos/58990969@N02/53532697745,31.780897,35.22137,,,,,,,,,,,,,,,
https://live.staticflickr.com/65535/53527590324_8b66dccc0a_b.jpg,https://www.flickr.com/photos/58990969@N02/53527590324,31.783414,35.217518,,,,,,,,,,,,,,,
https://live.staticflickr.com/65535/53511670180_65c6f6272f_b.jpg,https://www.flickr.com/photos/58990969@N02/53511670180,31.788503,35.202652,,,,,,,,,,,,,,,
https://live.staticflickr.com/65535/53510131102_895430016f_b.jpg,https://www.flickr.com/photos/32947943@N06/53510131102,36.350855,25.767413,,,,,,,,,,,,,,,
https://live.staticflickr.com/65535/53500784608_8d9cd18a79_b.jpg,https://www.flickr.com/photos/58990969@N02/53500784608,31.776902,35.234012,,,,,,,,,,,,,,,
https://live.staticflickr.com/65535/53483932241_755bb703d3_b.jpg,https://www.flickr.com/photos/195986407@N04/53483932241,38.418897,27.128645,,,,,,,,,,,,,,,
https://live.staticflickr.com/65535/53462629488_27ffb53cf6_b.jpg,https://www.flickr.com/photos/69197709@N02/53462629488,24.464108,54.322794,,,,,,,,,,,,,,,
https://live.staticflickr.com/65535/53418064788_b1c5faa16f_b.jpg,https://www.flickr.com/photos/69506664@N06/53418064788,36.621261,31.768327,,,,,,,,,,,,,,,
https://live.staticflickr.com/65535/53392731854_a8464d1e5f_b.jpg,https://www.flickr.com/photos/58990969@N02/53392731854,31.78511,35.212326,,,,,,,,,,,,,,,
https://live.staticflickr.com/65535/53137349272_427605c9f1_b.jpg,https://www.flickr.com/photos/58990969@N02/53137349272,31.786688,35.22162,,,,,,,,,,,,,,,
https://live.staticflickr.com/65535/53066344090_9ecce6e3ba_b.jpg,https://www.flickr.com/photos/32947943@N06/53066344090,35.195922,26.278309,,,,,,,,,,,,,,,
https://live.staticflickr.com/65535/53034775714_21325f26cd_b.jpg,https://www.flickr.com/photos/8920963@N03/53034775714,34.756577,32.413538,,,,,,,,,,,,,,,
https://live.staticflickr.com/65535/52995306935_b3f23f2313_b.jpg,https://www.flickr.com/photos/58990969@N02/52995306935,31.786113,35.211546,,,,,,,,,,,,,,,
https://live.staticflickr.com/65535/52980452484_32855b6d20_b.jpg,https://www.flickr.com/photos/58990969@N02/52980452484,31.789223,35.215054,,,,,,,,,,,,,,,
https://live.staticflickr.com/65535/52956730568_0b9babd1ac_b.jpg,https://www.flickr.com/photos/8920963@N03/52956730568,34.777277,32.420566,,,,,,,,,,,,,,,
https://live.staticflickr.com/65535/52956277016_2905b02d42_b.jpg,https://www.flickr.com/photos/8920963@N03/52956277016,34.777569,32.420383,,,,,,,,,,,,,,,
https://live.staticflickr.com/65535/52934620033_51534f12e2_b.jpg,https://www.flickr.com/photos/42767052@N08/52934620033,30.041365,31.245095,,,,,,,,,,,,,,,
https://live.staticflickr.com/65535/52929374014_d17f882ab8_b.jpg,https://www.flickr.com/photos/58990969@N02/52929374014,31.787372,35.212597,,,,,,,,,,,,,,,
https://live.staticflickr.com/65535/52914429664_ab033197d1_b.jpg,https://www.flickr.com/photos/58990969@N02/52914429664,31.785174,35.212351,,,,,,,,,,,,,,,
https://live.staticflickr.com/65535/52832964849_5616d692e0_b.jpg,https://www.flickr.com/photos/58990969@N02/52832964849,31.787317,35.221931,,,,,,,,,,,,,,,
https://live.staticflickr.com/65535/52831264245_ef650c6b7e_b.jpg,https://www.flickr.com/photos/12054734@N06/52831264245,37.938111,27.342319,,,,,,,,,,,,,,,
https://live.staticflickr.com/65535/52780622701_637b8d1252_b.jpg,https://www.flickr.com/photos/58990969@N02/52780622701,32.073301,34.763982,,,,,,,,,,,,,,,
https://live.staticflickr.com/65535/52744593563_6c238f9419_b.jpg,https://www.flickr.com/photos/58990969@N02/52744593563,31.786132,35.223627,,,,,,,,,,,,,,,
https://live.staticflickr.com/65535/52721093904_782459fb49_b.jpg,https://www.flickr.com/photos/58990969@N02/52721093904,31.787609,35.221964,,,,,,,,,,,,,,,
https://live.staticflickr.com/65535/52709639236_18919899e1_b.jpg,https://www.flickr.com/photos/58990969@N02/52709639236,32.065228,34.772222,,,,,,,,,,,,,,,
https://live.staticflickr.com/65535/52704314768_4441edcc26_b.jpg,https://www.flickr.com/photos/58990969@N02/52704314768,31.785338,35.221062,,,,,,,,,,,,,,,
https://live.staticflickr.com/65535/52696163930_4e59796653_b.jpg,https://www.flickr.com/photos/58990969@N02/52696163930,32.073301,34.763982,,,,,,,,,,,,,,,
https://live.staticflickr.com/65535/52676525330_6de24a9042_b.jpg,https://www.flickr.com/photos/58990969@N02/52676525330,32.068247,34.76999,,,,,,,,,,,,,,,
https://live.staticflickr.com/65535/52648016214_6aeb62864f_b.jpg,https://www.flickr.com/photos/58990969@N02/52648016214,31.785174,35.212351,,,,,,,,,,,,,,,
https://live.staticflickr.com/65535/52636383344_a21aafbc7c_b.jpg,https://www.flickr.com/photos/58990969@N02/52636383344,32.073301,34.763982,,,,,,,,,,,,,,,
https://live.staticflickr.com/65535/52612567089_f9667abf74_b.jpg,https://www.flickr.com/photos/58990969@N02/52612567089,32.079156,34.766278,,,,,,,,,,,,,,,
https://live.staticflickr.com/65535/52594164981_ffd19b8eb9_b.jpg,https://www.flickr.com/photos/96541566@N06/52594164981,31.967013,35.898433,,,,,,,,,,,,,,,
https://live.staticflickr.com/65535/52559916354_ebd4a463d9_b.jpg,https://www.flickr.com/photos/96541566@N06/52559916354,31.951605,35.938925,,,,,,,,,,,,,,,
https://live.staticflickr.com/65535/52555007123_ddc29da703_b.jpg,https://www.flickr.com/photos/96541566@N06/52555007123,31.954175,35.934288,,,,,,,,,,,,,,,
https://live.staticflickr.com/65535/52551583696_4f79181ba1_b.jpg,https://www.flickr.com/photos/96541566@N06/52551583696,31.954269,35.934177,,,,,,,,,,,,,,,
https://live.staticflickr.com/65535/52552039535_bc6992ec55_b.jpg,https://www.flickr.com/photos/96541566@N06/52552039535,31.954263,35.934163,,,,,,,,,,,,,,,
https://live.staticflickr.com/65535/52551860544_bb70c36592_b.jpg,https://www.flickr.com/photos/96541566@N06/52551860544,31.954238,35.934172,,,,,,,,,,,,,,,
https://live.staticflickr.com/65535/52547783704_877ef97f23_b.jpg,https://www.flickr.com/photos/96541566@N06/52547783704,31.954091,35.934172,,,,,,,,,,,,,,,
https://live.staticflickr.com/65535/52547853708_92c8535b82_b.jpg,https://www.flickr.com/photos/96541566@N06/52547853708,31.954161,35.934241,,,,,,,,,,,,,,,
https://live.staticflickr.com/65535/52542805754_8bd645e827_b.jpg,https://www.flickr.com/photos/96783018@N05/52542805754,25.065886,55.307224,,,,,,,,,,,,,,,
https://live.staticflickr.com/65535/52538126852_399f9ee433_b.jpg,https://www.flickr.com/photos/96541566@N06/52538126852,31.951747,35.939255,,,,,,,,,,,,,,,
https://live.staticflickr.com/65535/52539006843_64b3056b9c_b.jpg,https://www.flickr.com/photos/96541566@N06/52539006843,31.952344,35.939702,,,,,,,,,,,,,,,
https://live.staticflickr.com/65535/52534985148_84bd85bbfb_b.jpg,https://www.flickr.com/photos/96541566@N06/52534985148,31.962272,35.913133,,,,,,,,,,,,,,,
https://live.staticflickr.com/65535/52517490944_e5e37e374e_b.jpg,https://www.flickr.com/photos/42767052@N08/52517490944,30.050838,31.260352,,,,,,,,,,,,,,,
https://live.staticflickr.com/65535/52494389646_3f34f643ac_b.jpg,https://www.flickr.com/photos/63447397@N08/52494389646,32.784765,35.541245,,,,,,,,,,,,,,,
https://live.staticflickr.com/65535/52452398126_9bc7de5fa0_b.jpg,https://www.flickr.com/photos/32374483@N00/52452398126,30.000322,31.228438,,,,,,,,,,,,,,,
https://live.staticflickr.com/65535/52452671144_74b3af35dc_b.jpg,https://www.flickr.com/photos/32374483@N00/52452671144,29.996227,31.180947,,,,,,,,,,,,,,,
https://live.staticflickr.com/65535/52406380831_9cc2281bf1_b.jpg,https://www.flickr.com/photos/182361940@N08/52406380831,36.206547,28.139522,,,,,,,,,,,,,,,
https://live.staticflickr.com/65535/52384201827_537401990e_b.jpg,https://www.flickr.com/photos/182361940@N08/52384201827,36.206547,28.139522,,,,,,,,,,,,,,,
https://live.staticflickr.com/65535/52382705195_779d091c3c_b.jpg,https://www.flickr.com/photos/48408790@N00/52382705195,30.021654,31.25002,,,,,,,,,,,,,,,
https://live.staticflickr.com/65535/52278017158_2353573b80_b.jpg,https://www.flickr.com/photos/33909206@N04/52278017158,33.895176,35.509293,,,,,,,,,,,,,,,
https://live.staticflickr.com/65535/52269328108_8b602da8b0_b.jpg,https://www.flickr.com/photos/37409770@N00/52269328108,31.951511,35.939713,,,,,,,,,,,,,,,
https://live.staticflickr.com/65535/51987643887_c3940fea7a_b.jpg,https://www.flickr.com/photos/184633230@N08/51987643887,31.951721,35.939324,,,,,,,,,,,,,,,
https://live.staticflickr.com/65535/51760795938_8033294686_b.jpg,https://www.flickr.com/photos/135924873@N02/51760795938,36.383278,25.450183,,,,,,,,,,,,,,,
https://live.staticflickr.com/65535/51760027685_fa7e073fd4_b.jpg,https://www.flickr.com/photos/78174175@N00/51760027685,27.406461,33.675211,,,,,,,,,,,,,,,
https://live.staticflickr.com/65535/51672399624_55a178aef9_b.jpg,https://www.flickr.com/photos/87974483@N02/51672399624,35.340133,25.134648,,,,,,,,,,,,,,,
https://live.staticflickr.com/65535/51670914297_214948570a_b.jpg,https://www.flickr.com/photos/87974483@N02/51670914297,35.337621,25.130957,,,,,,,,,,,,,,,
https://live.staticflickr.com/65535/50934183483_4b8d279544_b.jpg,https://www.flickr.com/photos/191871390@N03/50934183483,31.9542,35.936636,,,,,,,,,,,,,,,
https://live.staticflickr.com/65535/50606127777_7587cca0e5_b.jpg,https://www.flickr.com/photos/8933540@N08/50606127777,36.462088,25.382291,,,,,,,,,,,,,,,
https://live.staticflickr.com/65535/50449303711_1668e6e591_b.jpg,https://www.flickr.com/photos/23199003@N06/50449303711,35.129319,33.373275,,,,,,,,,,,,,,,
https://live.staticflickr.com/65535/50156025011_ef367f04e6_b.jpg,https://www.flickr.com/photos/61530765@N08/50156025011,39.081043,26.369622,,,,,,,,,,,,,,,
https://live.staticflickr.com/65535/50123432986_19a0b1cc82_b.jpg,https://www.flickr.com/photos/126471621@N05/50123432986,32.057605,34.773069,,,,,,,,,,,,,,,
https://live.staticflickr.com/65535/49994331683_7ca4d46e7e_b.jpg,https://www.flickr.com/photos/32133517@N07/49994331683,32.060252,34.77145,,,,,,,,,,,,,,,
https://live.staticflickr.com/65535/49958776941_5ac4823726_b.jpg,https://www.flickr.com/photos/8360124@N06/49958776941,24.088527,32.900161,,,,,,,,,,,,,,,
https://live.staticflickr.com/65535/49927227287_a9df3d48c3_b.jpg,https://www.flickr.com/photos/134242952@N03/49927227287,32.068847,34.761428,,,,,,,,,,,,,,,
https://live.staticflickr.com/65535/49789341826_f24ed2bd31_b.jpg,https://www.flickr.com/photos/134242952@N03/49789341826,31.777686,35.23648,,,,,,,,,,,,,,,
https://live.staticflickr.com/65535/49723397016_404b6780a0_b.jpg,https://www.flickr.com/photos/186024600@N04/49723397016,27.252073,33.823556,,,,,,,,,,,,,,,
https://live.staticflickr.com/65535/49533556481_ae53983dfb_b.jpg,https://www.flickr.com/photos/63839496@N08/49533556481,22.496183,58.0266,,,,,,,,,,,,,,,
https://live.staticflickr.com/65535/49522751501_0aba0fbd9c_b.jpg,https://www.flickr.com/photos/94120119@N03/49522751501,36.443535,28.228746,,,,,,,,,,,,,,,
https://live.staticflickr.com/65535/49484012338_dec60893f1_b.jpg,https://www.flickr.com/photos/129817950@N05/49484012338,31.954147,35.929638,,,,,,,,,,,,,,,
https://live.staticflickr.com/65535/49399479358_189561e759_b.jpg,https://www.flickr.com/photos/96067147@N06/49399479358,24.533986,54.397913,,,,,,,,,,,,,,,
https://live.staticflickr.com/65535/49181939877_af6b953604_b.jpg,https://www.flickr.com/photos/33918861@N04/49181939877,25.289656,51.532981,,,,,,,,,,,,,,,
https://live.staticflickr.com/65535/49001302113_c3cbbf79f5_b.jpg,https://www.flickr.com/photos/184649881@N08/49001302113,32.077174,34.785869,,,,,,,,,,,,,,,
https://live.staticflickr.com/65535/48961157712_7586f5a824_b.jpg,https://www.flickr.com/photos/33918861@N04/48961157712,25.289045,51.532777,,,,,,,,,,,,,,,
https://live.staticflickr.com/65535/48769070742_f765c1ba54_b.jpg,https://www.flickr.com/photos/97238650@N08/48769070742,26.104919,34.286366,,,,,,,,,,,,,,,
https://live.staticflickr.com/65535/48735817938_a6ab34c07e_b.jpg,https://www.flickr.com/photos/41622708@N00/48735817938,15.342908,38.924758,,,,,,,,,,,,,,,
https://live.staticflickr.com/65535/48735724943_947da6d3b3_b.jpg,https://www.flickr.com/photos/41622708@N00/48735724943,15.337066,38.941419,,,,,,,,,,,,,,,
https://live.staticflickr.com/65535/48736050606_b5edb3e7b4_b.jpg,https://www.flickr.com/photos/41622708@N00/48736050606,15.331947,38.930563,,,,,,,,,,,,,,,
https://live.staticflickr.com/65535/48736026371_55d5772393_b.jpg,https://www.flickr.com/photos/41622708@N00/48736026371,15.339688,38.941819,,,,,,,,,,,,,,,
https://live.staticflickr.com/65535/48610225338_1001fbf05a_b.jpg,https://www.flickr.com/photos/37729610@N06/48610225338,31.781724,35.23043,,,,,,,,,,,,,,,
https://live.staticflickr.com/65535/48411820451_43de6e9372_b.jpg,https://www.flickr.com/photos/135705373@N07/48411820451,38.324838,26.306713,,,,,,,,,,,,,,,
https://live.staticflickr.com/65535/48338307606_fe7941451f_b.jpg,https://www.flickr.com/photos/135705373@N07/48338307606,38.325659,26.30172,,,,,,,,,,,,,,,
https://live.staticflickr.com/65535/48267370891_5d11f6fc62_b.jpg,https://www.flickr.com/photos/135705373@N07/48267370891,39.331911,26.658166,,,,,,,,,,,,,,,
https://live.staticflickr.com/65535/48171405547_124f1173b0_b.jpg,https://www.flickr.com/photos/23199003@N06/48171405547,35.111297,33.382063,,,,,,,,,,,,,,,
https://live.staticflickr.com/65535/47992455567_9229fc5415_b.jpg,https://www.flickr.com/photos/169380758@N03/47992455567,36.537829,52.68013,,,,,,,,,,,,,,,
https://live.staticflickr.com/65535/47722126312_bd3c80737b_b.jpg,https://www.flickr.com/photos/56235405@N00/47722126312,31.779401,35.235278,,,,,,,,,,,,,,,
https://live.staticflickr.com/65535/32830810637_b1bc411dcf_b.jpg,https://www.flickr.com/photos/56235405@N00/32830810637,31.781006,35.233347,,,,,,,,,,,,,,,
https://live.staticflickr.com/65535/47720078772_db5a45be74_b.jpg,https://www.flickr.com/photos/56235405@N00/47720078772,31.780331,35.229892,,,,,,,,,,,,,,,
https://live.staticflickr.com/65535/47621632641_e77b13659e_b.jpg,https://www.flickr.com/photos/23199003@N06/47621632641,35.109208,33.379013,,,,,,,,,,,,,,,
https://live.staticflickr.com/7824/40632214273_3a8b7cd482_b.jpg,https://www.flickr.com/photos/83377834@N00/40632214273,31.782349,35.2172,,,,,,,,,,,,,,,
https://live.staticflickr.com/7832/47524334391_2b01807747_b.jpg,https://www.flickr.com/photos/169380758@N03/47524334391,36.563616,53.058729,,,,,,,,,,,,,,,
https://live.staticflickr.com/7923/47231682092_fb32ee1aed_b.jpg,https://www.flickr.com/photos/50628097@N05/47231682092,35.33426,25.145709,,,,,,,,,,,,,,,
https://live.staticflickr.com/7851/46897551052_fea07ea6aa_b.jpg,https://www.flickr.com/photos/41622708@N00/46897551052,21.274297,40.410399,,,,,,,,,,,,,,,
https://live.staticflickr.com/7815/46591459841_ec15fdb0fd_b.jpg,https://www.flickr.com/photos/163384514@N04/46591459841,34.776129,32.415622,,,,,,,,,,,,,,,
https://live.staticflickr.com/4895/32484690948_15cea16086_b.jpg,https://www.flickr.com/photos/23199003@N06/32484690948,35.181736,33.374169,,,,,,,,,,,,,,,
https://live.staticflickr.com/4908/44539629880_1eee66b39b_b.jpg,https://www.flickr.com/photos/23199003@N06/44539629880,35.181736,33.374169,,,,,,,,,,,,,,,
https://live.staticflickr.com/4820/46299429581_611c3a0f53_b.jpg,https://www.flickr.com/photos/23199003@N06/46299429581,35.173908,33.360686,,,,,,,,,,,,,,,
https://live.staticflickr.com/4877/32427415718_a2805de9da_b.jpg,https://www.flickr.com/photos/23199003@N06/32427415718,35.17388,33.360436,,,,,,,,,,,,,,,
https://live.staticflickr.com/4843/31360390977_65da2aacc2_b.jpg,https://www.flickr.com/photos/23199003@N06/31360390977,35.17388,33.360436,,,,,,,,,,,,,,,
https://live.staticflickr.com/4901/45386542435_5cec91e946_b.jpg,https://www.flickr.com/photos/23199003@N06/45386542435,35.173191,33.35828,,,,,,,,,,,,,,,
https://live.staticflickr.com/4860/44482013400_b25b6b8117_b.jpg,https://www.flickr.com/photos/23199003@N06/44482013400,35.173591,33.357891,,,,,,,,,,,,,,,
https://live.staticflickr.com/4849/46290311311_c7a7dfc3c4_b.jpg,https://www.flickr.com/photos/23199003@N06/46290311311,35.181633,33.374202,,,,,,,,,,,,,,,
https://live.staticflickr.com/4811/44473329350_bc4b2180e1_b.jpg,https://www.flickr.com/photos/23199003@N06/44473329350,35.18185,33.374163,,,,,,,,,,,,,,,
https://live.staticflickr.com/4894/45566538624_35ffed871f_b.jpg,https://www.flickr.com/photos/23199003@N06/45566538624,35.18153,33.374244,,,,,,,,,,,,,,,
https://live.staticflickr.com/4856/45566513764_bca755dbd3_b.jpg,https://www.flickr.com/photos/23199003@N06/45566513764,35.181716,33.374202,,,,,,,,,,,,,,,
https://live.staticflickr.com/4840/45566493804_851e5bce11_b.jpg,https://www.flickr.com/photos/23199003@N06/45566493804,35.181716,33.374202,,,,,,,,,,,,,,,
https://live.staticflickr.com/4808/46289897401_2eb7f454a5_b.jpg,https://www.flickr.com/photos/23199003@N06/46289897401,35.181586,33.374252,,,,,,,,,,,,,,,
https://live.staticflickr.com/4914/45377093815_420c3acc3b_b.jpg,https://www.flickr.com/photos/23199003@N06/45377093815,35.181727,33.374161,,,,,,,,,,,,,,,
https://live.staticflickr.com/4913/46289660121_c95e7e2fb6_b.jpg,https://www.flickr.com/photos/23199003@N06/46289660121,35.181736,33.374169,,,,,,,,,,,,,,,
https://live.staticflickr.com/4832/44793849445_cb2ac67540_b.jpg,https://www.flickr.com/photos/86537991@N08/44793849445,25.220598,55.351256,,,,,,,,,,,,,,,
https://live.staticflickr.com/1951/44748860644_80aa773be3_b.jpg,https://www.flickr.com/photos/64384626@N03/44748860644,36.340197,28.202827,,,,,,,,,,,,,,,
https://live.staticflickr.com/1976/43577636410_81237c6910_b.jpg,https://www.flickr.com/photos/90860989@N02/43577636410,26.224639,50.58217,,,,,,,,,,,,,,,
https://live.staticflickr.com/65535/29476142338_8220abd2ec_b.jpg,https://www.flickr.com/photos/57129635@N08/29476142338,36.413758,28.154877,,,,,,,,,,,,,,,
https://live.staticflickr.com/7043/6881089153_6e48ce33ef_b.jpg,https://www.flickr.com/photos/13387442@N07/6881089153,25.242357,55.359334,,,,,,,,,,,,,,,
https://live.staticflickr.com/7146/6737603849_1fee50b93c_b.jpg,https://www.flickr.com/photos/32966415@N00/6737603849,29.343772,48.073124,,,,,,,,,,,,,,,
https://live.staticflickr.com/7002/6719761949_b4dc0d1c0e_b.jpg,https://www.flickr.com/photos/32966415@N00/6719761949,29.362601,47.989434,,,,,,,,,,,,,,,
https://live.staticflickr.com/4049/4268987761_6532492e05_b.jpg,https://www.flickr.com/photos/33518812@N00/4268987761,25.201223,55.272023,,,,,,,,,,,,,,,
https://live.staticflickr.com/3643/3697455278_559cf8b89a_b.jpg,https://www.flickr.com/photos/38255616@N06/3697455278,32.07232,34.830436,,,,,,,,,,,,,,,
https://live.staticflickr.com/3564/3547053288_65070796cb_b.jpg,https://www.flickr.com/photos/21372148@N00/3547053288,24.474318,39.608931,,,,,,,,,,,,,,,
https://live.staticflickr.com/3367/3418820718_eb9a17907b_b.jpg,https://www.flickr.com/photos/36702493@N03/3418820718,29.386896,47.980535,,,,,,,,,,,,,,,
https://live.staticflickr.com/3380/3281575561_0c60d2425e_b.jpg,https://www.flickr.com/photos/29789996@N00/3281575561,25.215647,55.278997,,,,,,,,,,,,,,,
https://live.staticflickr.com/65535/52372879206_6087892b6a_b.jpg,https://www.flickr.com/photos/39908901@N06/52372879206,51.178013,-115.571214,,,,,,,,,,,,,,,
https://live.staticflickr.com/65535/52247349946_51687af5d0_b.jpg,https://www.flickr.com/photos/39908901@N06/52247349946,51.176441,-115.572228,,,,,,,,,,,,,,,
https://live.staticflickr.com/8435/28765056534_dc61ec8c45_b.jpg,https://www.flickr.com/photos/24453255@N04/28765056534,51.175266,-115.571086,,,,,,,,,,,,,,,
https://live.staticflickr.com/7420/11037784066_9ebf01531d_b.jpg,https://www.flickr.com/photos/76692842@N07/11037784066,49.276958,-123.122106,,,,,,,,,,,,,,,
https://live.staticflickr.com/65535/54458675081_bb2917647e_b.jpg,https://www.flickr.com/photos/200794501@N08/54458675081,52.885055,-118.08432,,,,,,,,,,,,,,,
https://live.staticflickr.com/65535/54279640444_e045d7dfb5_b.jpg,https://www.flickr.com/photos/202116839@N04/54279640444,49.380766,-121.438601,,,,,,,,,,,,,,,
https://live.staticflickr.com/65535/54123935311_d860c70773_b.jpg,https://www.flickr.com/photos/95142644@N00/54123935311,49.077036,-117.799009,,,,,,,,,,,,,,,
https://live.staticflickr.com/65535/54051661983_7b03bb6c32_b.jpg,https://www.flickr.com/photos/34911734@N07/54051661983,51.000725,-118.198504,,,,,,,,,,,,,,,
https://live.staticflickr.com/65535/53578640254_f48a04cbfb_b.jpg,https://www.flickr.com/photos/35832488@N03/53578640254,49.283735,-123.113286,,,,,,,,,,,,,,,
https://live.staticflickr.com/65535/53356559639_5d7085e629_b.jpg,https://www.flickr.com/photos/14904436@N00/53356559639,49.2919,-123.127242,,,,,,,,,,,,,,,
https://live.staticflickr.com/65535/52811063658_22616cb330_b.jpg,https://www.flickr.com/photos/197984308@N05/52811063658,49.284687,-123.112374,,,,,,,,,,,,,,,
https://live.staticflickr.com/65535/52520963016_a55131bcc1_b.jpg,https://www.flickr.com/photos/148598741@N02/52520963016,53.066079,-121.517972,,,,,,,,,,,,,,,
https://live.staticflickr.com/65535/52517078631_8708049af3_b.jpg,https://www.flickr.com/photos/148598741@N02/52517078631,53.065911,-121.517457,,,,,,,,,,,,,,,
https://live.staticflickr.com/65535/50027994791_e513c5a172_b.jpg,https://www.flickr.com/photos/39908901@N06/50027994791,51.176011,-115.571827,,,,,,,,,,,,,,,
https://live.staticflickr.com/65535/50027991341_6136dd09e8_b.jpg,https://www.flickr.com/photos/39908901@N06/50027991341,51.176011,-115.571827,,,,,,,,,,,,,,,
https://live.staticflickr.com/65535/48101958193_9357320302_b.jpg,https://www.flickr.com/photos/14904436@N00/48101958193,49.276886,-123.112276,,,,,,,,,,,,,,,
https://live.staticflickr.com/65535/47953749272_ae0e272f56_b.jpg,https://www.flickr.com/photos/49840387@N03/47953749272,49.203621,-122.904653,,,,,,,,,,,,,,,
https://live.staticflickr.com/7823/33355404158_1d2558e032_b.jpg,https://www.flickr.com/photos/39908901@N06/33355404158,51.175493,-115.571023,,,,,,,,,,,,,,,
https://live.staticflickr.com/4805/39930981763_f51a5a521a_b.jpg,https://www.flickr.com/photos/39908901@N06/39930981763,51.176194,-115.571006,,,,,,,,,,,,,,,
https://live.staticflickr.com/914/43563746602_5a19a90b4e_b.jpg,https://www.flickr.com/photos/49040827@N04/43563746602,49.30963,-123.082739,,,,,,,,,,,,,,,
https://live.staticflickr.com/836/43115824622_455d67dba4_b.jpg,https://www.flickr.com/photos/108176798@N03/43115824622,51.179006,-115.570637,,,,,,,,,,,,,,,
https://live.staticflickr.com/1781/42931956042_df13e70b29_b.jpg,https://www.flickr.com/photos/14904436@N00/42931956042,49.327222,-123.047778,,,,,,,,,,,,,,,
https://live.staticflickr.com/916/41611148981_da8741d628_b.jpg,https://www.flickr.com/photos/14904436@N00/41611148981,49.309999,-123.0825,,,,,,,,,,,,,,,
https://live.staticflickr.com/4532/37731578014_9f6fae78cf_b.jpg,https://www.flickr.com/photos/18378305@N00/37731578014,51.176773,-115.572502,,,,,,,,,,,,,,,
https://live.staticflickr.com/8850/28028224610_32a8580610_b.jpg,https://www.flickr.com/photos/24453255@N04/28028224610,49.273908,-123.131418,,,,,,,,,,,,,,,
https://live.staticflickr.com/8826/27693476824_c4b94b751d_b.jpg,https://www.flickr.com/photos/24453255@N04/27693476824,49.287752,-123.135001,,,,,,,,,,,,,,,
https://live.staticflickr.com/8755/27671482674_cba6b49cab_b.jpg,https://www.flickr.com/photos/50148706@N04/27671482674,51.045838,-114.071035,,,,,,,,,,,,,,,
https://live.staticflickr.com/7242/26904238460_d36720d959_b.jpg,https://www.flickr.com/photos/45749280@N00/26904238460,48.422319,-123.366889,,,,,,,,,,,,,,,
https://live.staticflickr.com/3769/19720232344_b45876e15e_b.jpg,https://www.flickr.com/photos/76692842@N07/19720232344,51.058777,-114.066981,,,,,,,,,,,,,,,
https://live.staticflickr.com/354/19256014135_c5b346f337_b.jpg,https://www.flickr.com/photos/7674212@N03/19256014135,51.045872,-114.071581,,,,,,,,,,,,,,,
https://live.staticflickr.com/7721/18051255142_cc4cc6691e_b.jpg,https://www.flickr.com/photos/87857621@N00/18051255142,49.169444,-122.576112,,,,,,,,,,,,,,,
https://live.staticflickr.com/5443/17501116295_0cef7a342d_b.jpg,https://www.flickr.com/photos/35498711@N04/17501116295,49.281147,-123.025239,,,,,,,,,,,,,,,
https://live.staticflickr.com/7645/17259692412_a43877e5db_b.jpg,https://www.flickr.com/photos/110322667@N08/17259692412,49.288333,-123.118919,,,,,,,,,,,,,,,
https://live.staticflickr.com/8702/17095257771_fdf422ff02_b.jpg,https://www.flickr.com/photos/110322667@N08/17095257771,49.284386,-123.117985,,,,,,,,,,,,,,,
https://live.staticflickr.com/3938/15585664081_ec40709e05_b.jpg,https://www.flickr.com/photos/110322667@N08/15585664081,49.28249,-123.114874,,,,,,,,,,,,,,,
https://live.staticflickr.com/5488/11411157073_351bf1c4b0_b.jpg,https://www.flickr.com/photos/76692842@N07/11411157073,49.272402,-123.13407,,,,,,,,,,,,,,,
https://live.staticflickr.com/2861/10859381356_6bf0cdb28b_b.jpg,https://www.flickr.com/photos/21010819@N02/10859381356,49.279368,-123.116548,,,,,,,,,,,,,,,
https://live.staticflickr.com/7417/10581260035_cd82bc7469_b.jpg,https://www.flickr.com/photos/95142644@N00/10581260035,49.260327,-123.113147,,,,,,,,,,,,,,,
https://live.staticflickr.com/5539/10320447274_dc4687c194_b.jpg,https://www.flickr.com/photos/21010819@N02/10320447274,49.297297,-123.140999,,,,,,,,,,,,,,,
https://live.staticflickr.com/2814/10237195685_41bbea0ece_b.jpg,https://www.flickr.com/photos/24128704@N08/10237195685,49.286591,-122.787303,,,,,,,,,,,,,,,
https://live.staticflickr.com/2847/10030359403_9fd50cd80b_b.jpg,https://www.flickr.com/photos/24128704@N08/10030359403,49.286591,-122.787195,,,,,,,,,,,,,,,
https://live.staticflickr.com/7297/9736399804_6718e8bf95_b.jpg,https://www.flickr.com/photos/24128704@N08/9736399804,49.272261,-123.104212,,,,,,,,,,,,,,,
https://live.staticflickr.com/7349/9309104005_b9a5723e24_b.jpg,https://www.flickr.com/photos/71482738@N00/9309104005,52.87691,-118.079804,,,,,,,,,,,,,,,
https://live.staticflickr.com/7424/9228491826_1896d82030_b.jpg,https://www.flickr.com/photos/21010819@N02/9228491826,49.283371,-123.104075,,,,,,,,,,,,,,,
https://live.staticflickr.com/8254/8699903733_43172a8d70_b.jpg,https://www.flickr.com/photos/39569656@N07/8699903733,48.993228,-123.817334,,,,,,,,,,,,,,,
https://live.staticflickr.com/8099/8526336807_5176570fa6_b.jpg,https://www.flickr.com/photos/24128704@N08/8526336807,49.284408,-123.108953,,,,,,,,,,,,,,,
https://live.staticflickr.com/8248/8466348255_b4dc140902_b.jpg,https://www.flickr.com/photos/31478480@N00/8466348255,49.373096,-122.956355,,,,,,,,,,,,,,,
https://live.staticflickr.com/8213/8421830117_186b744ba7_b.jpg,https://www.flickr.com/photos/27415256@N00/8421830117,49.27374,-123.098845,,,,,,,,,,,,,,,
https://live.staticflickr.com/8206/8238641867_463fb9283d_b.jpg,https://www.flickr.com/photos/53936799@N05/8238641867,51.088449,-114.096406,,,,,,,,,,,,,,,
https://live.staticflickr.com/6111/6866361932_980b48dded_b.jpg,https://www.flickr.com/photos/60527064@N00/6866361932,49.27926,-123.081851,,,,,,,,,,,,,,,
https://live.staticflickr.com/7161/6820196983_5b3312b620_b.jpg,https://www.flickr.com/photos/64369671@N05/6820196983,51.084714,-114.059828,,,,,,,,,,,,,,,
https://live.staticflickr.com/7166/6712763265_2947029f9c_b.jpg,https://www.flickr.com/photos/64752540@N00/6712763265,49.287493,-123.142147,,,,,,,,,,,,,,,
https://live.staticflickr.com/7018/6503599373_2909601dec_b.jpg,https://www.flickr.com/photos/59525924@N05/6503599373,49.205689,-123.117685,,,,,,,,,,,,,,,
https://live.staticflickr.com/7147/6444987967_bda51cf205_b.jpg,https://www.flickr.com/photos/41254428@N05/6444987967,49.298038,-123.120002,,,,,,,,,,,,,,,
https://live.staticflickr.com/4047/4647546127_ec15900f52_b.jpg,https://www.flickr.com/photos/32093297@N04/4647546127,49.281972,-123.118833,,,,,,,,,,,,,,,
https://live.staticflickr.com/2687/4377308661_a16c918294_b.jpg,https://www.flickr.com/photos/60527064@N00/4377308661,49.281807,-123.120689,,,,,,,,,,,,,,,
https://live.staticflickr.com/3073/2724342760_78c61180a4_b.jpg,https://www.flickr.com/photos/64752540@N00/2724342760,49.289669,-123.141297,,,,,,,,,,,,,,,
https://live.staticflickr.com/2303/2238677820_df8a0180dd_b.jpg,https://www.flickr.com/photos/87455506@N00/2238677820,49.274293,-123.124712,,,,,,,,,,,,,,,
https://live.staticflickr.com/144/330286726_291da7f8f7_b.jpg,https://www.flickr.com/photos/86147015@N00/330286726,49.27227,-123.054578,,,,,,,,,,,,,,,
https://live.staticflickr.com/65535/54391586089_b828223f87_b.jpg,https://www.flickr.com/photos/198808699@N06/54391586089,49.272871,-123.119672,,,,,,,,,,,,,,,
https://live.staticflickr.com/65535/54391732540_56560d9225_b.jpg,https://www.flickr.com/photos/198808699@N06/54391732540,49.277155,-123.126259,,,,,,,,,,,,,,,
https://live.staticflickr.com/65535/54309731637_96cbc14271_b.jpg,https://www.flickr.com/photos/79452638@N00/54309731637,49.234547,-123.011376,,,,,,,,,,,,,,,
https://live.staticflickr.com/65535/54304203985_50340193c5_b.jpg,https://www.flickr.com/photos/198808699@N06/54304203985,49.271254,-123.122644,,,,,,,,,,,,,,,
https://live.staticflickr.com/65535/54297766551_2c45e756c1_b.jpg,https://www.flickr.com/photos/23980543@N04/54297766551,49.3278,-122.949503,,,,,,,,,,,,,,,
https://live.staticflickr.com/65535/54290264508_4cd8a95d6e_b.jpg,https://www.flickr.com/photos/192540662@N04/54290264508,49.284372,-123.109042,,,,,,,,,,,,,,,
https://live.staticflickr.com/65535/54288193683_f8358cbf4b_b.jpg,https://www.flickr.com/photos/198808699@N06/54288193683,49.296421,-123.135293,,,,,,,,,,,,,,,
https://live.staticflickr.com/65535/54258336089_b29e9707c7_b.jpg,https://www.flickr.com/photos/16392790@N00/54258336089,49.232247,-123.121331,,,,,,,,,,,,,,,
https://live.staticflickr.com/65535/54226826307_00565a78ed_b.jpg,https://www.flickr.com/photos/79452638@N00/54226826307,49.254768,-123.062745,,,,,,,,,,,,,,,
https://live.staticflickr.com/65535/53786606214_4be8358b3e_b.jpg,https://www.flickr.com/photos/152965534@N06/53786606214,49.2764,-123.130917,,,,,,,,,,,,,,,
https://live.staticflickr.com/65535/53560607177_c1fa1a5b95_b.jpg,https://www.flickr.com/photos/46084515@N06/53560607177,51.120827,-114.062753,,,,,,,,,,,,,,,
https://live.staticflickr.com/65535/53528810948_6eff169789_b.jpg,https://www.flickr.com/photos/127019840@N03/53528810948,50.996363,-118.196954,,,,,,,,,,,,,,,
https://live.staticflickr.com/65535/53472893723_05d86481c9_b.jpg,https://www.flickr.com/photos/35034347371@N01/53472893723,49.287711,-123.121423,,,,,,,,,,,,,,,
https://live.staticflickr.com/65535/53472704791_85a5ce0cf7_b.jpg,https://www.flickr.com/photos/35034347371@N01/53472704791,49.287711,-123.121423,,,,,,,,,,,,,,,
https://live.staticflickr.com/65535/53377423912_b9f200a3cc_b.jpg,https://www.flickr.com/photos/60527064@N00/53377423912,49.285758,-123.118801,,,,,,,,,,,,,,,
https://live.staticflickr.com/65535/53325864659_ded978e52f_b.jpg,https://www.flickr.com/photos/23980543@N04/53325864659,49.298416,-123.121279,,,,,,,,,,,,,,,
https://live.staticflickr.com/65535/53266785463_c00dab910d_b.jpg,https://www.flickr.com/photos/23980543@N04/53266785463,49.296576,-123.135166,,,,,,,,,,,,,,,
https://live.staticflickr.com/65535/53161844090_f6ce8c831b_b.jpg,https://www.flickr.com/photos/64752540@N00/53161844090,49.289439,-123.138692,,,,,,,,,,,,,,,
https://live.staticflickr.com/65535/53117292618_73af7f54bf_b.jpg,https://www.flickr.com/photos/14904436@N00/53117292618,49.307702,-123.080923,,,,,,,,,,,,,,,
https://live.staticflickr.com/65535/52961061054_60f4226397_b.jpg,https://www.flickr.com/photos/64752540@N00/52961061054,49.277191,-123.126053,,,,,,,,,,,,,,,
https://live.staticflickr.com/65535/52661429901_acb5777439_b.jpg,https://www.flickr.com/photos/55396465@N02/52661429901,51.10759,-114.102122,,,,,,,,,,,,,,,
https://live.staticflickr.com/65535/52656618307_b5021a6838_b.jpg,https://www.flickr.com/photos/25621285@N06/52656618307,49.680991,-123.154598,,,,,,,,,,,,,,,
https://live.staticflickr.com/65535/52634278201_e9da937e4e_b.jpg,https://www.flickr.com/photos/40802917@N06/52634278201,49.277058,-123.10315,,,,,,,,,,,,,,,
https://live.staticflickr.com/65535/52586517623_685c13413c_b.jpg,https://www.flickr.com/photos/43517822@N00/52586517623,48.428158,-123.372331,,,,,,,,,,,,,,,
https://live.staticflickr.com/65535/50417227828_e4941504a5_b.jpg,https://www.flickr.com/photos/64752540@N00/50417227828,49.277963,-123.123564,,,,,,,,,,,,,,,
https://live.staticflickr.com/65535/50412541382_51ef1f15c0_b.jpg,https://www.flickr.com/photos/64752540@N00/50412541382,49.288918,-123.139421,,,,,,,,,,,,,,,
https://live.staticflickr.com/65535/50359469218_d5144aa1ef_b.jpg,https://www.flickr.com/photos/64752540@N00/50359469218,49.288526,-123.143016,,,,,,,,,,,,,,,
https://live.staticflickr.com/65535/50348528873_7d64d8e6b2_b.jpg,https://www.flickr.com/photos/64752540@N00/50348528873,49.286581,-123.143423,,,,,,,,,,,,,,,
https://live.staticflickr.com/65535/50313726471_cfe0f12be0_b.jpg,https://www.flickr.com/photos/64752540@N00/50313726471,49.285839,-123.144164,,,,,,,,,,,,,,,
https://live.staticflickr.com/65535/50256963032_eaa5394ba3_b.jpg,https://www.flickr.com/photos/64752540@N00/50256963032,49.290577,-123.142812,,,,,,,,,,,,,,,
https://live.staticflickr.com/65535/50200127178_fabc7b4e47_b.jpg,https://www.flickr.com/photos/64752540@N00/50200127178,49.28733,-123.143423,,,,,,,,,,,,,,,
https://live.staticflickr.com/65535/50193418547_13f7bd0b3e_b.jpg,https://www.flickr.com/photos/64752540@N00/50193418547,49.290472,-123.140634,,,,,,,,,,,,,,,
https://live.staticflickr.com/65535/50182060478_933402ceaa_b.jpg,https://www.flickr.com/photos/64752540@N00/50182060478,49.279841,-123.110872,,,,,,,,,,,,,,,
https://live.staticflickr.com/65535/50099104052_2a779a4930_b.jpg,https://www.flickr.com/photos/64752540@N00/50099104052,49.287246,-123.143541,,,,,,,,,,,,,,,
https://live.staticflickr.com/65535/50068942171_c47e63396f_b.jpg,https://www.flickr.com/photos/64752540@N00/50068942171,49.288729,-123.143616,,,,,,,,,,,,,,,
https://live.staticflickr.com/65535/50051613763_595743034e_b.jpg,https://www.flickr.com/photos/64752540@N00/50051613763,49.285689,-123.122406,,,,,,,,,,,,,,,
https://live.staticflickr.com/65535/49848635622_b6c791282b_b.jpg,https://www.flickr.com/photos/64752540@N00/49848635622,49.289002,-123.143777,,,,,,,,,,,,,,,
https://live.staticflickr.com/65535/49791117362_c2fa2c5425_b.jpg,https://www.flickr.com/photos/64752540@N00/49791117362,49.279078,-123.138027,,,,,,,,,,,,,,,
https://live.staticflickr.com/65535/49734687138_d1e4f5c55b_b.jpg,https://www.flickr.com/photos/64752540@N00/49734687138,49.269621,-123.133982,,,,,,,,,,,,,,,
https://live.staticflickr.com/65535/49725215028_c261037dcf_b.jpg,https://www.flickr.com/photos/64752540@N00/49725215028,49.28757,-123.141911,,,,,,,,,,,,,,,
https://live.staticflickr.com/65535/49602157331_5f2f1422c2_b.jpg,https://www.flickr.com/photos/14904436@N00/49602157331,49.275827,-123.114145,,,,,,,,,,,,,,,
https://live.staticflickr.com/65535/49601655948_dd56be4d3a_b.jpg,https://www.flickr.com/photos/14904436@N00/49601655948,49.275552,-123.114648,,,,,,,,,,,,,,,
https://live.staticflickr.com/65535/49290829618_0af6a8f5d4_b.jpg,https://www.flickr.com/photos/37775553@N06/49290829618,49.27298,-123.134559,,,,,,,,,,,,,,,
https://live.staticflickr.com/65535/49290826463_b23bef8325_b.jpg,https://www.flickr.com/photos/37775553@N06/49290826463,49.272854,-123.134487,,,,,,,,,,,,,,,
https://live.staticflickr.com/65535/49155472403_4bde4747e8_b.jpg,https://www.flickr.com/photos/64752540@N00/49155472403,49.289387,-123.144882,,,,,,,,,,,,,,,
https://live.staticflickr.com/65535/49144518198_9ebcedd81c_b.jpg,https://www.flickr.com/photos/64752540@N00/49144518198,49.28247,-123.118929,,,,,,,,,,,,,,,
https://live.staticflickr.com/65535/48967228212_452b3f0f9c_b.jpg,https://www.flickr.com/photos/91642141@N00/48967228212,48.415934,-123.389746,,,,,,,,,,,,,,,
https://live.staticflickr.com/65535/48960278981_a8f17b0859_b.jpg,https://www.flickr.com/photos/64752540@N00/48960278981,49.287561,-123.143616,,,,,,,,,,,,,,,
https://live.staticflickr.com/65535/48830271551_1ef85f1d2e_b.jpg,https://www.flickr.com/photos/64752540@N00/48830271551,49.289604,-123.145473,,,,,,,,,,,,,,,
https://live.staticflickr.com/65535/48766781493_96a7953535_b.jpg,https://www.flickr.com/photos/64752540@N00/48766781493,49.288337,-123.140269,,,,,,,,,,,,,,,
https://live.staticflickr.com/65535/48746444651_7c4055f662_b.jpg,https://www.flickr.com/photos/64752540@N00/48746444651,49.286966,-123.143767,,,,,,,,,,,,,,,
https://live.staticflickr.com/65535/48668274081_e022104e41_b.jpg,https://www.flickr.com/photos/99599465@N07/48668274081,51.052266,-114.06259,,,,,,,,,,,,,,,
https://live.staticflickr.com/65535/48656167957_239863a67b_b.jpg,https://www.flickr.com/photos/60527064@N00/48656167957,49.283451,-123.108222,,,,,,,,,,,,,,,
https://live.staticflickr.com/65535/48633283581_6acf42905c_b.jpg,https://www.flickr.com/photos/64752540@N00/48633283581,49.286693,-123.143649,,,,,,,,,,,,,,,
https://live.staticflickr.com/65535/48609996856_737621237d_b.jpg,https://www.flickr.com/photos/60527064@N00/48609996856,49.28329,-123.104177,,,,,,,,,,,,,,,
https://live.staticflickr.com/65535/48581351797_ffc9236fa9_b.jpg,https://www.flickr.com/photos/49840387@N03/48581351797,49.271408,-123.115282,,,,,,,,,,,,,,,
https://live.staticflickr.com/65535/48547607552_1835f756e7_b.jpg,https://www.flickr.com/photos/64752540@N00/48547607552,49.28868,-123.143177,,,,,,,,,,,,,,,
https://live.staticflickr.com/65535/48421440991_ec8d34e321_b.jpg,https://www.flickr.com/photos/91642141@N00/48421440991,48.415934,-123.389746,,,,,,,,,,,,,,,
https://live.staticflickr.com/65535/48391802911_7869518ef9_b.jpg,https://www.flickr.com/photos/64752540@N00/48391802911,49.28698,-123.143305,,,,,,,,,,,,,,,
https://live.staticflickr.com/65535/48368874071_553917f997_b.jpg,https://www.flickr.com/photos/64752540@N00/48368874071,49.289422,-123.144958,,,,,,,,,,,,,,,
https://live.staticflickr.com/65535/48215106891_0bfa89f709_b.jpg,https://www.flickr.com/photos/49840387@N03/48215106891,49.311361,-123.084908,,,,,,,,,,,,,,,
https://live.staticflickr.com/65535/48130340592_00fb8070d8_b.jpg,https://www.flickr.com/photos/64752540@N00/48130340592,49.288176,-123.140323,,,,,,,,,,,,,,,
https://live.staticflickr.com/65535/48083924341_b780871ec9_b.jpg,https://www.flickr.com/photos/64752540@N00/48083924341,49.287323,-123.14176,,,,,,,,,,,,,,,
https://live.staticflickr.com/65535/48080583361_de007a4078_b.jpg,https://www.flickr.com/photos/64752540@N00/48080583361,49.288967,-123.144142,,,,,,,,,,,,,,,
https://live.staticflickr.com/65535/48012030508_2bb22cc94f_b.jpg,https://www.flickr.com/photos/64752540@N00/48012030508,49.284054,-123.143284,,,,,,,,,,,,,,,
https://live.staticflickr.com/65535/46959473625_ef944d091b_b.jpg,https://www.flickr.com/photos/64752540@N00/46959473625,49.288757,-123.143767,,,,,,,,,,,,,,,
https://live.staticflickr.com/65535/47808969192_f8c46bcdf1_b.jpg,https://www.flickr.com/photos/14904436@N00/47808969192,49.272552,-123.102831,,,,,,,,,,,,,,,
https://live.staticflickr.com/65535/47038805714_3947d9500e_b.jpg,https://www.flickr.com/photos/60527064@N00/47038805714,49.282468,-123.111848,,,,,,,,,,,,,,,
https://live.staticflickr.com/65535/46897919555_d57f54f8c5_b.jpg,https://www.flickr.com/photos/60527064@N00/46897919555,49.282423,-123.118586,,,,,,,,,,,,,,,
https://live.staticflickr.com/65535/33898571918_df519f0a3d_b.jpg,https://www.flickr.com/photos/60527064@N00/33898571918,49.125689,-123.184129,,,,,,,,,,,,,,,
https://live.staticflickr.com/65535/46979723054_1d56e8a0b5_b.jpg,https://www.flickr.com/photos/60527064@N00/46979723054,49.125106,-123.184171,,,,,,,,,,,,,,,
https://live.staticflickr.com/65535/46793848325_5d0fa01bc3_b.jpg,https://www.flickr.com/photos/60527064@N00/46793848325,49.283598,-123.102933,,,,,,,,,,,,,,,
https://live.staticflickr.com/65535/32757140447_75aee021c9_b.jpg,https://www.flickr.com/photos/64752540@N00/32757140447,49.28944,-123.14455,,,,,,,,,,,,,,,
https://live.staticflickr.com/65535/40697924673_fb394896dd_b.jpg,https://www.flickr.com/photos/60527064@N00/40697924673,49.247266,-123.101119,,,,,,,,,,,,,,,
https://live.staticflickr.com/65535/40682052703_f497238419_b.jpg,https://www.flickr.com/photos/64752540@N00/40682052703,49.291526,-123.127491,,,,,,,,,,,,,,,
https://live.staticflickr.com/7885/32653361027_8100a89cbe_b.jpg,https://www.flickr.com/photos/64752540@N00/32653361027,49.284852,-123.14397,,,,,,,,,,,,,,,
https://live.staticflickr.com/7904/46674244805_48db5bdcfb_b.jpg,https://www.flickr.com/photos/64752540@N00/46674244805,49.291409,-123.135495,,,,,,,,,,,,,,,
https://live.staticflickr.com/7879/47523393942_8b90918400_b.jpg,https://www.flickr.com/photos/60527064@N00/47523393942,49.280817,-123.102289,,,,,,,,,,,,,,,
https://live.staticflickr.com/7914/47568131621_9e17a7d6a9_b.jpg,https://www.flickr.com/photos/64752540@N00/47568131621,49.287617,-123.143466,,,,,,,,,,,,,,,
https://live.staticflickr.com/7907/47481120342_1534bdb11f_b.jpg,https://www.flickr.com/photos/14904436@N00/47481120342,49.27228,-123.103784,,,,,,,,,,,,,,,
https://live.staticflickr.com/7867/46778535384_7abd83536d_b.jpg,https://www.flickr.com/photos/60527064@N00/46778535384,49.276414,-123.093888,,,,,,,,,,,,,,,
https://live.staticflickr.com/7866/40530456933_a6a93d3bcc_b.jpg,https://www.flickr.com/photos/60527064@N00/40530456933,49.279039,-123.0814,,,,,,,,,,,,,,,
https://live.staticflickr.com/7840/47443416112_09a03b5179_b.jpg,https://www.flickr.com/photos/64752540@N00/47443416112,49.288575,-123.143541,,,,,,,,,,,,,,,
https://live.staticflickr.com/7883/33554901248_c9d8a14ce1_b.jpg,https://www.flickr.com/photos/64752540@N00/33554901248,49.289632,-123.14338,,,,,,,,,,,,,,,
https://live.staticflickr.com/7803/33505760258_ea7755e4c2_b.jpg,https://www.flickr.com/photos/60527064@N00/33505760258,49.270667,-123.098802,,,,,,,,,,,,,,,
https://live.staticflickr.com/7826/46458217535_6d095b9020_b.jpg,https://www.flickr.com/photos/60527064@N00/46458217535,49.282518,-123.099853,,,,,,,,,,,,,,,
https://live.staticflickr.com/7918/33496566418_eb2b886000_b.jpg,https://www.flickr.com/photos/64752540@N00/33496566418,49.28819,-123.143531,,,,,,,,,,,,,,,
https://live.staticflickr.com/7926/47363867101_44c3b9ffd3_b.jpg,https://www.flickr.com/photos/64752540@N00/47363867101,49.288176,-123.140301,,,,,,,,,,,,,,,
https://live.staticflickr.com/7845/33408860888_c13079e862_b.jpg,https://www.flickr.com/photos/64752540@N00/33408860888,49.289268,-123.143166,,,,,,,,,,,,,,,
https://live.staticflickr.com/7844/40288011203_c365e29145_b.jpg,https://www.flickr.com/photos/60527064@N00/40288011203,49.283693,-123.104692,,,,,,,,,,,,,,,
https://live.staticflickr.com/7907/47231150111_6e889980d3_b.jpg,https://www.flickr.com/photos/39908901@N06/47231150111,51.175493,-115.571023,,,,,,,,,,,,,,,
https://live.staticflickr.com/65535/53528487765_ec86a9a603_b.jpg,https://www.flickr.com/photos/40802917@N06/53528487765,49.283897,-123.106667,,,,,,,,,,,,,,,
https://live.staticflickr.com/65535/53477151151_2ba70f4805_b.jpg,https://www.flickr.com/photos/40802917@N06/53477151151,49.280608,-123.104881,,,,,,,,,,,,,,,
https://live.staticflickr.com/65535/53471853067_030381534b_b.jpg,https://www.flickr.com/photos/35034347371@N01/53471853067,49.287711,-123.121423,,,,,,,,,,,,,,,
https://live.staticflickr.com/65535/53471838887_9619ec1c0e_b.jpg,https://www.flickr.com/photos/35034347371@N01/53471838887,49.287711,-123.121423,,,,,,,,,,,,,,,
https://live.staticflickr.com/65535/53473145615_bca5256a0b_b.jpg,https://www.flickr.com/photos/35034347371@N01/53473145615,49.287711,-123.121423,,,,,,,,,,,,,,,
https://live.staticflickr.com/65535/53472710306_2a561a27aa_b.jpg,https://www.flickr.com/photos/35034347371@N01/53472710306,49.287711,-123.121423,,,,,,,,,,,,,,,
https://live.staticflickr.com/65535/53472708756_fe9a642113_b.jpg,https://www.flickr.com/photos/35034347371@N01/53472708756,49.287711,-123.121423,,,,,,,,,,,,,,,
https://live.staticflickr.com/65535/53473122450_c3e24db213_b.jpg,https://www.flickr.com/photos/35034347371@N01/53473122450,49.287711,-123.121423,,,,,,,,,,,,,,,
https://live.staticflickr.com/65535/53472694446_537059e32d_b.jpg,https://www.flickr.com/photos/35034347371@N01/53472694446,49.287711,-123.121423,,,,,,,,,,,,,,,
https://live.staticflickr.com/65535/53473002269_a68f4540e9_b.jpg,https://www.flickr.com/photos/35034347371@N01/53473002269,49.287711,-123.121423,,,,,,,,,,,,,,,
https://live.staticflickr.com/65535/53471760307_62422ce108_b.jpg,https://www.flickr.com/photos/35034347371@N01/53471760307,49.283141,-123.10907,,,,,,,,,,,,,,,
https://live.staticflickr.com/65535/53472971579_aac257dc14_b.jpg,https://www.flickr.com/photos/35034347371@N01/53472971579,49.283141,-123.10907,,,,,,,,,,,,,,,
https://live.staticflickr.com/65535/53467020850_a49e477be5_b.jpg,https://www.flickr.com/photos/40802917@N06/53467020850,49.282108,-123.121148,,,,,,,,,,,,,,,
https://live.staticflickr.com/65535/53308539518_8db67b931e_b.jpg,https://www.flickr.com/photos/91136245@N06/53308539518,49.296723,-123.129369,,,,,,,,,,,,,,,
https://live.staticflickr.com/65535/53297782057_c22421aee2_b.jpg,https://www.flickr.com/photos/60527064@N00/53297782057,49.287137,-123.117341,,,,,,,,,,,,,,,
https://live.staticflickr.com/65535/53293085739_09910fdaea_b.jpg,https://www.flickr.com/photos/91136245@N06/53293085739,49.268308,-123.129487,,,,,,,,,,,,,,,
https://live.staticflickr.com/65535/53283155253_cc19b83ae8_b.jpg,https://www.flickr.com/photos/95142644@N00/53283155253,49.87093,-120.913314,,,,,,,,,,,,,,,
https://live.staticflickr.com/65535/53274002320_d7e57233a0_b.jpg,https://www.flickr.com/photos/91136245@N06/53274002320,48.417274,-123.369008,,,,,,,,,,,,,,,
https://live.staticflickr.com/65535/53251970148_b0e19312cf_b.jpg,https://www.flickr.com/photos/8772121@N05/53251970148,51.083686,-114.175942,,,,,,,,,,,,,,,
https://live.staticflickr.com/65535/53218721764_b51a62757d_b.jpg,https://www.flickr.com/photos/60527064@N00/53218721764,49.282504,-123.118618,,,,,,,,,,,,,,,
https://live.staticflickr.com/65535/53204702825_ee6b92f2e0_b.jpg,https://www.flickr.com/photos/60527064@N00/53204702825,49.286941,-123.115292,,,,,,,,,,,,,,,
https://live.staticflickr.com/65535/53096103014_5161826e34_b.jpg,https://www.flickr.com/photos/143492618@N03/53096103014,59.797333,-134.887012,,,,,,,,,,,,,,,
https://live.staticflickr.com/65535/48515953987_f7bd304f1d_b.jpg,https://www.flickr.com/photos/64752540@N00/48515953987,49.287638,-123.142608,,,,,,,,,,,,,,,
https://live.staticflickr.com/65535/48132047787_f8c47ebebf_b.jpg,https://www.flickr.com/photos/63713558@N00/48132047787,49.289852,-123.116912,,,,,,,,,,,,,,,
https://live.staticflickr.com/65535/48131937126_73a7fb4721_b.jpg,https://www.flickr.com/photos/63713558@N00/48131937126,49.289852,-123.116912,,,,,,,,,,,,,,,
https://live.staticflickr.com/65535/48131960563_d69126c47c_b.jpg,https://www.flickr.com/photos/63713558@N00/48131960563,49.288127,-123.114506,,,,,,,,,,,,,,,
https://live.staticflickr.com/65535/48132007227_bdfab6e539_b.jpg,https://www.flickr.com/photos/63713558@N00/48132007227,49.288677,-123.109703,,,,,,,,,,,,,,,
https://live.staticflickr.com/65535/48131905031_3e65fcf77c_b.jpg,https://www.flickr.com/photos/63713558@N00/48131905031,49.283936,-123.108898,,,,,,,,,,,,,,,
https://live.staticflickr.com/65535/48131982107_b54b7baf44_b.jpg,https://www.flickr.com/photos/63713558@N00/48131982107,49.288219,-123.112712,,,,,,,,,,,,,,,
https://live.staticflickr.com/65535/48131978792_d170ac3848_b.jpg,https://www.flickr.com/photos/63713558@N00/48131978792,49.288897,-123.113042,,,,,,,,,,,,,,,
https://live.staticflickr.com/65535/48131978272_0e78741d48_b.jpg,https://www.flickr.com/photos/63713558@N00/48131978272,49.288897,-123.113042,,,,,,,,,,,,,,,
https://live.staticflickr.com/65535/48131975837_a0540a3732_b.jpg,https://www.flickr.com/photos/63713558@N00/48131975837,49.288888,-123.108198,,,,,,,,,,,,,,,
https://live.staticflickr.com/65535/48131957497_7d0bc55a71_b.jpg,https://www.flickr.com/photos/63713558@N00/48131957497,49.311369,-123.129242,,,,,,,,,,,,,,,
https://live.staticflickr.com/65535/48131945752_60d4389d3a_b.jpg,https://www.flickr.com/photos/63713558@N00/48131945752,49.279188,-123.115237,,,,,,,,,,,,,,,
https://live.staticflickr.com/65535/46853102195_ec738a6afb_b.jpg,https://www.flickr.com/photos/64752540@N00/46853102195,49.288554,-123.143134,,,,,,,,,,,,,,,
https://live.staticflickr.com/7927/40580565503_efc8a81816_b.jpg,https://www.flickr.com/photos/60527064@N00/40580565503,49.279613,-123.097504,,,,,,,,,,,,,,,
https://live.staticflickr.com/7861/47430384372_8e2a585ae8_b.jpg,https://www.flickr.com/photos/64752540@N00/47430384372,49.287897,-123.142737,,,,,,,,,,,,,,,
https://live.staticflickr.com/7896/47272906381_7c50c3aeb0_b.jpg,https://www.flickr.com/photos/52909585@N02/47272906381,51.098266,-114.218974,,,,,,,,,,,,,,,
https://live.staticflickr.com/7819/47272901411_b97489da3d_b.jpg,https://www.flickr.com/photos/52909585@N02/47272901411,51.098266,-114.218974,,,,,,,,,,,,,,,
https://live.staticflickr.com/7887/47191981741_423a7c6bb2_b.jpg,https://www.flickr.com/photos/64752540@N00/47191981741,49.286154,-123.142855,,,,,,,,,,,,,,,
https://live.staticflickr.com/7918/47119171802_ff90cdbf1d_b.jpg,https://www.flickr.com/photos/50569852@N05/47119171802,51.081253,-114.159793,,,,,,,,,,,,,,,
https://live.staticflickr.com/7821/46363570184_495cef837c_b.jpg,https://www.flickr.com/photos/50569852@N05/46363570184,51.044375,-114.063191,,,,,,,,,,,,,,,
https://live.staticflickr.com/7853/32131392507_7aa7be6327_b.jpg,https://www.flickr.com/photos/63560086@N02/32131392507,51.053791,-114.078683,,,,,,,,,,,,,,,
https://live.staticflickr.com/7901/47069509491_bca504076a_b.jpg,https://www.flickr.com/photos/129894947@N04/47069509491,51.046109,-114.064586,,,,,,,,,,,,,,,
https://live.staticflickr.com/8059/8250878140_752ab8507d_b.jpg,https://www.flickr.com/photos/56632641@N03/8250878140,51.115666,-114.207848,,,,,,,,,,,,,,,
https://live.staticflickr.com/65535/54237013383_215c65b582_b.jpg,https://www.flickr.com/photos/100698714@N06/54237013383,51.399752,-116.128223,,,,,,,,,,,,,,,
https://live.staticflickr.com/65535/52482193933_6aa0ac2ab0_b.jpg,https://www.flickr.com/photos/146878425@N05/52482193933,51.446497,-116.425845,,,,,,,,,,,,,,,
https://live.staticflickr.com/65535/52152248941_32784cbbfc_b.jpg,https://www.flickr.com/photos/137245032@N04/52152248941,51.716824,-116.506115,,,,,,,,,,,,,,,
https://live.staticflickr.com/65535/51003792003_01c1eb5d9f_b.jpg,https://www.flickr.com/photos/48503330@N08/51003792003,53.533312,-113.471274,,,,,,,,,,,,,,,
https://live.staticflickr.com/65535/50867949702_29017074f7_b.jpg,https://www.flickr.com/photos/66869919@N04/50867949702,53.004312,-112.772383,,,,,,,,,,,,,,,
https://live.staticflickr.com/65535/50571538307_243554e6cc_b.jpg,https://www.flickr.com/photos/50569852@N05/50571538307,51.081379,-114.159879,,,,,,,,,,,,,,,
https://live.staticflickr.com/65535/50571211462_79b260a819_b.jpg,https://www.flickr.com/photos/24128704@N08/50571211462,52.924177,-118.096717,,,,,,,,,,,,,,,
https://live.staticflickr.com/65535/50529333971_cf9e0ee87d_b.jpg,https://www.flickr.com/photos/24128704@N08/50529333971,52.832188,-118.125406,,,,,,,,,,,,,,,
https://live.staticflickr.com/65535/49841440057_aaa60a94c9_b.jpg,https://www.flickr.com/photos/50115085@N08/49841440057,51.096111,-115.348056,,,,,,,,,,,,,,,
https://live.staticflickr.com/65535/49546288603_298bb66195_b.jpg,https://www.flickr.com/photos/8248043@N08/49546288603,50.634396,-114.528683,,,,,,,,,,,,,,,
https://live.staticflickr.com/4861/46799356632_c8d8c66bc2_b.jpg,https://www.flickr.com/photos/39908901@N06/46799356632,51.182224,-115.603278,,,,,,,,,,,,,,,
https://live.staticflickr.com/1877/44723837001_b12d24d9de_b.jpg,https://www.flickr.com/photos/57440551@N03/44723837001,51.443405,-116.15982,,,,,,,,,,,,,,,
https://live.staticflickr.com/924/42497080555_c3bb6a4324_b.jpg,https://www.flickr.com/photos/130272945@N04/42497080555,53.003236,-118.07027,,,,,,,,,,,,,,,
https://live.staticflickr.com/65535/26913748858_39c0bed0cc_b.jpg,https://www.flickr.com/photos/48489192@N06/26913748858,52.104819,-116.970062,,,,,,,,,,,,,,,
https://live.staticflickr.com/65535/40430267032_5e7f7bf7fe_b.jpg,https://www.flickr.com/photos/48489192@N06/40430267032,52.770786,-117.688295,,,,,,,,,,,,,,,
https://live.staticflickr.com/65535/39768298651_12c6489bc7_b.jpg,https://www.flickr.com/photos/48489192@N06/39768298651,52.870788,-118.679809,,,,,,,,,,,,,,,
https://live.staticflickr.com/65535/38275243591_b18f28e97d_b.jpg,https://www.flickr.com/photos/86976418@N05/38275243591,53.528816,-114.211828,,,,,,,,,,,,,,,
https://live.staticflickr.com/5555/14849028646_3fd44641f2_b.jpg,https://www.flickr.com/photos/65082413@N07/14849028646,55.941629,-118.553509,,,,,,,,,,,,,,,
https://live.staticflickr.com/8514/8514983680_851961605b_b.jpg,https://www.flickr.com/photos/97023816@N00/8514983680,51.044038,-114.062676,,,,,,,,,,,,,,,
https://live.staticflickr.com/8324/8424890927_1253c2992c_b.jpg,https://www.flickr.com/photos/37337934@N06/8424890927,53.657644,-113.233405,,,,,,,,,,,,,,,
https://live.staticflickr.com/8213/8319131165_24c2fb4791_b.jpg,https://www.flickr.com/photos/35754995@N06/8319131165,52.858351,-117.765197,,,,,,,,,,,,,,,
https://live.staticflickr.com/8057/8247532939_567ab40f32_b.jpg,https://www.flickr.com/photos/41305173@N04/8247532939,53.468762,-113.679356,,,,,,,,,,,,,,,
https://live.staticflickr.com/8203/8165666132_f914cb3068_b.jpg,https://www.flickr.com/photos/41305173@N04/8165666132,53.468609,-113.678412,,,,,,,,,,,,,,,
https://live.staticflickr.com/6046/6866215642_74739f37cb_b.jpg,https://www.flickr.com/photos/25411240@N00/6866215642,51.03063,-118.026879,,,,,,,,,,,,,,,
https://live.staticflickr.com/7160/6479725395_7d2e1ed431_b.jpg,https://www.flickr.com/photos/48503330@N08/6479725395,53.501653,-113.569697,,,,,,,,,,,,,,,
https://live.staticflickr.com/5106/5804596752_4be00775ed_b.jpg,https://www.flickr.com/photos/61368687@N08/5804596752,51.174089,-115.571064,,,,,,,,,,,,,,,
https://live.staticflickr.com/4060/4445403638_5bde093b77_b.jpg,https://www.flickr.com/photos/17149966@N00/4445403638,51.077213,-115.392343,,,,,,,,,,,,,,,
https://live.staticflickr.com/65535/54781378511_9f0dd34ef3_b.jpg,https://www.flickr.com/photos/91351004@N00/54781378511,51.327725,-116.180711,,,,,,,,,,,,,,,
https://live.staticflickr.com/65535/54356427906_8473023011_b.jpg,https://www.flickr.com/photos/66733752@N00/54356427906,51.209928,-117.713227,,,,,,,,,,,,,,,
https://live.staticflickr.com/65535/54259418836_d9046dd74a_b.jpg,https://www.flickr.com/photos/62973218@N02/54259418836,51.044308,-114.063126,,,,,,,,,,,,,,,
https://live.staticflickr.com/65535/54217915369_811b1f262a_b.jpg,https://www.flickr.com/photos/48489192@N06/54217915369,52.583652,-112.971553,,,,,,,,,,,,,,,
https://live.staticflickr.com/65535/54188059138_8ac40d77fd_b.jpg,https://www.flickr.com/photos/190306156@N07/54188059138,52.188352,-117.2594,,,,,,,,,,,,,,,
https://live.staticflickr.com/65535/53957241599_2b2f31351f_b.jpg,https://www.flickr.com/photos/9335373@N05/53957241599,54.820488,-112.684273,,,,,,,,,,,,,,,
https://live.staticflickr.com/65535/53043160979_1a9f5c5fcd_b.jpg,https://www.flickr.com/photos/61563441@N08/53043160979,51.175751,-115.559327,,,,,,,,,,,,,,,
https://live.staticflickr.com/65535/52680116476_48aeb317f5_b.jpg,https://www.flickr.com/photos/61563441@N08/52680116476,52.84726,-118.075325,,,,,,,,,,,,,,,
https://live.staticflickr.com/65535/52663220884_d73f721fd6_b.jpg,https://www.flickr.com/photos/39908901@N06/52663220884,49.130708,-114.026942,,,,,,,,,,,,,,,
https://live.staticflickr.com/65535/49033392158_1ea168d9d2_b.jpg,https://www.flickr.com/photos/48503330@N08/49033392158,53.517947,-113.526423,,,,,,,,,,,,,,,
https://live.staticflickr.com/65535/48950526598_e6f83dc081_b.jpg,https://www.flickr.com/photos/48503330@N08/48950526598,53.528347,-113.503475,,,,,,,,,,,,,,,
https://live.staticflickr.com/65535/48842417688_b5e8197190_b.jpg,https://www.flickr.com/photos/37967119@N08/48842417688,53.544623,-113.551318,,,,,,,,,,,,,,,
https://live.staticflickr.com/65535/48779018633_b106ff4dba_b.jpg,https://www.flickr.com/photos/41111981@N02/48779018633,53.529071,-113.501493,,,,,,,,,,,,,,,
https://live.staticflickr.com/65535/48776825012_ec526a8d33_b.jpg,https://www.flickr.com/photos/48503330@N08/48776825012,53.517727,-113.526128,,,,,,,,,,,,,,,
https://live.staticflickr.com/65535/47976781283_8aa12db3ef_b.jpg,https://www.flickr.com/photos/41111981@N02/47976781283,53.55159,-113.500217,,,,,,,,,,,,,,,
https://live.staticflickr.com/7846/32324587777_f6f64dba85_b.jpg,https://www.flickr.com/photos/118506637@N06/32324587777,51.178363,-115.570948,,,,,,,,,,,,,,,
https://live.staticflickr.com/7840/47076849981_690bc5dc9e_b.jpg,https://www.flickr.com/photos/50569852@N05/47076849981,51.044375,-114.063191,,,,,,,,,,,,,,,
https://live.staticflickr.com/7835/46330755604_f8d2700a8c_b.jpg,https://www.flickr.com/photos/50569852@N05/46330755604,51.044375,-114.063191,,,,,,,,,,,,,,,
https://live.staticflickr.com/4908/46266073884_53aba0105d_b.jpg,https://www.flickr.com/photos/48503330@N08/46266073884,53.533297,-113.511112,,,,,,,,,,,,,,,
https://live.staticflickr.com/1912/45548306032_1248321798_b.jpg,https://www.flickr.com/photos/118506637@N06/45548306032,51.178758,-115.570678,,,,,,,,,,,,,,,
https://live.staticflickr.com/1920/31173288308_a259a0b003_b.jpg,https://www.flickr.com/photos/46021126@N00/31173288308,53.542717,-113.484288,,,,,,,,,,,,,,,
https://live.staticflickr.com/1884/42605787780_d05b00f457_b.jpg,https://www.flickr.com/photos/41111981@N02/42605787780,53.539433,-113.611668,,,,,,,,,,,,,,,
https://live.staticflickr.com/1836/41962976850_dbe4978695_b.jpg,https://www.flickr.com/photos/41111981@N02/41962976850,53.545037,-113.494648,,,,,,,,,,,,,,,
https://live.staticflickr.com/849/42944817314_56b83c15ec_b.jpg,https://www.flickr.com/photos/41111981@N02/42944817314,53.549219,-113.487696,,,,,,,,,,,,,,,
https://live.staticflickr.com/916/42758301605_36499bdf96_b.jpg,https://www.flickr.com/photos/41111981@N02/42758301605,53.518752,-113.496215,,,,,,,,,,,,,,,
https://live.staticflickr.com/922/41787160420_8774a135f8_b.jpg,https://www.flickr.com/photos/137336023@N06/41787160420,51.031392,-114.08114,,,,,,,,,,,,,,,
https://live.staticflickr.com/924/43491238112_89d620fe95_b.jpg,https://www.flickr.com/photos/48503330@N08/43491238112,53.523363,-113.502073,,,,,,,,,,,,,,,
https://live.staticflickr.com/1760/42542079581_373f638674_b.jpg,https://www.flickr.com/photos/48503330@N08/42542079581,53.543411,-113.482198,,,,,,,,,,,,,,,
https://live.staticflickr.com/962/28341423778_7dd87f2560_b.jpg,https://www.flickr.com/photos/48503330@N08/28341423778,53.54073,-113.503548,,,,,,,,,,,,,,,
https://live.staticflickr.com/947/40284511810_efe99920ac_b.jpg,https://www.flickr.com/photos/127994746@N05/40284511810,51.047338,-114.062781,,,,,,,,,,,,,,,
https://live.staticflickr.com/957/39899114680_bd321a0c10_b.jpg,https://www.flickr.com/photos/48503330@N08/39899114680,53.546294,-113.500084,,,,,,,,,,,,,,,
https://live.staticflickr.com/953/41666313632_2548a91299_b.jpg,https://www.flickr.com/photos/48503330@N08/41666313632,53.5397,-113.509509,,,,,,,,,,,,,,,
https://live.staticflickr.com/4772/40966420102_9cb72b7e52_b.jpg,https://www.flickr.com/photos/18378305@N00/40966420102,51.04449,-114.055702,,,,,,,,,,,,,,,
https://live.staticflickr.com/65535/39823667371_dd833fbd1f_b.jpg,https://www.flickr.com/photos/48489192@N06/39823667371,53.541938,-113.491517,,,,,,,,,,,,,,,
https://live.staticflickr.com/4645/38335503475_75f918b696_b.jpg,https://www.flickr.com/photos/99039090@N00/38335503475,53.543675,-113.495359,,,,,,,,,,,,,,,
https://live.staticflickr.com/4639/25346063998_114d5e40a1_b.jpg,https://www.flickr.com/photos/99039090@N00/25346063998,53.543833,-113.492817,,,,,,,,,,,,,,,
https://live.staticflickr.com/4600/24349981337_01d3b930d8_b.jpg,https://www.flickr.com/photos/99039090@N00/24349981337,53.545247,-113.492848,,,,,,,,,,,,,,,
https://live.staticflickr.com/4506/37794217216_1a60056554_b.jpg,https://www.flickr.com/photos/18378305@N00/37794217216,51.174106,-115.571083,,,,,,,,,,,,,,,
https://live.staticflickr.com/4464/37584788600_9b6e2a40b8_b.jpg,https://www.flickr.com/photos/18378305@N00/37584788600,51.174106,-115.571083,,,,,,,,,,,,,,,
https://live.staticflickr.com/4483/37794163106_260bc311bb_b.jpg,https://www.flickr.com/photos/18378305@N00/37794163106,51.163682,-115.562031,,,,,,,,,,,,,,,
https://live.staticflickr.com/65535/23830478258_b087c3bfc4_b.jpg,https://www.flickr.com/photos/78375102@N06/23830478258,53.541419,-113.503884,,,,,,,,,,,,,,,
https://live.staticflickr.com/65535/37677426091_af387a674d_b.jpg,https://www.flickr.com/photos/78375102@N06/37677426091,53.521627,-113.526442,,,,,,,,,,,,,,,
https://live.staticflickr.com/65535/37627977166_4266bb84be_b.jpg,https://www.flickr.com/photos/78375102@N06/37627977166,53.521627,-113.526442,,,,,,,,,,,,,,,
https://live.staticflickr.com/65535/37360852820_8f2e4b7423_b.jpg,https://www.flickr.com/photos/78375102@N06/37360852820,53.52198,-113.526153,,,,,,,,,,,,,,,
https://live.staticflickr.com/65535/37360848230_7b10f7b02b_b.jpg,https://www.flickr.com/photos/78375102@N06/37360848230,53.523122,-113.526031,,,,,,,,,,,,,,,
https://live.staticflickr.com/65535/37275330710_cc07964993_b.jpg,https://www.flickr.com/photos/78375102@N06/37275330710,53.523163,-113.526098,,,,,,,,,,,,,,,
https://live.staticflickr.com/65535/36899669426_32aea64a59_b.jpg,https://www.flickr.com/photos/78375102@N06/36899669426,53.533622,-113.472678,,,,,,,,,,,,,,,
https://live.staticflickr.com/65535/36671689480_68e8f7b5df_b.jpg,https://www.flickr.com/photos/78375102@N06/36671689480,53.557663,-113.477978,,,,,,,,,,,,,,,
https://live.staticflickr.com/4376/36837121432_25cf25bc1f_b.jpg,https://www.flickr.com/photos/13408725@N03/36837121432,49.498091,-117.285889,,,,,,,,,,,,,,,
https://live.staticflickr.com/65535/36090863844_3e4ce8fc5f_b.jpg,https://www.flickr.com/photos/78375102@N06/36090863844,53.616972,-113.519981,,,,,,,,,,,,,,,
https://live.staticflickr.com/4401/36535681765_a8263ff08d_b.jpg,https://www.flickr.com/photos/50214891@N03/36535681765,51.044921,-114.070454,,,,,,,,,,,,,,,
https://live.staticflickr.com/4406/36055141970_361bc781d9_b.jpg,https://www.flickr.com/photos/18378305@N00/36055141970,51.049353,-114.062837,,,,,,,,,,,,,,,
https://live.staticflickr.com/4384/35522974644_a50e3cb5ce_b.jpg,https://www.flickr.com/photos/18378305@N00/35522974644,51.051315,-114.06538,,,,,,,,,,,,,,,
https://live.staticflickr.com/4424/35522966244_6a2c435b20_b.jpg,https://www.flickr.com/photos/18378305@N00/35522966244,51.051219,-114.062347,,,,,,,,,,,,,,,
https://live.staticflickr.com/4326/36026632982_36a22a279f_b.jpg,https://www.flickr.com/photos/48503330@N08/36026632982,53.543636,-113.481839,,,,,,,,,,,,,,,
https://live.staticflickr.com/4032/35527254741_a24689fe34_b.jpg,https://www.flickr.com/photos/41111981@N02/35527254741,53.533918,-113.470616,,,,,,,,,,,,,,,
https://live.staticflickr.com/4235/35174703650_a1d15fb8ab_b.jpg,https://www.flickr.com/photos/31194531@N05/35174703650,51.058896,-114.043031,,,,,,,,,,,,,,,
https://live.staticflickr.com/4288/34593687084_fdfa5f045c_b.jpg,https://www.flickr.com/photos/18378305@N00/34593687084,51.049056,-114.059715,,,,,,,,,,,,,,,
https://live.staticflickr.com/4272/34625550043_f713e32a20_b.jpg,https://www.flickr.com/photos/18378305@N00/34625550043,51.049508,-114.061861,,,,,,,,,,,,,,,
https://live.staticflickr.com/4249/35048355330_0b16699d4a_b.jpg,https://www.flickr.com/photos/18378305@N00/35048355330,51.049508,-114.061861,,,,,,,,,,,,,,,
https://live.staticflickr.com/4276/34625506033_f3cc3a35b9_b.jpg,https://www.flickr.com/photos/18378305@N00/34625506033,51.049508,-114.061861,,,,,,,,,,,,,,,
https://live.staticflickr.com/4258/34993806932_9aabd467b7_b.jpg,https://www.flickr.com/photos/149948005@N08/34993806932,53.536641,-113.50042,,,,,,,,,,,,,,,
https://live.staticflickr.com/4206/34910561701_f3ba3fcff8_b.jpg,https://www.flickr.com/photos/149948005@N08/34910561701,53.539783,-113.496531,,,,,,,,,,,,,,,
https://live.staticflickr.com/2939/32764290953_da43e6c44c_b.jpg,https://www.flickr.com/photos/53936799@N05/32764290953,51.054041,-114.094995,,,,,,,,,,,,,,,
https://live.staticflickr.com/2878/33122258872_e2bbd26635_b.jpg,https://www.flickr.com/photos/62495110@N00/33122258872,51.000397,-114.047123,,,,,,,,,,,,,,,
https://live.staticflickr.com/2876/33277922975_484e127b9f_b.jpg,https://www.flickr.com/photos/62495110@N00/33277922975,51.000397,-114.047123,,,,,,,,,,,,,,,
https://live.staticflickr.com/657/32199074790_226855a027_b.jpg,https://www.flickr.com/photos/31194531@N05/32199074790,51.045508,-114.058964,,,,,,,,,,,,,,,
https://live.staticflickr.com/648/31732984464_6bf304ebdb_b.jpg,https://www.flickr.com/photos/10729602@N05/31732984464,53.545424,-113.490316,,,,,,,,,,,,,,,
https://live.staticflickr.com/752/31605292795_250a6ffb46_b.jpg,https://www.flickr.com/photos/116630472@N02/31605292795,51.163454,-115.561687,,,,,,,,,,,,,,,
https://live.staticflickr.com/5137/30149166216_924696aa16_b.jpg,https://www.flickr.com/photos/31194531@N05/30149166216,51.055227,-114.06111,,,,,,,,,,,,,,,
https://live.staticflickr.com/8100/29104525004_6ece951542_b.jpg,https://www.flickr.com/photos/31194531@N05/29104525004,51.049501,-114.029706,,,,,,,,,,,,,,,
https://live.staticflickr.com/8268/28218257173_796fe2bc09_b.jpg,https://www.flickr.com/photos/71482738@N00/28218257173,53.53585,-113.506643,,,,,,,,,,,,,,,
https://live.staticflickr.com/8654/28577136365_14c69c06f5_b.jpg,https://www.flickr.com/photos/20286982@N07/28577136365,51.055767,-114.069435,,,,,,,,,,,,,,,
https://live.staticflickr.com/8762/27787244283_c2bb78ea9a_b.jpg,https://www.flickr.com/photos/31194531@N05/27787244283,51.023652,-114.046314,,,,,,,,,,,,,,,
https://live.staticflickr.com/65535/54472446925_99dfc7631a_b.jpg,https://www.flickr.com/photos/16392790@N00/54472446925,52.875225,-118.08197,,,,,,,,,,,,,,,
https://live.staticflickr.com/65535/54472358263_f3b459c0b2_b.jpg,https://www.flickr.com/photos/16392790@N00/54472358263,52.873305,-118.082489,,,,,,,,,,,,,,,
https://live.staticflickr.com/65535/54461479578_cff3db0e6f_b.jpg,https://www.flickr.com/photos/13032456@N05/54461479578,51.041797,-114.061287,,,,,,,,,,,,,,,
https://live.staticflickr.com/65535/54460149197_78d7062136_b.jpg,https://www.flickr.com/photos/90686988@N00/54460149197,51.045056,-114.053524,,,,,,,,,,,,,,,
https://live.staticflickr.com/65535/54452947512_8f2dae8dbf_b.jpg,https://www.flickr.com/photos/200794501@N08/54452947512,53.523347,-113.502106,,,,,,,,,,,,,,,
https://live.staticflickr.com/65535/54437972756_69831223f2_b.jpg,https://www.flickr.com/photos/36681814@N05/54437972756,53.502176,-113.571338,,,,,,,,,,,,,,,
https://live.staticflickr.com/65535/54424545767_ec53d46f1a_b.jpg,https://www.flickr.com/photos/13032456@N05/54424545767,51.046291,-114.057725,,,,,,,,,,,,,,,
https://live.staticflickr.com/65535/54413870773_36a821115c_b.jpg,https://www.flickr.com/photos/200794501@N08/54413870773,53.552647,-113.535684,,,,,,,,,,,,,,,
https://live.staticflickr.com/65535/54412455545_ee1edced8b_b.jpg,https://www.flickr.com/photos/200794501@N08/54412455545,53.547096,-113.510828,,,,,,,,,,,,,,,
https://live.staticflickr.com/65535/54392775564_50e5e4073c_b.jpg,https://www.flickr.com/photos/127019840@N03/54392775564,51.043541,-114.032784,,,,,,,,,,,,,,,
https://live.staticflickr.com/65535/54361159485_d278af875f_b.jpg,https://www.flickr.com/photos/66733752@N00/54361159485,51.301555,-117.520354,,,,,,,,,,,,,,,
https://live.staticflickr.com/65535/54310708761_60806f0274_b.jpg,https://www.flickr.com/photos/57648602@N00/54310708761,52.837808,-119.267037,,,,,,,,,,,,,,,
https://live.staticflickr.com/65535/54303875782_cf48bdbb41_b.jpg,https://www.flickr.com/photos/57648602@N00/54303875782,53.581266,-113.525125,,,,,,,,,,,,,,,
https://live.staticflickr.com/65535/54296996473_10ec11618e_b.jpg,https://www.flickr.com/photos/200163893@N02/54296996473,53.542613,-113.494523,,,,,,,,,,,,,,,
https://live.staticflickr.com/65535/54279877223_ef6f17b670_b.jpg,https://www.flickr.com/photos/66733752@N00/54279877223,50.998463,-118.194833,,,,,,,,,,,,,,,
https://live.staticflickr.com/65535/54279653998_1ee750a41d_b.jpg,https://www.flickr.com/photos/202116839@N04/54279653998,52.536719,-119.115875,,,,,,,,,,,,,,,
https://live.staticflickr.com/65535/54275485176_7c9673da94_b.jpg,https://www.flickr.com/photos/200163893@N02/54275485176,53.539744,-113.491631,,,,,,,,,,,,,,,
https://live.staticflickr.com/65535/54269938087_2c75ba28ca_b.jpg,https://www.flickr.com/photos/43028321@N03/54269938087,51.044024,-114.059393,,,,,,,,,,,,,,,
https://live.staticflickr.com/65535/54270820771_3d39be2807_b.jpg,https://www.flickr.com/photos/43028321@N03/54270820771,51.042695,-114.0408,,,,,,,,,,,,,,,
https://live.staticflickr.com/65535/54674069036_50be3cf7b4_b.jpg,https://www.flickr.com/photos/148598741@N02/54674069036,49.872989,-119.480599,,,,,,,,,,,,,,,
https://live.staticflickr.com/65535/54632740963_ae6479f8ab_b.jpg,https://www.flickr.com/photos/35607158@N06/54632740963,50.701047,-119.284242,,,,,,,,,,,,,,,
https://live.staticflickr.com/65535/54626526730_72947af7e3_b.jpg,https://www.flickr.com/photos/90686988@N00/54626526730,51.794018,-114.095238,,,,,,,,,,,,,,,
https://live.staticflickr.com/65535/54567380352_19525fea98_b.jpg,https://www.flickr.com/photos/183838653@N06/54567380352,51.14845,-115.557301,,,,,,,,,,,,,,,
https://live.staticflickr.com/65535/54557406439_de9348b014_b.jpg,https://www.flickr.com/photos/183838653@N06/54557406439,51.050169,-114.081044,,,,,,,,,,,,,,,
https://live.staticflickr.com/65535/54516671656_1b64195d3e_b.jpg,https://www.flickr.com/photos/57440551@N03/54516671656,51.085769,-115.350784,,,,,,,,,,,,,,,
https://live.staticflickr.com/65535/54509828714_478f6e16f1_b.jpg,https://www.flickr.com/photos/35428618@N00/54509828714,49.660586,-115.582839,,,,,,,,,,,,,,,
https://live.staticflickr.com/65535/54463255570_d7f232e19b_b.jpg,https://www.flickr.com/photos/90686988@N00/54463255570,51.052138,-114.054404,,,,,,,,,,,,,,,
https://live.staticflickr.com/65535/54460378522_f44bd28ec0_b.jpg,https://www.flickr.com/photos/13032456@N05/54460378522,51.176672,-115.571006,,,,,,,,,,,,,,,
https://live.staticflickr.com/65535/54461216096_293c1a2b7c_b.jpg,https://www.flickr.com/photos/13032456@N05/54461216096,51.176608,-115.570839,,,,,,,,,,,,,,,
https://live.staticflickr.com/65535/54461409929_dc16da0cdf_b.jpg,https://www.flickr.com/photos/13032456@N05/54461409929,51.180063,-115.569381,,,,,,,,,,,,,,,
https://live.staticflickr.com/65535/54461577760_f06cca1236_b.jpg,https://www.flickr.com/photos/13032456@N05/54461577760,51.179741,-115.569734,,,,,,,,,,,,,,,
https://live.staticflickr.com/65535/54461291850_f7c6a120a6_b.jpg,https://www.flickr.com/photos/200794501@N08/54461291850,53.564127,-113.50477,,,,,,,,,,,,,,,
https://live.staticflickr.com/65535/54448078422_628b7e5bc1_b.jpg,https://www.flickr.com/photos/200794501@N08/54448078422,53.547627,-113.53582,,,,,,,,,,,,,,,
https://live.staticflickr.com/65535/54443447846_8f6d753563_b.jpg,https://www.flickr.com/photos/200163893@N02/54443447846,53.539719,-113.494484,,,,,,,,,,,,,,,
https://live.staticflickr.com/65535/54435401715_5a69a5d46a_b.jpg,https://www.flickr.com/photos/200408020@N06/54435401715,49.888005,-119.495984,,,,,,,,,,,,,,,
https://live.staticflickr.com/65535/54425607130_a4cc2b286c_b.jpg,https://www.flickr.com/photos/90686988@N00/54425607130,52.63945,-114.241955,,,,,,,,,,,,,,,
https://live.staticflickr.com/65535/54418044862_16f7b53455_b.jpg,https://www.flickr.com/photos/62973218@N02/54418044862,51.044308,-114.063126,,,,,,,,,,,,,,,
https://live.staticflickr.com/65535/54402797862_3c939d6ac2_b.jpg,https://www.flickr.com/photos/90686988@N00/54402797862,51.138284,-114.078887,,,,,,,,,,,,,,,
https://live.staticflickr.com/65535/54393599223_22d537891b_b.jpg,https://www.flickr.com/photos/188924430@N02/54393599223,51.050305,-114.062723,,,,,,,,,,,,,,,
https://live.staticflickr.com/65535/54286954871_3e635332df_b.jpg,https://www.flickr.com/photos/66733752@N00/54286954871,50.998409,-118.195542,,,,,,,,,,,,,,,
https://live.staticflickr.com/65535/54287193294_98eb8f67d9_b.jpg,https://www.flickr.com/photos/66733752@N00/54287193294,50.998409,-118.195542,,,,,,,,,,,,,,,
https://live.staticflickr.com/65535/54285264897_b8b1c93939_b.jpg,https://www.flickr.com/photos/201951934@N05/54285264897,51.045595,-114.066001,,,,,,,,,,,,,,,
https://live.staticflickr.com/65535/54285081386_b487d91311_b.jpg,https://www.flickr.com/photos/66733752@N00/54285081386,50.997977,-118.1967,,,,,,,,,,,,,,,
https://live.staticflickr.com/65535/54285319649_937e754194_b.jpg,https://www.flickr.com/photos/66733752@N00/54285319649,50.997882,-118.196325,,,,,,,,,,,,,,,
https://live.staticflickr.com/65535/54285506385_af2e2bb52d_b.jpg,https://www.flickr.com/photos/66733752@N00/54285506385,50.99824,-118.195917,,,,,,,,,,,,,,,
https://live.staticflickr.com/65535/54281925345_0184c24b9d_b.jpg,https://www.flickr.com/photos/66733752@N00/54281925345,50.997849,-118.197065,,,,,,,,,,,,,,,
https://live.staticflickr.com/65535/54279877153_c0c3448a73_b.jpg,https://www.flickr.com/photos/66733752@N00/54279877153,50.998558,-118.195713,,,,,,,,,,,,,,,
https://live.staticflickr.com/65535/54279877048_f49bab12c3_b.jpg,https://www.flickr.com/photos/66733752@N00/54279877048,50.998733,-118.195091,,,,,,,,,,,,,,,
https://live.staticflickr.com/65535/54310654550_a0fbeb894f_b.jpg,https://www.flickr.com/photos/201457582@N03/54310654550,43.645167,-79.38064,,,,,,,,,,,,,,,
https://live.staticflickr.com/65535/54306588204_5b59ccf9d8_b.jpg,https://www.flickr.com/photos/201457582@N03/54306588204,43.646401,-79.379284,,,,,,,,,,,,,,,
https://live.staticflickr.com/65535/54271743423_c592c1ab7c_b.jpg,https://www.flickr.com/photos/11200205@N02/54271743423,43.685419,-79.757096,,,,,,,,,,,,,,,
https://live.staticflickr.com/65535/54214887544_3c8fa76547_b.jpg,https://www.flickr.com/photos/7156765@N05/54214887544,43.662128,-79.374547,,,,,,,,,,,,,,,
https://live.staticflickr.com/65535/54197877720_4e5833819f_b.jpg,https://www.flickr.com/photos/201457582@N03/54197877720,43.649469,-79.379518,,,,,,,,,,,,,,,
https://live.staticflickr.com/65535/54022699516_76d66452af_b.jpg,https://www.flickr.com/photos/57756296@N06/54022699516,43.659574,-79.347724,,,,,,,,,,,,,,,
https://live.staticflickr.com/65535/53949372809_9e70d80b5d_b.jpg,https://www.flickr.com/photos/7156765@N05/53949372809,43.999544,-79.467544,,,,,,,,,,,,,,,
https://live.staticflickr.com/65535/53904362520_41f4e807e2_b.jpg,https://www.flickr.com/photos/57756296@N06/53904362520,43.650081,-79.379782,,,,,,,,,,,,,,,
https://live.staticflickr.com/65535/53879798333_262e313055_b.jpg,https://www.flickr.com/photos/7156765@N05/53879798333,43.868282,-79.31221,,,,,,,,,,,,,,,
https://live.staticflickr.com/65535/53849265309_78c9e8fd51_b.jpg,https://www.flickr.com/photos/7156765@N05/53849265309,43.719908,-79.390511,,,,,,,,,,,,,,,
https://live.staticflickr.com/65535/53847531546_5d03713d2f_b.jpg,https://www.flickr.com/photos/7156765@N05/53847531546,43.364969,-80.978679,,,,,,,,,,,,,,,
https://live.staticflickr.com/65535/53680583606_eb0fb0301d_b.jpg,https://www.flickr.com/photos/57756296@N06/53680583606,43.648233,-79.381456,,,,,,,,,,,,,,,
https://live.staticflickr.com/65535/53412268530_9fa1cbb6ef_b.jpg,https://www.flickr.com/photos/57756296@N06/53412268530,48.435286,-89.220968,,,,,,,,,,,,,,,
https://live.staticflickr.com/65535/53059476223_f34da7ac7a_b.jpg,https://www.flickr.com/photos/97373666@N00/53059476223,43.662183,-79.379209,,,,,,,,,,,,,,,
https://live.staticflickr.com/65535/53015333999_e980803fd9_b.jpg,https://www.flickr.com/photos/67414582@N07/53015333999,43.646889,-79.378616,,,,,,,,,,,,,,,
https://live.staticflickr.com/65535/52443228057_a97e0479fb_b.jpg,https://www.flickr.com/photos/11200205@N02/52443228057,43.653178,-79.380029,,,,,,,,,,,,,,,
https://live.staticflickr.com/65535/52345983381_bded3b235e_b.jpg,https://www.flickr.com/photos/75832343@N08/52345983381,43.644147,-79.388903,,,,,,,,,,,,,,,
https://live.staticflickr.com/65535/51893839912_c449f2500d_b.jpg,https://www.flickr.com/photos/192540662@N04/51893839912,43.647386,-79.385706,,,,,,,,,,,,,,,
https://live.staticflickr.com/65535/51331646181_1a93713f8b_b.jpg,https://www.flickr.com/photos/7156765@N05/51331646181,43.543664,-80.250706,,,,,,,,,,,,,,,
https://live.staticflickr.com/65535/51327262749_9971446587_b.jpg,https://www.flickr.com/photos/7156765@N05/51327262749,43.543664,-80.250706,,,,,,,,,,,,,,,
https://live.staticflickr.com/65535/51131649997_fa6f4f7a2d_b.jpg,https://www.flickr.com/photos/192540662@N04/51131649997,43.652177,-79.382078,,,,,,,,,,,,,,,
https://live.staticflickr.com/65535/51094267454_67eb6f0c3f_b.jpg,https://www.flickr.com/photos/90245691@N04/51094267454,43.650072,-79.383888,,,,,,,,,,,,,,,
https://live.staticflickr.com/65535/51059159702_0f219a3acb_b.jpg,https://www.flickr.com/photos/192540662@N04/51059159702,43.652741,-79.387282,,,,,,,,,,,,,,,
https://live.staticflickr.com/65535/50992821071_2ebef28aa5_b.jpg,https://www.flickr.com/photos/57756296@N06/50992821071,43.654971,-79.380179,,,,,,,,,,,,,,,
https://live.staticflickr.com/65535/50665793792_5fc11e3725_b.jpg,https://www.flickr.com/photos/18023272@N00/50665793792,43.624224,-79.36165,,,,,,,,,,,,,,,
https://live.staticflickr.com/65535/50662295652_ae4bd02e0d_b.jpg,https://www.flickr.com/photos/18023272@N00/50662295652,43.624224,-79.36165,,,,,,,,,,,,,,,
https://live.staticflickr.com/65535/50594062283_3345c7827f_b.jpg,https://www.flickr.com/photos/18023272@N00/50594062283,43.624224,-79.36165,,,,,,,,,,,,,,,
https://live.staticflickr.com/65535/49540366012_bb82d10995_b.jpg,https://www.flickr.com/photos/7156765@N05/49540366012,43.141727,-80.271724,,,,,,,,,,,,,,,
https://live.staticflickr.com/65535/49539643163_dbf3f59179_b.jpg,https://www.flickr.com/photos/7156765@N05/49539643163,43.141727,-80.271724,,,,,,,,,,,,,,,
https://live.staticflickr.com/65535/49445628081_cf77e357dd_b.jpg,https://www.flickr.com/photos/11200205@N02/49445628081,43.653729,-79.383924,,,,,,,,,,,,,,,
https://live.staticflickr.com/65535/48899883857_8c163f3519_b.jpg,https://www.flickr.com/photos/42539973@N00/48899883857,43.647255,-79.360245,,,,,,,,,,,,,,,
https://live.staticflickr.com/65535/48722555531_c5c27dd204_b.jpg,https://www.flickr.com/photos/7156765@N05/48722555531,44.594314,-75.676788,,,,,,,,,,,,,,,
https://live.staticflickr.com/65535/48673995431_151799a262_b.jpg,https://www.flickr.com/photos/7156765@N05/48673995431,43.683996,-79.757995,,,,,,,,,,,,,,,
https://live.staticflickr.com/65535/48673995091_b689bdae0d_b.jpg,https://www.flickr.com/photos/7156765@N05/48673995091,43.683996,-79.757995,,,,,,,,,,,,,,,
https://live.staticflickr.com/65535/48532872322_e4893949c4_b.jpg,https://www.flickr.com/photos/7156765@N05/48532872322,43.683996,-79.757995,,,,,,,,,,,,,,,
https://live.staticflickr.com/65535/48399938596_596c9ec1d7_b.jpg,https://www.flickr.com/photos/52701323@N00/48399938596,43.451345,-80.497137,,,,,,,,,,,,,,,
https://live.staticflickr.com/65535/48188675317_3af98490f0_b.jpg,https://www.flickr.com/photos/57756296@N06/48188675317,43.665737,-79.354183,,,,,,,,,,,,,,,
https://live.staticflickr.com/65535/48115005778_5b4c994cf8_b.jpg,https://www.flickr.com/photos/7156765@N05/48115005778,44.594314,-75.676788,,,,,,,,,,,,,,,
https://live.staticflickr.com/65535/47957510552_c20574d1fe_b.jpg,https://www.flickr.com/photos/45108278@N08/47957510552,43.642705,-79.386134,,,,,,,,,,,,,,,
https://live.staticflickr.com/65535/40885083843_20b86b535b_b.jpg,https://www.flickr.com/photos/7156765@N05/40885083843,43.138369,-80.26828,,,,,,,,,,,,,,,
https://live.staticflickr.com/65535/32848950667_f1bc5bde58_b.jpg,https://www.flickr.com/photos/7156765@N05/32848950667,43.139476,-80.262603,,,,,,,,,,,,,,,
https://live.staticflickr.com/65535/32848895037_733b31cf90_b.jpg,https://www.flickr.com/photos/7156765@N05/32848895037,43.139572,-80.253715,,,,,,,,,,,,,,,
https://live.staticflickr.com/65535/47707522921_c296964764_b.jpg,https://www.flickr.com/photos/7156765@N05/47707522921,43.139465,-80.262832,,,,,,,,,,,,,,,
https://live.staticflickr.com/7900/32478971987_4995ce13d7_b.jpg,https://www.flickr.com/photos/7156765@N05/32478971987,44.594314,-75.676788,,,,,,,,,,,,,,,
https://live.staticflickr.com/4872/45873950175_552849f433_b.jpg,https://www.flickr.com/photos/31158787@N05/45873950175,43.64658,-79.375437,,,,,,,,,,,,,,,
https://live.staticflickr.com/4862/31786230197_965538e131_b.jpg,https://www.flickr.com/photos/7156765@N05/31786230197,43.683996,-79.757995,,,,,,,,,,,,,,,
https://live.staticflickr.com/4890/46456586332_e4796d050c_b.jpg,https://www.flickr.com/photos/108176798@N03/46456586332,45.423847,-75.695286,,,,,,,,,,,,,,,
https://live.staticflickr.com/7878/44614434150_cda7a34f86_b.jpg,https://www.flickr.com/photos/31158787@N05/44614434150,43.64523,-79.378456,,,,,,,,,,,,,,,
https://live.staticflickr.com/4915/44582857780_2530c5bffb_b.jpg,https://www.flickr.com/photos/7156765@N05/44582857780,43.683996,-79.757995,,,,,,,,,,,,,,,
https://live.staticflickr.com/4829/45350725944_2728ec2c81_b.jpg,https://www.flickr.com/photos/73683441@N07/45350725944,43.640128,-79.382464,,,,,,,,,,,,,,,
https://live.staticflickr.com/4911/45323221414_b348aafc0e_b.jpg,https://www.flickr.com/photos/36653857@N02/45323221414,43.624058,-79.379355,,,,,,,,,,,,,,,
https://live.staticflickr.com/4891/45213780024_d70351bf3e_b.jpg,https://www.flickr.com/photos/31158787@N05/45213780024,43.649227,-79.38579,,,,,,,,,,,,,,,
https://live.staticflickr.com/1963/45605719252_2fa208345d_b.jpg,https://www.flickr.com/photos/7156765@N05/45605719252,43.683996,-79.757995,,,,,,,,,,,,,,,
https://live.staticflickr.com/1911/44605728315_c486bc90a9_b.jpg,https://www.flickr.com/photos/7156765@N05/44605728315,43.193256,-80.385546,,,,,,,,,,,,,,,
https://live.staticflickr.com/1934/45452010261_a308fc191e_b.jpg,https://www.flickr.com/photos/7156765@N05/45452010261,43.998184,-79.466438,,,,,,,,,,,,,,,
https://live.staticflickr.com/1944/44295607694_031de1f99b_b.jpg,https://www.flickr.com/photos/7156765@N05/44295607694,43.998572,-79.465742,,,,,,,,,,,,,,,
https://live.staticflickr.com/1920/43182183620_175f48e0d9_b.jpg,https://www.flickr.com/photos/7156765@N05/43182183620,43.645889,-79.381349,,,,,,,,,,,,,,,
https://live.staticflickr.com/2869/9292309424_1c9988eb64_b.jpg,https://www.flickr.com/photos/24453255@N04/9292309424,43.649149,-79.372122,,,,,,,,,,,,,,,
https://live.staticflickr.com/7368/9195399419_a68093b9e4_b.jpg,https://www.flickr.com/photos/24128704@N08/9195399419,43.642224,-79.377862,,,,,,,,,,,,,,,
https://live.staticflickr.com/8096/8453008829_49c33d6b22_b.jpg,https://www.flickr.com/photos/43177290@N05/8453008829,43.642457,-79.387067,,,,,,,,,,,,,,,
https://live.staticflickr.com/8043/8363415229_8619012bb3_b.jpg,https://www.flickr.com/photos/44994799@N04/8363415229,43.633869,-79.425541,,,,,,,,,,,,,,,
https://live.staticflickr.com/1270/4691626027_1007289953_b.jpg,https://www.flickr.com/photos/11200205@N02/4691626027,43.656291,-79.357949,,,,,,,,,,,,,,,
https://live.staticflickr.com/2617/3810817115_b921fac10c_b.jpg,https://www.flickr.com/photos/10648765@N02/3810817115,43.650682,-79.386305,,,,,,,,,,,,,,,
https://live.staticflickr.com/65535/54648066801_65d9570f1f_b.jpg,https://www.flickr.com/photos/11200205@N02/54648066801,43.594203,-79.569846,,,,,,,,,,,,,,,
https://live.staticflickr.com/65535/54456518425_17a7b95640_b.jpg,https://www.flickr.com/photos/11200205@N02/54456518425,43.670913,-79.739209,,,,,,,,,,,,,,,
https://live.staticflickr.com/65535/54416205820_89b4a743c9_b.jpg,https://www.flickr.com/photos/33922643@N07/54416205820,43.654455,-79.390631,,,,,,,,,,,,,,,
https://live.staticflickr.com/65535/54376382851_5ff1c15cf8_b.jpg,https://www.flickr.com/photos/33922643@N07/54376382851,43.665119,-79.380662,,,,,,,,,,,,,,,
https://live.staticflickr.com/65535/54369248756_1d84d8c50e_b.jpg,https://www.flickr.com/photos/11200205@N02/54369248756,43.652852,-79.401326,,,,,,,,,,,,,,,
https://live.staticflickr.com/65535/54367893790_c6f393a208_b.jpg,https://www.flickr.com/photos/11200205@N02/54367893790,43.653691,-79.402903,,,,,,,,,,,,,,,
https://live.staticflickr.com/65535/54361672257_011500a0c9_b.jpg,https://www.flickr.com/photos/201457582@N03/54361672257,43.646401,-79.379284,,,,,,,,,,,,,,,
https://live.staticflickr.com/65535/54339652672_9c0aebc19b_b.jpg,https://www.flickr.com/photos/33922643@N07/54339652672,43.661047,-79.430306,,,,,,,,,,,,,,,
https://live.staticflickr.com/65535/54332266795_66547b0e37_b.jpg,https://www.flickr.com/photos/33922643@N07/54332266795,43.666345,-79.385136,,,,,,,,,,,,,,,
https://live.staticflickr.com/65535/54321883458_71ef637506_b.jpg,https://www.flickr.com/photos/11200205@N02/54321883458,43.594203,-79.569846,,,,,,,,,,,,,,,
https://live.staticflickr.com/65535/54309961849_a6f8393a7c_b.jpg,https://www.flickr.com/photos/33922643@N07/54309961849,43.651647,-79.38415,,,,,,,,,,,,,,,
https://live.staticflickr.com/65535/54301725412_7e9482ff88_b.jpg,https://www.flickr.com/photos/11200205@N02/54301725412,43.668081,-79.739756,,,,,,,,,,,,,,,
https://live.staticflickr.com/65535/54298973881_48ff368da3_b.jpg,https://www.flickr.com/photos/11200205@N02/54298973881,43.524494,-79.870403,,,,,,,,,,,,,,,
https://live.staticflickr.com/65535/54297539590_a054960f6b_b.jpg,https://www.flickr.com/photos/11200205@N02/54297539590,43.655794,-79.403697,,,,,,,,,,,,,,,
https://live.staticflickr.com/65535/54297296514_deb456e50b_b.jpg,https://www.flickr.com/photos/11200205@N02/54297296514,43.65348,-79.400129,,,,,,,,,,,,,,,
https://live.staticflickr.com/65535/54293392556_f930868b2b_b.jpg,https://www.flickr.com/photos/11200205@N02/54293392556,43.649514,-79.588136,,,,,,,,,,,,,,,
https://live.staticflickr.com/65535/54286918446_d3d78868d5_b.jpg,https://www.flickr.com/photos/57756296@N06/54286918446,48.431478,-89.230238,,,,,,,,,,,,,,,
https://live.staticflickr.com/65535/54285840302_0a6750c0e8_b.jpg,https://www.flickr.com/photos/11200205@N02/54285840302,43.725579,-79.607944,,,,,,,,,,,,,,,
https://live.staticflickr.com/65535/54284448642_e739cae10f_b.jpg,https://www.flickr.com/photos/11200205@N02/54284448642,43.566174,-79.67284,,,,,,,,,,,,,,,
https://live.staticflickr.com/65535/54285264843_0292319fd9_b.jpg,https://www.flickr.com/photos/11200205@N02/54285264843,43.668324,-79.710061,,,,,,,,,,,,,,,
https://live.staticflickr.com/65535/54283866653_e0e5e65d24_b.jpg,https://www.flickr.com/photos/11200205@N02/54283866653,43.668019,-79.709951,,,,,,,,,,,,,,,
https://live.staticflickr.com/65535/54283770989_5bf578a977_b.jpg,https://www.flickr.com/photos/11200205@N02/54283770989,43.668689,-79.7102,,,,,,,,,,,,,,,
https://live.staticflickr.com/65535/54282417363_2ecda13d17_b.jpg,https://www.flickr.com/photos/33922643@N07/54282417363,43.651327,-79.397206,,,,,,,,,,,,,,,
https://live.staticflickr.com/65535/54274892902_485119c8ab_b.jpg,https://www.flickr.com/photos/201653726@N06/54274892902,43.79348,-79.350495,,,,,,,,,,,,,,,
https://live.staticflickr.com/65535/54271951074_77e35f0b1d_b.jpg,https://www.flickr.com/photos/11200205@N02/54271951074,43.684783,-79.757761,,,,,,,,,,,,,,,
https://live.staticflickr.com/65535/54270377057_2dfafaf352_b.jpg,https://www.flickr.com/photos/201457582@N03/54270377057,43.645167,-79.38064,,,,,,,,,,,,,,,
https://live.staticflickr.com/65535/54261924037_20e8010255_b.jpg,https://www.flickr.com/photos/33922643@N07/54261924037,43.640811,-79.435819,,,,,,,,,,,,,,,
https://live.staticflickr.com/65535/54262821555_d96a46ae48_b.jpg,https://www.flickr.com/photos/33922643@N07/54262821555,43.664705,-79.380533,,,,,,,,,,,,,,,
https://live.staticflickr.com/65535/54262620988_cf5241be3d_b.jpg,https://www.flickr.com/photos/11200205@N02/54262620988,43.617817,-79.545146,,,,,,,,,,,,,,,
https://live.staticflickr.com/65535/54253594387_b193508828_b.jpg,https://www.flickr.com/photos/33922643@N07/54253594387,43.644608,-79.392623,,,,,,,,,,,,,,,
https://live.staticflickr.com/65535/54250928654_b39ae2ff09_b.jpg,https://www.flickr.com/photos/33922643@N07/54250928654,43.648375,-79.380456,,,,,,,,,,,,,,,
https://live.staticflickr.com/65535/54248160567_6ebb9ed54c_b.jpg,https://www.flickr.com/photos/11200205@N02/54248160567,43.650112,-79.360781,,,,,,,,,,,,,,,
https://live.staticflickr.com/65535/54201157944_81a387a7fb_b.jpg,https://www.flickr.com/photos/88196436@N04/54201157944,45.417386,-75.702452,,,,,,,,,,,,,,,
https://live.staticflickr.com/65535/54157654826_ea07ec692d_b.jpg,https://www.flickr.com/photos/11200205@N02/54157654826,43.583569,-79.550349,,,,,,,,,,,,,,,
https://live.staticflickr.com/65535/54154161361_8a27ab4805_b.jpg,https://www.flickr.com/photos/95051105@N00/54154161361,43.64144,-79.38373,,,,,,,,,,,,,,,
https://live.staticflickr.com/65535/54152842136_0fcfaaa244_b.jpg,https://www.flickr.com/photos/201457582@N03/54152842136,43.654542,-79.380963,,,,,,,,,,,,,,,
https://live.staticflickr.com/65535/54118280027_987b44c42b_b.jpg,https://www.flickr.com/photos/11200205@N02/54118280027,43.583922,-79.550319,,,,,,,,,,,,,,,
https://live.staticflickr.com/65535/54073771933_8e1c81bdba_b.jpg,https://www.flickr.com/photos/201457582@N03/54073771933,43.621985,-79.378499,,,,,,,,,,,,,,,
https://live.staticflickr.com/65535/54070524615_c41c20cc6a_b.jpg,https://www.flickr.com/photos/11200205@N02/54070524615,43.654555,-79.40062,,,,,,,,,,,,,,,
https://live.staticflickr.com/65535/54068458031_1e9c731372_b.jpg,https://www.flickr.com/photos/201457582@N03/54068458031,43.653186,-79.379546,,,,,,,,,,,,,,,
https://live.staticflickr.com/65535/54041384622_c51e810016_b.jpg,https://www.flickr.com/photos/11200205@N02/54041384622,43.587633,-79.509719,,,,,,,,,,,,,,,
https://live.staticflickr.com/65535/54001890282_ab81623d2c_b.jpg,https://www.flickr.com/photos/11200205@N02/54001890282,43.667925,-79.710241,,,,,,,,,,,,,,,
https://live.staticflickr.com/65535/53938960488_ed311834a0_b.jpg,https://www.flickr.com/photos/11200205@N02/53938960488,43.160771,-79.925075,,,,,,,,,,,,,,,
https://live.staticflickr.com/65535/53929473299_5e5eaf3c00_b.jpg,https://www.flickr.com/photos/11200205@N02/53929473299,43.650104,-79.373742,,,,,,,,,,,,,,,
https://live.staticflickr.com/65535/53906439375_6bd97683dd_b.jpg,https://www.flickr.com/photos/11200205@N02/53906439375,43.668313,-79.739724,,,,,,,,,,,,,,,
https://live.staticflickr.com/65535/53889972586_f076b5b99d_b.jpg,https://www.flickr.com/photos/11200205@N02/53889972586,43.654136,-79.402497,,,,,,,,,,,,,,,
https://live.staticflickr.com/65535/51991776677_c39030f9a6_b.jpg,https://www.flickr.com/photos/195171248@N05/51991776677,43.660358,-79.40051,,,,,,,,,,,,,,,
https://live.staticflickr.com/65535/51986751143_d44c9d51b8_b.jpg,https://www.flickr.com/photos/195171248@N05/51986751143,43.655127,-79.399223,,,,,,,,,,,,,,,
https://live.staticflickr.com/65535/51981015272_af706ec625_b.jpg,https://www.flickr.com/photos/11200205@N02/51981015272,43.702071,-79.517658,,,,,,,,,,,,,,,
https://live.staticflickr.com/65535/51954683137_e687fb5bb8_b.jpg,https://www.flickr.com/photos/195171248@N05/51954683137,43.656679,-79.402806,,,,,,,,,,,,,,,
https://live.staticflickr.com/65535/51941893001_e95b5bac7d_b.jpg,https://www.flickr.com/photos/11200205@N02/51941893001,43.661833,-79.37489,,,,,,,,,,,,,,,
https://live.staticflickr.com/65535/51866440120_460e60221f_b.jpg,https://www.flickr.com/photos/11200205@N02/51866440120,43.652596,-79.382303,,,,,,,,,,,,,,,
https://live.staticflickr.com/65535/51790630775_7166e8e303_b.jpg,https://www.flickr.com/photos/11200205@N02/51790630775,43.684997,-79.758692,,,,,,,,,,,,,,,
https://live.staticflickr.com/65535/51702557041_da851e1bb8_b.jpg,https://www.flickr.com/photos/54515311@N00/51702557041,45.4191,-75.704334,,,,,,,,,,,,,,,
https://live.staticflickr.com/65535/51530304487_e41d2decbf_b.jpg,https://www.flickr.com/photos/11200205@N02/51530304487,43.680008,-80.429985,,,,,,,,,,,,,,,
https://live.staticflickr.com/65535/51527537978_06e9e69aaa_b.jpg,https://www.flickr.com/photos/11200205@N02/51527537978,43.648,-79.398461,,,,,,,,,,,,,,,
https://live.staticflickr.com/65535/51373792446_ea797f7e24_b.jpg,https://www.flickr.com/photos/11200205@N02/51373792446,43.648598,-79.373892,,,,,,,,,,,,,,,
https://live.staticflickr.com/65535/51255248941_0803e03fb7_b.jpg,https://www.flickr.com/photos/11200205@N02/51255248941,43.642705,-79.387249,,,,,,,,,,,,,,,
https://live.staticflickr.com/65535/51249889146_ba51a45070_b.jpg,https://www.flickr.com/photos/192540662@N04/51249889146,43.652177,-79.382078,,,,,,,,,,,,,,,
https://live.staticflickr.com/65535/51222233078_da17ce1cae_b.jpg,https://www.flickr.com/photos/192540662@N04/51222233078,43.631377,-79.471678,,,,,,,,,,,,,,,
https://live.staticflickr.com/65535/51205597454_cf3c17c80a_b.jpg,https://www.flickr.com/photos/11200205@N02/51205597454,43.637868,-79.456408,,,,,,,,,,,,,,,
https://live.staticflickr.com/65535/51181399205_3a71c7e3d3_b.jpg,https://www.flickr.com/photos/11200205@N02/51181399205,43.193506,-80.386404,,,,,,,,,,,,,,,
https://live.staticflickr.com/65535/51171335787_c5a23b4c72_b.jpg,https://www.flickr.com/photos/91642141@N00/51171335787,43.656096,-79.380632,,,,,,,,,,,,,,,
https://live.staticflickr.com/65535/51155517430_804384a55f_b.jpg,https://www.flickr.com/photos/144327389@N02/51155517430,43.644842,-79.391026,,,,,,,,,,,,,,,
https://live.staticflickr.com/65535/51134381775_7b52ebeb76_b.jpg,https://www.flickr.com/photos/11200205@N02/51134381775,43.683856,-79.758285,,,,,,,,,,,,,,,
https://live.staticflickr.com/65535/51115224360_f01a06eb6d_b.jpg,https://www.flickr.com/photos/11200205@N02/51115224360,43.651843,-79.38549,,,,,,,,,,,,,,,
https://live.staticflickr.com/65535/51099249845_c9c7fc2b48_b.jpg,https://www.flickr.com/photos/192540662@N04/51099249845,43.652666,-79.384295,,,,,,,,,,,,,,,
https://live.staticflickr.com/65535/50888932247_73c8b3c196_b.jpg,https://www.flickr.com/photos/11200205@N02/50888932247,43.602529,-79.522583,,,,,,,,,,,,,,,
https://live.staticflickr.com/65535/50823128521_632df56338_b.jpg,https://www.flickr.com/photos/83652164@N03/50823128521,45.431248,-75.687657,,,,,,,,,,,,,,,
https://live.staticflickr.com/65535/50788113893_309c304051_b.jpg,https://www.flickr.com/photos/11200205@N02/50788113893,43.647441,-79.370781,,,,,,,,,,,,,,,
https://live.staticflickr.com/65535/50601946208_b9166cee2f_b.jpg,https://www.flickr.com/photos/36686497@N05/50601946208,43.656223,-79.38034,,,,,,,,,,,,,,,
https://live.staticflickr.com/65535/50598353708_da1c49ccfa_b.jpg,https://www.flickr.com/photos/11200205@N02/50598353708,43.684966,-79.759519,,,,,,,,,,,,,,,
https://live.staticflickr.com/65535/50597310253_b03c06cd7e_b.jpg,https://www.flickr.com/photos/11200205@N02/50597310253,43.686246,-79.767501,,,,,,,,,,,,,,,
https://live.staticflickr.com/65535/50587443952_888b802812_b.jpg,https://www.flickr.com/photos/11200205@N02/50587443952,43.649887,-79.360213,,,,,,,,,,,,,,,
https://live.staticflickr.com/65535/50508445391_d5d3db1a4a_b.jpg,https://www.flickr.com/photos/36686497@N05/50508445391,43.668501,-79.386005,,,,,,,,,,,,,,,
https://live.staticflickr.com/65535/50112599698_ebaf0c3f97_b.jpg,https://www.flickr.com/photos/11200205@N02/50112599698,43.652751,-79.38225,,,,,,,,,,,,,,,
https://live.staticflickr.com/65535/50013617578_cb67b4ab6b_b.jpg,https://www.flickr.com/photos/36686497@N05/50013617578,43.646814,-79.359891,,,,,,,,,,,,,,,
https://live.staticflickr.com/65535/49847035878_409df81566_b.jpg,https://www.flickr.com/photos/18378305@N00/49847035878,43.651975,-79.379868,,,,,,,,,,,,,,,
https://live.staticflickr.com/65535/49830029232_ec4e3f306c_b.jpg,https://www.flickr.com/photos/57756296@N06/49830029232,43.647899,-79.384202,,,,,,,,,,,,,,,
https://live.staticflickr.com/65535/49166488427_6718e920b2_b.jpg,https://www.flickr.com/photos/11200205@N02/49166488427,43.650112,-79.360781,,,,,,,,,,,,,,,
https://live.staticflickr.com/65535/49090199307_bac9589a51_b.jpg,https://www.flickr.com/photos/11200205@N02/49090199307,43.654048,-79.378849,,,,,,,,,,,,,,,
https://live.staticflickr.com/65535/48921712691_2763d684bd_b.jpg,https://www.flickr.com/photos/76093270@N04/48921712691,43.636253,-79.409705,,,,,,,,,,,,,,,
https://live.staticflickr.com/65535/48856607231_a70af92058_b.jpg,https://www.flickr.com/photos/76093270@N04/48856607231,43.639864,-79.405961,,,,,,,,,,,,,,,
https://live.staticflickr.com/65535/51983005955_b3e8cee081_b.jpg,https://www.flickr.com/photos/11200205@N02/51983005955,43.617894,-79.544759,,,,,,,,,,,,,,,
https://live.staticflickr.com/65535/51977592132_b88e0f5a8b_b.jpg,https://www.flickr.com/photos/36686497@N05/51977592132,43.634273,-79.53196,,,,,,,,,,,,,,,
https://live.staticflickr.com/65535/51979135150_80f2f0daee_b.jpg,https://www.flickr.com/photos/195171248@N05/51979135150,43.648202,-79.37901,,,,,,,,,,,,,,,
https://live.staticflickr.com/65535/51954383401_1d8e3440c3_b.jpg,https://www.flickr.com/photos/11200205@N02/51954383401,43.649949,-79.359505,,,,,,,,,,,,,,,
https://live.staticflickr.com/65535/51926240758_c260c3cc17_b.jpg,https://www.flickr.com/photos/11200205@N02/51926240758,43.687999,-79.760999,,,,,,,,,,,,,,,
https://live.staticflickr.com/65535/51909438577_7105a86d10_b.jpg,https://www.flickr.com/photos/11200205@N02/51909438577,43.688946,-79.754487,,,,,,,,,,,,,,,
https://live.staticflickr.com/65535/51906629589_da38a8248d_b.jpg,https://www.flickr.com/photos/36686497@N05/51906629589,43.661709,-79.392507,,,,,,,,,,,,,,,
https://live.staticflickr.com/65535/51904606564_120fda2f03_b.jpg,https://www.flickr.com/photos/36686497@N05/51904606564,43.664425,-79.392592,,,,,,,,,,,,,,,
https://live.staticflickr.com/65535/51903828235_829ed0fdec_b.jpg,https://www.flickr.com/photos/36686497@N05/51903828235,43.661158,-79.391949,,,,,,,,,,,,,,,
https://live.staticflickr.com/65535/51899689451_6fd377ac1c_b.jpg,https://www.flickr.com/photos/36686497@N05/51899689451,43.666009,-79.391627,,,,,,,,,,,,,,,
https://live.staticflickr.com/65535/51893431318_de97999132_b.jpg,https://www.flickr.com/photos/36686497@N05/51893431318,43.666552,-79.385426,,,,,,,,,,,,,,,
https://live.staticflickr.com/65535/51882377696_8f21a28fd9_b.jpg,https://www.flickr.com/photos/36686497@N05/51882377696,43.627502,-79.488208,,,,,,,,,,,,,,,
https://live.staticflickr.com/65535/51874649131_b9caa9b5c2_b.jpg,https://www.flickr.com/photos/36686497@N05/51874649131,43.668337,-79.39403,,,,,,,,,,,,,,,
https://live.staticflickr.com/65535/51829301535_38d8ca55fc_b.jpg,https://www.flickr.com/photos/36686497@N05/51829301535,43.634599,-79.531896,,,,,,,,,,,,,,,
https://live.staticflickr.com/65535/51827162401_01c274c740_b.jpg,https://www.flickr.com/photos/36686497@N05/51827162401,43.626966,-79.527121,,,,,,,,,,,,,,,
https://live.staticflickr.com/65535/51826207593_cf487980d5_b.jpg,https://www.flickr.com/photos/36686497@N05/51826207593,43.661895,-79.388129,,,,,,,,,,,,,,,
https://live.staticflickr.com/65535/51822403729_28abfdbcbb_b.jpg,https://www.flickr.com/photos/36686497@N05/51822403729,43.667196,-79.393547,,,,,,,,,,,,,,,
https://live.staticflickr.com/65535/51820174631_91b4819055_b.jpg,https://www.flickr.com/photos/11200205@N02/51820174631,43.632029,-79.471213,,,,,,,,,,,,,,,
https://live.staticflickr.com/65535/51819044685_b34d85a05f_b.jpg,https://www.flickr.com/photos/11200205@N02/51819044685,43.650267,-79.372197,,,,,,,,,,,,,,,
https://live.staticflickr.com/65535/51818335325_753796256b_b.jpg,https://www.flickr.com/photos/36686497@N05/51818335325,43.658402,-79.371178,,,,,,,,,,,,,,,
https://live.staticflickr.com/65535/51808133443_fe01235fc5_b.jpg,https://www.flickr.com/photos/36686497@N05/51808133443,43.658464,-79.370706,,,,,,,,,,,,,,,
https://live.staticflickr.com/65535/51805129002_54c6af3b24_b.jpg,https://www.flickr.com/photos/11200205@N02/51805129002,43.674033,-79.706647,,,,,,,,,,,,,,,
https://live.staticflickr.com/65535/51804340899_6d7c7fd8bc_b.jpg,https://www.flickr.com/photos/36686497@N05/51804340899,43.658324,-79.370608,,,,,,,,,,,,,,,
https://live.staticflickr.com/65535/51799298311_bb85b1330d_b.jpg,https://www.flickr.com/photos/36686497@N05/51799298311,43.661305,-79.361479,,,,,,,,,,,,,,,
https://live.staticflickr.com/65535/51783214721_1b466a7690_b.jpg,https://www.flickr.com/photos/36686497@N05/51783214721,43.632705,-79.526392,,,,,,,,,,,,,,,
https://live.staticflickr.com/65535/51780122370_146ddd7763_b.jpg,https://www.flickr.com/photos/36686497@N05/51780122370,43.65241,-79.38313,,,,,,,,,,,,,,,
https://live.staticflickr.com/65535/51775447470_9d845691f8_b.jpg,https://www.flickr.com/photos/36686497@N05/51775447470,43.652317,-79.380029,,,,,,,,,,,,,,,
https://live.staticflickr.com/65535/51762302351_ae54935487_b.jpg,https://www.flickr.com/photos/36686497@N05/51762302351,43.653388,-79.38019,,,,,,,,,,,,,,,
https://live.staticflickr.com/65535/51760499489_c71f4aef9a_b.jpg,https://www.flickr.com/photos/36686497@N05/51760499489,43.635749,-79.532496,,,,,,,,,,,,,,,
https://live.staticflickr.com/65535/51754935952_4e14d4c730_b.jpg,https://www.flickr.com/photos/36686497@N05/51754935952,43.647263,-79.393858,,,,,,,,,,,,,,,
https://live.staticflickr.com/65535/54813752657_9fcda98d28_b.jpg,https://www.flickr.com/photos/198243827@N04/54813752657,45.510151,-73.560633,,,,,,,,,,,,,,,
https://live.staticflickr.com/65535/54454204736_d964c37211_b.jpg,https://www.flickr.com/photos/87857621@N00/54454204736,45.604591,-73.546356,,,,,,,,,,,,,,,
https://live.staticflickr.com/65535/54300573119_c348e3a3ce_b.jpg,https://www.flickr.com/photos/87857621@N00/54300573119,45.558524,-73.535942,,,,,,,,,,,,,,,
https://live.staticflickr.com/65535/54286867752_4c63fe815a_b.jpg,https://www.flickr.com/photos/87857621@N00/54286867752,45.507766,-73.585823,,,,,,,,,,,,,,,
https://live.staticflickr.com/65535/54287987369_65c7346911_b.jpg,https://www.flickr.com/photos/87857621@N00/54287987369,45.505597,-73.589264,,,,,,,,,,,,,,,
https://live.staticflickr.com/65535/54281287222_52c76df40d_b.jpg,https://www.flickr.com/photos/53612470@N07/54281287222,45.492495,-73.563601,,,,,,,,,,,,,,,
https://live.staticflickr.com/65535/54277334781_1353b89ec7_b.jpg,https://www.flickr.com/photos/87857621@N00/54277334781,45.604591,-73.546356,,,,,,,,,,,,,,,
https://live.staticflickr.com/65535/54267513290_f5dd2211b8_b.jpg,https://www.flickr.com/photos/87857621@N00/54267513290,45.5055,-73.628356,,,,,,,,,,,,,,,
https://live.staticflickr.com/65535/54262754593_646da72b12_b.jpg,https://www.flickr.com/photos/87857621@N00/54262754593,45.604591,-73.546356,,,,,,,,,,,,,,,
https://live.staticflickr.com/65535/54234349089_4474b89a9d_b.jpg,https://www.flickr.com/photos/33922643@N07/54234349089,45.511484,-73.567188,,,,,,,,,,,,,,,
https://live.staticflickr.com/65535/54229192252_4983c92d22_b.jpg,https://www.flickr.com/photos/33922643@N07/54229192252,45.506612,-73.570997,,,,,,,,,,,,,,,
https://live.staticflickr.com/65535/54204503069_a2d021f5ee_b.jpg,https://www.flickr.com/photos/33922643@N07/54204503069,45.51443,-73.562262,,,,,,,,,,,,,,,
https://live.staticflickr.com/65535/54176597300_dfd1334cde_b.jpg,https://www.flickr.com/photos/87857621@N00/54176597300,45.558524,-73.535942,,,,,,,,,,,,,,,
https://live.staticflickr.com/65535/54173959188_8394ecb8df_b.jpg,https://www.flickr.com/photos/192540662@N04/54173959188,45.497849,-73.568294,,,,,,,,,,,,,,,
https://live.staticflickr.com/65535/54165473623_1ce5babd66_b.jpg,https://www.flickr.com/photos/53612470@N07/54165473623,45.519248,-73.584101,,,,,,,,,,,,,,,
https://live.staticflickr.com/65535/54164071534_7d00f250e8_b.jpg,https://www.flickr.com/photos/87857621@N00/54164071534,45.582809,-73.543199,,,,,,,,,,,,,,,
https://live.staticflickr.com/65535/54152424631_fe5d4c09cd_b.jpg,https://www.flickr.com/photos/198243827@N04/54152424631,45.53924,-73.607583,,,,,,,,,,,,,,,
https://live.staticflickr.com/65535/53619098080_0d1085028f_b.jpg,https://www.flickr.com/photos/198243827@N04/53619098080,45.501752,-73.563176,,,,,,,,,,,,,,,
https://live.staticflickr.com/65535/53544502955_2607faed09_b.jpg,https://www.flickr.com/photos/146153230@N08/53544502955,45.582786,-73.54322,,,,,,,,,,,,,,,
https://live.staticflickr.com/65535/53516929677_ef4bdb8991_b.jpg,https://www.flickr.com/photos/192540662@N04/53516929677,45.504702,-73.556973,,,,,,,,,,,,,,,
https://live.staticflickr.com/65535/53473971279_e864527226_b.jpg,https://www.flickr.com/photos/198243827@N04/53473971279,45.494465,-73.578658,,,,,,,,,,,,,,,
https://live.staticflickr.com/65535/53449477775_6abb06b0cc_b.jpg,https://www.flickr.com/photos/33922643@N07/53449477775,45.505894,-73.570453,,,,,,,,,,,,,,,
https://live.staticflickr.com/65535/53111608769_a5c2ed532c_b.jpg,https://www.flickr.com/photos/188659962@N03/53111608769,45.510361,-73.566577,,,,,,,,,,,,,,,
https://live.staticflickr.com/65535/53088899302_f46113390b_b.jpg,https://www.flickr.com/photos/188659962@N03/53088899302,45.50782,-73.568261,,,,,,,,,,,,,,,
https://live.staticflickr.com/65535/53000563274_a1b654c839_b.jpg,https://www.flickr.com/photos/30597028@N03/53000563274,45.50073,-73.572242,,,,,,,,,,,,,,,
https://live.staticflickr.com/65535/52951320651_5994346920_b.jpg,https://www.flickr.com/photos/18378305@N00/52951320651,45.53904,-73.614063,,,,,,,,,,,,,,,
https://live.staticflickr.com/65535/52323190712_055f365aea_b.jpg,https://www.flickr.com/photos/67095818@N05/52323190712,45.478037,-73.56334,,,,,,,,,,,,,,,
https://live.staticflickr.com/65535/51579980774_7817caffc0_b.jpg,https://www.flickr.com/photos/82879511@N00/51579980774,45.50767,-73.571705,,,,,,,,,,,,,,,
https://live.staticflickr.com/65535/51409187280_c49432541d_b.jpg,https://www.flickr.com/photos/163714109@N03/51409187280,45.505632,-73.547608,,,,,,,,,,,,,,,
https://live.staticflickr.com/65535/50494546611_59a73e102b_b.jpg,https://www.flickr.com/photos/39871759@N02/50494546611,45.45093,-73.858414,,,,,,,,,,,,,,,
https://live.staticflickr.com/65535/49960314191_c827ff9d90_b.jpg,https://www.flickr.com/photos/33922643@N07/49960314191,45.510484,-73.592669,,,,,,,,,,,,,,,
https://live.staticflickr.com/65535/49866640516_bd39763113_b.jpg,https://www.flickr.com/photos/85264217@N04/49866640516,45.48035,-73.577148,,,,,,,,,,,,,,,
https://live.staticflickr.com/65535/48954312916_1f210e1d2e_b.jpg,https://www.flickr.com/photos/144745116@N05/48954312916,45.504877,-73.557404,,,,,,,,,,,,,,,
https://live.staticflickr.com/65535/48954486372_8491c63158_b.jpg,https://www.flickr.com/photos/144745116@N05/48954486372,45.505193,-73.554142,,,,,,,,,,,,,,,
https://live.staticflickr.com/65535/48706060156_d8e059ea3b_b.jpg,https://www.flickr.com/photos/87857621@N00/48706060156,45.509925,-73.551406,,,,,,,,,,,,,,,
https://live.staticflickr.com/65535/48641200641_449ed92135_b.jpg,https://www.flickr.com/photos/8089996@N06/48641200641,45.501767,-73.562103,,,,,,,,,,,,,,,
https://live.staticflickr.com/3479/3739291447_7fbfdff5e3_b.jpg,https://www.flickr.com/photos/53395845@N00/3739291447,45.498466,-73.570481,,,,,,,,,,,,,,,
https://live.staticflickr.com/2594/3720621029_029501a9f7_b.jpg,https://www.flickr.com/photos/53395845@N00/3720621029,45.495625,-73.573189,,,,,,,,,,,,,,,
https://live.staticflickr.com/3093/3202108537_23bd2013a9_b.jpg,https://www.flickr.com/photos/15734079@N00/3202108537,45.494206,-73.567317,,,,,,,,,,,,,,,
https://live.staticflickr.com/87/241725504_8ae2fb560f_b.jpg,https://www.flickr.com/photos/55996159@N00/241725504,45.508264,-73.565568,,,,,,,,,,,,,,,
https://live.staticflickr.com/84/225541554_9284fa9a81_b.jpg,https://www.flickr.com/photos/55996159@N00/225541554,45.489343,-73.584505,,,,,,,,,,,,,,,
https://live.staticflickr.com/56/179144383_b272d97169_b.jpg,https://www.flickr.com/photos/53395845@N00/179144383,45.5127,-73.573631,,,,,,,,,,,,,,,
https://live.staticflickr.com/62/179143455_2a44ab6769_b.jpg,https://www.flickr.com/photos/53395845@N00/179143455,45.514993,-73.574929,,,,,,,,,,,,,,,
https://live.staticflickr.com/74/179141988_1f1163a63e_b.jpg,https://www.flickr.com/photos/53395845@N00/179141988,45.513888,-73.572526,,,,,,,,,,,,,,,
https://live.staticflickr.com/66/158467789_fac13a01d5_b.jpg,https://www.flickr.com/photos/55996159@N00/158467789,45.50776,-73.575536,,,,,,,,,,,,,,,
https://live.staticflickr.com/65535/54456869644_d49aaf167b_b.jpg,https://www.flickr.com/photos/53612470@N07/54456869644,45.508452,-73.566341,,,,,,,,,,,,,,,
https://live.staticflickr.com/65535/54410916044_0057a0eaaf_b.jpg,https://www.flickr.com/photos/53612470@N07/54410916044,45.519819,-73.583493,,,,,,,,,,,,,,,
https://live.staticflickr.com/65535/54307810584_22c4d61cc8_b.jpg,https://www.flickr.com/photos/53612470@N07/54307810584,45.498706,-73.573408,,,,,,,,,,,,,,,
https://live.staticflickr.com/65535/54297660236_1fd9d8481e_b.jpg,https://www.flickr.com/photos/53612470@N07/54297660236,45.499209,-73.562548,,,,,,,,,,,,,,,
https://live.staticflickr.com/65535/54286867547_1006bd7ea7_b.jpg,https://www.flickr.com/photos/87857621@N00/54286867547,45.505597,-73.589264,,,,,,,,,,,,,,,
https://live.staticflickr.com/65535/54286283850_a6b05bfebe_b.jpg,https://www.flickr.com/photos/53612470@N07/54286283850,45.498706,-73.573408,,,,,,,,,,,,,,,
https://live.staticflickr.com/65535/54277276057_fa353765f4_b.jpg,https://www.flickr.com/photos/53612470@N07/54277276057,45.498955,-73.574059,,,,,,,,,,,,,,,
https://live.staticflickr.com/65535/54253675673_dd136b4a14_b.jpg,https://www.flickr.com/photos/53612470@N07/54253675673,45.523653,-73.583171,,,,,,,,,,,,,,,
https://live.staticflickr.com/65535/54231324835_0388196588_b.jpg,https://www.flickr.com/photos/33922643@N07/54231324835,45.507541,-73.56575,,,,,,,,,,,,,,,
https://live.staticflickr.com/65535/54222327180_234c4ab648_b.jpg,https://www.flickr.com/photos/53612470@N07/54222327180,45.527614,-73.587287,,,,,,,,,,,,,,,
https://live.staticflickr.com/65535/54182220264_cbb89c5575_b.jpg,https://www.flickr.com/photos/33922643@N07/54182220264,45.5029,-73.570039,,,,,,,,,,,,,,,
https://live.staticflickr.com/65535/54163067735_481c9424c1_b.jpg,https://www.flickr.com/photos/53612470@N07/54163067735,45.523011,-73.583687,,,,,,,,,,,,,,,
https://live.staticflickr.com/65535/54068733907_db5b1684f4_b.jpg,https://www.flickr.com/photos/54515311@N00/54068733907,45.504133,-73.5745,,,,,,,,,,,,,,,
https://live.staticflickr.com/65535/54044781802_a0ce67a353_b.jpg,https://www.flickr.com/photos/54515311@N00/54044781802,45.51625,-73.565984,,,,,,,,,,,,,,,
https://live.staticflickr.com/65535/54044780457_34afbaf5aa_b.jpg,https://www.flickr.com/photos/54515311@N00/54044780457,45.5087,-73.551917,,,,,,,,,,,,,,,
https://live.staticflickr.com/65535/53765176643_ba11554851_b.jpg,https://www.flickr.com/photos/95634955@N06/53765176643,45.517323,-73.582155,,,,,,,,,,,,,,,
https://live.staticflickr.com/65535/53520037187_f371d04309_b.jpg,https://www.flickr.com/photos/33922643@N07/53520037187,45.507108,-73.570423,,,,,,,,,,,,,,,
https://live.staticflickr.com/65535/53355290207_5afbe58e91_b.jpg,https://www.flickr.com/photos/192540662@N04/53355290207,45.507419,-73.552223,,,,,,,,,,,,,,,
https://live.staticflickr.com/65535/53312784644_379464dbfd_b.jpg,https://www.flickr.com/photos/54515311@N00/53312784644,45.500383,-73.569434,,,,,,,,,,,,,,,
https://live.staticflickr.com/65535/53207074142_1e83ecbde7_b.jpg,https://www.flickr.com/photos/91136245@N06/53207074142,45.500226,-73.557211,,,,,,,,,,,,,,,
https://live.staticflickr.com/65535/53190534092_7197e48d12_b.jpg,https://www.flickr.com/photos/13261390@N02/53190534092,45.502481,-73.570654,,,,,,,,,,,,,,,
https://live.staticflickr.com/65535/53128577694_588f349ec1_b.jpg,https://www.flickr.com/photos/54515311@N00/53128577694,45.5056,-73.556167,,,,,,,,,,,,,,,
https://live.staticflickr.com/65535/53085229946_664e4902ec_b.jpg,https://www.flickr.com/photos/54515311@N00/53085229946,45.496916,-73.576784,,,,,,,,,,,,,,,
https://live.staticflickr.com/65535/53072800045_726d2eed5d_b.jpg,https://www.flickr.com/photos/13261390@N02/53072800045,45.574578,-73.579108,,,,,,,,,,,,,,,
https://live.staticflickr.com/65535/53061388123_062d51a4dd_b.jpg,https://www.flickr.com/photos/13261390@N02/53061388123,45.505264,-73.569216,,,,,,,,,,,,,,,
https://live.staticflickr.com/65535/52955357063_f8d333b64c_b.jpg,https://www.flickr.com/photos/13261390@N02/52955357063,45.504218,-73.572038,,,,,,,,,,,,,,,
https://live.staticflickr.com/65535/52931907722_9afda6f5a5_b.jpg,https://www.flickr.com/photos/67925647@N08/52931907722,45.508453,-73.554421,,,,,,,,,,,,,,,
https://live.staticflickr.com/65535/52929140001_7e6e2c2b88_b.jpg,https://www.flickr.com/photos/13261390@N02/52929140001,45.505128,-73.571684,,,,,,,,,,,,,,,
https://live.staticflickr.com/65535/52898893382_de0109f2fd_b.jpg,https://www.flickr.com/photos/13261390@N02/52898893382,45.52451,-73.582735,,,,,,,,,,,,,,,
https://live.staticflickr.com/65535/52892328285_00378995a1_b.jpg,https://www.flickr.com/photos/12741965@N00/52892328285,45.490998,-73.551717,,,,,,,,,,,,,,,
https://live.staticflickr.com/65535/52854861812_cd982b0dd6_b.jpg,https://www.flickr.com/photos/13261390@N02/52854861812,45.507549,-73.571813,,,,,,,,,,,,,,,
https://live.staticflickr.com/65535/52785252357_fb11b1415d_b.jpg,https://www.flickr.com/photos/30597028@N03/52785252357,45.503436,-73.586853,,,,,,,,,,,,,,,
https://live.staticflickr.com/65535/52650436122_832485d2c4_b.jpg,https://www.flickr.com/photos/98372297@N03/52650436122,45.508128,-73.553541,,,,,,,,,,,,,,,
https://live.staticflickr.com/65535/52639921227_0d44476b0f_b.jpg,https://www.flickr.com/photos/25273938@N03/52639921227,46.810303,-71.206448,,,,,,,,,,,,,,,
https://live.staticflickr.com/65535/52627205274_b5ec2dafb7_b.jpg,https://www.flickr.com/photos/93058428@N06/52627205274,45.503723,-73.554905,,,,,,,,,,,,,,,
https://live.staticflickr.com/65535/52624091322_a18ccefe69_b.jpg,https://www.flickr.com/photos/13261390@N02/52624091322,45.529546,-73.624148,,,,,,,,,,,,,,,
https://live.staticflickr.com/65535/52575438241_e4f70fe0d7_b.jpg,https://www.flickr.com/photos/44495840@N08/52575438241,45.507686,-73.548867,,,,,,,,,,,,,,,
https://live.staticflickr.com/65535/52566354427_2432bcbfe0_b.jpg,https://www.flickr.com/photos/13261390@N02/52566354427,45.585737,-73.579859,,,,,,,,,,,,,,,
https://live.staticflickr.com/65535/52551877637_1c08982724_b.jpg,https://www.flickr.com/photos/42723893@N00/52551877637,45.418568,-75.699115,,,,,,,,,,,,,,,
https://live.staticflickr.com/65535/52492222485_93dd0388f4_b.jpg,https://www.flickr.com/photos/48219859@N05/52492222485,45.501319,-73.57022,,,,,,,,,,,,,,,
https://live.staticflickr.com/65535/52435369031_958efac2b1_b.jpg,https://www.flickr.com/photos/54515311@N00/52435369031,45.518063,-73.578387,,,,,,,,,,,,,,,
https://live.staticflickr.com/65535/52435365281_fb8d8595bc_b.jpg,https://www.flickr.com/photos/54515311@N00/52435365281,45.519591,-73.609203,,,,,,,,,,,,,,,
https://live.staticflickr.com/65535/52433523156_fd1a73f5dd_b.jpg,https://www.flickr.com/photos/54515311@N00/52433523156,45.522089,-73.597004,,,,,,,,,,,,,,,
https://live.staticflickr.com/65535/52399327600_3dd9b49bdf_b.jpg,https://www.flickr.com/photos/13261390@N02/52399327600,45.570943,-73.580503,,,,,,,,,,,,,,,
https://live.staticflickr.com/65535/52366521259_11db660242_b.jpg,https://www.flickr.com/photos/13261390@N02/52366521259,45.514166,-73.575203,,,,,,,,,,,,,,,
https://live.staticflickr.com/65535/52355440995_a37c7932c2_b.jpg,https://www.flickr.com/photos/54515311@N00/52355440995,45.516983,-73.57935,,,,,,,,,,,,,,,
https://live.staticflickr.com/65535/52331384806_c4a6d50a62_b.jpg,https://www.flickr.com/photos/54515311@N00/52331384806,45.516172,-73.577909,,,,,,,,,,,,,,,
https://live.staticflickr.com/65535/52331622553_61dca89c72_b.jpg,https://www.flickr.com/photos/54515311@N00/52331622553,45.516263,-73.576423,,,,,,,,,,,,,,,
https://live.staticflickr.com/65535/52331680909_59bc4f20b6_b.jpg,https://www.flickr.com/photos/54515311@N00/52331680909,45.513258,-73.571048,,,,,,,,,,,,,,,
https://live.staticflickr.com/65535/52331680344_6e081263c8_b.jpg,https://www.flickr.com/photos/54515311@N00/52331680344,45.511444,-73.568347,,,,,,,,,,,,,,,
https://live.staticflickr.com/65535/52328671684_ab93d9c818_b.jpg,https://www.flickr.com/photos/195998326@N02/52328671684,45.507294,-73.560459,,,,,,,,,,,,,,,
https://live.staticflickr.com/65535/52321851999_7a83760184_b.jpg,https://www.flickr.com/photos/67095818@N05/52321851999,45.478669,-73.561949,,,,,,,,,,,,,,,
https://live.staticflickr.com/65535/52314031295_f553f77c30_b.jpg,https://www.flickr.com/photos/41474913@N05/52314031295,45.503138,-73.566148,,,,,,,,,,,,,,,
https://live.staticflickr.com/65535/52307731627_50cf3b6ec6_b.jpg,https://www.flickr.com/photos/8099187@N06/52307731627,45.555239,-73.553144,,,,,,,,,,,,,,,
https://live.staticflickr.com/65535/52295433841_4373b1057a_b.jpg,https://www.flickr.com/photos/41474913@N05/52295433841,45.503627,-73.56162,,,,,,,,,,,,,,,
https://live.staticflickr.com/65535/52287412685_428c5a390f_b.jpg,https://www.flickr.com/photos/195998326@N02/52287412685,45.508116,-73.559773,,,,,,,,,,,,,,,
https://live.staticflickr.com/65535/54301101516_b942e84564_b.jpg,https://www.flickr.com/photos/74797463@N00/54301101516,45.536052,-73.621142,,,,,,,,,,,,,,,
https://live.staticflickr.com/65535/54300765385_e18186bc46_b.jpg,https://www.flickr.com/photos/87857621@N00/54300765385,45.558524,-73.535942,,,,,,,,,,,,,,,
https://live.staticflickr.com/65535/54300227378_7af35f9044_b.jpg,https://www.flickr.com/photos/189484496@N03/54300227378,45.582489,-73.542858,,,,,,,,,,,,,,,
https://live.staticflickr.com/65535/54298767077_af04a80ba5_b.jpg,https://www.flickr.com/photos/198243827@N04/54298767077,45.549144,-73.591854,,,,,,,,,,,,,,,
https://live.staticflickr.com/65535/54296498882_e6b9cb9eeb_b.jpg,https://www.flickr.com/photos/87857621@N00/54296498882,45.604591,-73.546356,,,,,,,,,,,,,,,
https://live.staticflickr.com/65535/54295470755_9efd7bdb66_b.jpg,https://www.flickr.com/photos/87857621@N00/54295470755,45.604591,-73.546356,,,,,,,,,,,,,,,
https://live.staticflickr.com/65535/54290166392_2a4f9b0533_b.jpg,https://www.flickr.com/photos/90365553@N08/54290166392,45.507,-73.571921,,,,,,,,,,,,,,,
https://live.staticflickr.com/65535/54288567962_4afb9c1977_b.jpg,https://www.flickr.com/photos/90365553@N08/54288567962,45.49869,-73.568811,,,,,,,,,,,,,,,
https://live.staticflickr.com/65535/54288078472_d2f933743f_b.jpg,https://www.flickr.com/photos/87857621@N00/54288078472,45.558524,-73.535942,,,,,,,,,,,,,,,
https://live.staticflickr.com/65535/54287988064_9dd159d516_b.jpg,https://www.flickr.com/photos/87857621@N00/54287988064,45.507766,-73.585823,,,,,,,,,,,,,,,
https://live.staticflickr.com/65535/54287995718_fe6cba344f_b.jpg,https://www.flickr.com/photos/87857621@N00/54287995718,45.505597,-73.589264,,,,,,,,,,,,,,,
https://live.staticflickr.com/65535/54286868342_c2e45dbb31_b.jpg,https://www.flickr.com/photos/87857621@N00/54286868342,45.507766,-73.585823,,,,,,,,,,,,,,,
https://live.staticflickr.com/65535/54287987714_482b9cc66d_b.jpg,https://www.flickr.com/photos/87857621@N00/54287987714,45.505597,-73.589264,,,,,,,,,,,,,,,
https://live.staticflickr.com/65535/54287987654_72ef3ed5a4_b.jpg,https://www.flickr.com/photos/87857621@N00/54287987654,45.507766,-73.585823,,,,,,,,,,,,,,,
https://live.staticflickr.com/65535/54286419147_c2854028e3_b.jpg,https://www.flickr.com/photos/87857621@N00/54286419147,45.505597,-73.589264,,,,,,,,,,,,,,,
https://live.staticflickr.com/65535/54287545808_f4959f3a90_b.jpg,https://www.flickr.com/photos/87857621@N00/54287545808,45.508116,-73.588273,,,,,,,,,,,,,,,
https://live.staticflickr.com/65535/54287001595_4cda03d626_b.jpg,https://www.flickr.com/photos/90365553@N08/54287001595,45.507045,-73.571642,,,,,,,,,,,,,,,
https://live.staticflickr.com/65535/54285147786_969f931529_b.jpg,https://www.flickr.com/photos/87857621@N00/54285147786,45.5055,-73.628356,,,,,,,,,,,,,,,
https://live.staticflickr.com/65535/54285060664_02ba9b7387_b.jpg,https://www.flickr.com/photos/90365553@N08/54285060664,45.507,-73.571921,,,,,,,,,,,,,,,
https://live.staticflickr.com/65535/54284237969_8dfa818411_b.jpg,https://www.flickr.com/photos/189484496@N03/54284237969,45.472518,-73.613775,,,,,,,,,,,,,,,
https://live.staticflickr.com/65535/54282146490_028b3d69a7_b.jpg,https://www.flickr.com/photos/90365553@N08/54282146490,45.508496,-73.548747,,,,,,,,,,,,,,,
https://live.staticflickr.com/65535/54280479564_ca4a28f3e4_b.jpg,https://www.flickr.com/photos/87857621@N00/54280479564,45.558524,-73.535942,,,,,,,,,,,,,,,
https://live.staticflickr.com/65535/54279356362_e337a4912f_b.jpg,https://www.flickr.com/photos/87857621@N00/54279356362,45.604591,-73.546356,,,,,,,,,,,,,,,
https://live.staticflickr.com/65535/54279616333_0bdc263897_b.jpg,https://www.flickr.com/photos/87857621@N00/54279616333,45.558524,-73.535942,,,,,,,,,,,,,,,
https://live.staticflickr.com/65535/54277587518_0060b8ae23_b.jpg,https://www.flickr.com/photos/87857621@N00/54277587518,45.604591,-73.546356,,,,,,,,,,,,,,,
https://live.staticflickr.com/65535/54273173062_fc1c6340c5_b.jpg,https://www.flickr.com/photos/54515311@N00/54273173062,45.429983,-75.704198,,,,,,,,,,,,,,,
https://live.staticflickr.com/65535/54274484335_ef6e8751af_b.jpg,https://www.flickr.com/photos/54515311@N00/54274484335,45.429983,-75.704198,,,,,,,,,,,,,,,
https://live.staticflickr.com/65535/54267708812_0d2e43f053_b.jpg,https://www.flickr.com/photos/87857621@N00/54267708812,45.558524,-73.535942,,,,,,,,,,,,,,,
https://live.staticflickr.com/65535/54266296077_f90d08d700_b.jpg,https://www.flickr.com/photos/87857621@N00/54266296077,45.558524,-73.535942,,,,,,,,,,,,,,,
https://live.staticflickr.com/65535/54267322548_e34e705c2f_b.jpg,https://www.flickr.com/photos/189484496@N03/54267322548,45.533216,-73.552181,,,,,,,,,,,,,,,
https://live.staticflickr.com/65535/54266374741_ae1a932587_b.jpg,https://www.flickr.com/photos/87857621@N00/54266374741,45.515858,-73.685028,,,,,,,,,,,,,,,
https://live.staticflickr.com/65535/54264744105_40380372ea_b.jpg,https://www.flickr.com/photos/87857621@N00/54264744105,45.604591,-73.546356,,,,,,,,,,,,,,,
https://live.staticflickr.com/65535/54261094582_eea4d4821c_b.jpg,https://www.flickr.com/photos/87857621@N00/54261094582,45.604591,-73.546356,,,,,,,,,,,,,,,
https://live.staticflickr.com/65535/54262221144_e1e3f41582_b.jpg,https://www.flickr.com/photos/87857621@N00/54262221144,45.604591,-73.546356,,,,,,,,,,,,,,,
https://live.staticflickr.com/65535/54260361617_7e84478fd9_b.jpg,https://www.flickr.com/photos/12262421@N06/54260361617,46.777626,-71.250919,,,,,,,,,,,,,,,
https://live.staticflickr.com/65535/54260127189_547eb79271_b.jpg,https://www.flickr.com/photos/87857621@N00/54260127189,45.604591,-73.546356,,,,,,,,,,,,,,,
https://live.staticflickr.com/65535/54259224581_b3e128c0a4_b.jpg,https://www.flickr.com/photos/198243827@N04/54259224581,45.458128,-73.567435,,,,,,,,,,,,,,,
https://live.staticflickr.com/65535/54258319019_1944024412_b.jpg,https://www.flickr.com/photos/87857621@N00/54258319019,45.558524,-73.535942,,,,,,,,,,,,,,,
https://live.staticflickr.com/65535/54255867107_69cfd3a05f_b.jpg,https://www.flickr.com/photos/87857621@N00/54255867107,45.604591,-73.546356,,,,,,,,,,,,,,,
https://live.staticflickr.com/65535/54256792028_d1fd3b2be5_b.jpg,https://www.flickr.com/photos/87857621@N00/54256792028,45.604591,-73.546356,,,,,,,,,,,,,,,
https://live.staticflickr.com/65535/54255665031_c9d0732a2b_b.jpg,https://www.flickr.com/photos/198243827@N04/54255665031,45.458414,-73.567478,,,,,,,,,,,,,,,
https://live.staticflickr.com/7861/47115618072_a6c1f3a29c_b.jpg,https://www.flickr.com/photos/54788905@N00/47115618072,46.813888,-71.207223,,,,,,,,,,,,,,,
https://live.staticflickr.com/7854/40119998963_ffe3a5c403_b.jpg,https://www.flickr.com/photos/20905078@N04/40119998963,46.811052,-71.209344,,,,,,,,,,,,,,,
https://live.staticflickr.com/7877/33188028248_8d74a010ee_b.jpg,https://www.flickr.com/photos/51067362@N02/33188028248,45.442789,-73.255194,,,,,,,,,,,,,,,
https://live.staticflickr.com/7904/46338224794_27853b3f11_b.jpg,https://www.flickr.com/photos/20905078@N04/46338224794,46.810803,-71.207649,,,,,,,,,,,,,,,
https://live.staticflickr.com/7812/46980026642_0516d0bcbc_b.jpg,https://www.flickr.com/photos/51067362@N02/46980026642,45.885624,-73.148335,,,,,,,,,,,,,,,
https://live.staticflickr.com/7826/40061838283_ff5e823b63_b.jpg,https://www.flickr.com/photos/39749893@N04/40061838283,45.423956,-75.69815,,,,,,,,,,,,,,,
https://live.staticflickr.com/4905/46925968512_34c3102c09_b.jpg,https://www.flickr.com/photos/64409526@N02/46925968512,46.812877,-71.20531,,,,,,,,,,,,,,,
https://live.staticflickr.com/4027/4340578434_11063d9499_b.jpg,https://www.flickr.com/photos/41828430@N00/4340578434,49.844977,-99.952883,,,,,,,,,,,,,,,
https://live.staticflickr.com/65535/54759402156_5d21caac6a_b.jpg,https://www.flickr.com/photos/90955804@N04/54759402156,49.897961,-97.13932,,,,,,,,,,,,,,,
https://live.staticflickr.com/65535/54314246486_892c6c129c_b.jpg,https://www.flickr.com/photos/90365553@N08/54314246486,49.87881,-97.199629,,,,,,,,,,,,,,,
https://live.staticflickr.com/65535/54220686479_46506f2ac9_b.jpg,https://www.flickr.com/photos/90955804@N04/54220686479,49.873544,-97.145417,,,,,,,,,,,,,,,
https://live.staticflickr.com/65535/54208373473_e7d534cfef_b.jpg,https://www.flickr.com/photos/90955804@N04/54208373473,49.899088,-97.138542,,,,,,,,,,,,,,,
https://live.staticflickr.com/65535/54208402370_3cacdfcb68_b.jpg,https://www.flickr.com/photos/90955804@N04/54208402370,49.897583,-97.142984,,,,,,,,,,,,,,,
https://live.staticflickr.com/65535/54204180035_037953234e_b.jpg,https://www.flickr.com/photos/90955804@N04/54204180035,49.894152,-97.137931,,,,,,,,,,,,,,,
https://live.staticflickr.com/65535/54013653665_fa706879fb_b.jpg,https://www.flickr.com/photos/90686988@N00/54013653665,49.851826,-99.943785,,,,,,,,,,,,,,,
https://live.staticflickr.com/65535/53713558172_3f1e00c434_b.jpg,https://www.flickr.com/photos/95634955@N06/53713558172,49.894302,-97.133935,,,,,,,,,,,,,,,
https://live.staticflickr.com/1974/45020334071_43ebd8e36c_b.jpg,https://www.flickr.com/photos/159677550@N02/45020334071,49.895546,-97.138495,,,,,,,,,,,,,,,
https://live.staticflickr.com/1932/29914498727_b9f4f0b67e_b.jpg,https://www.flickr.com/photos/76475621@N00/29914498727,50.447058,-104.59077,,,,,,,,,,,,,,,
https://live.staticflickr.com/1947/44800850662_76e5f79394_b.jpg,https://www.flickr.com/photos/76475621@N00/44800850662,50.45028,-104.600562,,,,,,,,,,,,,,,
https://live.staticflickr.com/1777/42083589005_bb55b02c19_b.jpg,https://www.flickr.com/photos/35607158@N06/42083589005,50.435996,-104.618039,,,,,,,,,,,,,,,
https://live.staticflickr.com/1823/41921894405_a7b015aa65_b.jpg,https://www.flickr.com/photos/38827046@N06/41921894405,49.948403,-97.071365,,,,,,,,,,,,,,,
https://live.staticflickr.com/4621/40603980382_9daf05cdd0_b.jpg,https://www.flickr.com/photos/95555269@N00/40603980382,49.527624,-96.686693,,,,,,,,,,,,,,,
https://live.staticflickr.com/4491/38137028676_e8968eaf7f_b.jpg,https://www.flickr.com/photos/50214891@N03/38137028676,49.861392,-97.19819,,,,,,,,,,,,,,,
https://live.staticflickr.com/4293/35480045524_d38cd3cf99_b.jpg,https://www.flickr.com/photos/90955804@N04/35480045524,49.849128,-99.951092,,,,,,,,,,,,,,,
https://live.staticflickr.com/4326/36099659992_1c53672963_b.jpg,https://www.flickr.com/photos/90955804@N04/36099659992,49.890604,-97.127305,,,,,,,,,,,,,,,
https://live.staticflickr.com/4264/35625871696_07b53b445e_b.jpg,https://www.flickr.com/photos/50214891@N03/35625871696,49.895608,-97.138205,,,,,,,,,,,,,,,
https://live.staticflickr.com/4218/34497989833_a09cf27f56_b.jpg,https://www.flickr.com/photos/50214891@N03/34497989833,49.921395,-97.15505,,,,,,,,,,,,,,,
https://live.staticflickr.com/4270/35076038335_50cbf97140_b.jpg,https://www.flickr.com/photos/70346960@N00/35076038335,49.897083,-97.13797,,,,,,,,,,,,,,,
https://live.staticflickr.com/557/32866751805_8c7aef2f4e_b.jpg,https://www.flickr.com/photos/49169223@N00/32866751805,52.129659,-106.660369,,,,,,,,,,,,,,,
https://live.staticflickr.com/2066/32825147556_045116dd30_b.jpg,https://www.flickr.com/photos/49169223@N00/32825147556,52.130634,-106.655112,,,,,,,,,,,,,,,
https://live.staticflickr.com/65535/30750622340_28cff7bcc5_b.jpg,https://www.flickr.com/photos/48489192@N06/30750622340,49.879591,-97.13562,,,,,,,,,,,,,,,
https://live.staticflickr.com/1663/24985509846_d5b4429239_b.jpg,https://www.flickr.com/photos/99357189@N00/24985509846,52.115268,-106.664135,,,,,,,,,,,,,,,
https://live.staticflickr.com/5670/22007337885_25a43606b8_b.jpg,https://www.flickr.com/photos/60607735@N05/22007337885,49.884867,-97.138345,,,,,,,,,,,,,,,
https://live.staticflickr.com/743/20726940420_41f4c8842b_b.jpg,https://www.flickr.com/photos/11451700@N00/20726940420,51.895569,-106.060155,,,,,,,,,,,,,,,
https://live.staticflickr.com/548/19988904519_8ffb7358ed_b.jpg,https://www.flickr.com/photos/66869919@N04/19988904519,51.210136,-102.463731,,,,,,,,,,,,,,,
https://live.staticflickr.com/65535/18010921509_30c163372d_b.jpg,https://www.flickr.com/photos/13032456@N05/18010921509,49.882011,-97.15982,,,,,,,,,,,,,,,
https://live.staticflickr.com/5466/17619969092_0c169e472e_b.jpg,https://www.flickr.com/photos/90686988@N00/17619969092,49.895145,-97.141478,,,,,,,,,,,,,,,
https://live.staticflickr.com/8859/17251579919_694f29b850_b.jpg,https://www.flickr.com/photos/90686988@N00/17251579919,49.908406,-97.133152,,,,,,,,,,,,,,,
https://live.staticflickr.com/8795/17271621551_993fc623a6_b.jpg,https://www.flickr.com/photos/31849008@N00/17271621551,49.881719,-97.157695,,,,,,,,,,,,,,,
https://live.staticflickr.com/7373/15902728493_20c0d08db9_b.jpg,https://www.flickr.com/photos/60607735@N05/15902728493,49.887888,-97.164008,,,,,,,,,,,,,,,
https://live.staticflickr.com/8661/16189427250_6762723cd6_b.jpg,https://www.flickr.com/photos/60607735@N05/16189427250,49.885441,-97.172248,,,,,,,,,,,,,,,
https://live.staticflickr.com/7493/16184350736_da2908bbe9_b.jpg,https://www.flickr.com/photos/60607735@N05/16184350736,49.909754,-97.133023,,,,,,,,,,,,,,,
https://live.staticflickr.com/7517/15928575510_fc0f05b359_b.jpg,https://www.flickr.com/photos/69404445@N07/15928575510,49.896265,-97.141649,,,,,,,,,,,,,,,
https://live.staticflickr.com/5605/15697487745_441a5df0b0_b.jpg,https://www.flickr.com/photos/51668926@N00/15697487745,49.897875,-97.139246,,,,,,,,,,,,,,,
https://live.staticflickr.com/3946/15695580581_345b979370_b.jpg,https://www.flickr.com/photos/51668926@N00/15695580581,49.898304,-97.14093,,,,,,,,,,,,,,,
https://live.staticflickr.com/3936/15438037030_78ab670ac9_b.jpg,https://www.flickr.com/photos/90686988@N00/15438037030,49.973277,-98.29281,,,,,,,,,,,,,,,
https://live.staticflickr.com/5574/15285015371_87bf19936a_b.jpg,https://www.flickr.com/photos/108800897@N06/15285015371,49.905692,-97.134313,,,,,,,,,,,,,,,
https://live.staticflickr.com/3854/14658060412_59de896aaf_b.jpg,https://www.flickr.com/photos/31849008@N00/14658060412,49.898286,-97.140417,,,,,,,,,,,,,,,
https://live.staticflickr.com/5510/14538446892_f2d87896df_b.jpg,https://www.flickr.com/photos/95555269@N00/14538446892,49.526416,-96.68488,,,,,,,,,,,,,,,
https://live.staticflickr.com/2917/14514439086_99e70cd23d_b.jpg,https://www.flickr.com/photos/60607735@N05/14514439086,49.89961,-97.137712,,,,,,,,,,,,,,,
https://live.staticflickr.com/7249/13401669063_5efda27539_b.jpg,https://www.flickr.com/photos/75233953@N05/13401669063,50.111717,-96.931579,,,,,,,,,,,,,,,
https://live.staticflickr.com/3730/13349877943_2df8148721_b.jpg,https://www.flickr.com/photos/75233953@N05/13349877943,49.890957,-97.148097,,,,,,,,,,,,,,,
https://live.staticflickr.com/7383/11635385334_687b8954a7_b.jpg,https://www.flickr.com/photos/57945291@N00/11635385334,51.659219,-109.985182,,,,,,,,,,,,,,,
https://live.staticflickr.com/7320/8733817884_0c08ea9b99_b.jpg,https://www.flickr.com/photos/49324777@N00/8733817884,49.848416,-99.947111,,,,,,,,,,,,,,,
https://live.staticflickr.com/4265/34804656620_4139f5942c_b.jpg,https://www.flickr.com/photos/31849008@N00/34804656620,49.902899,-97.135212,,,,,,,,,,,,,,,
https://live.staticflickr.com/4230/34339802523_0b73ff1f93_b.jpg,https://www.flickr.com/photos/31849008@N00/34339802523,49.901975,-97.138317,,,,,,,,,,,,,,,
https://live.staticflickr.com/2913/32899204073_b86806e1e9_b.jpg,https://www.flickr.com/photos/31849008@N00/32899204073,49.886069,-96.999048,,,,,,,,,,,,,,,
https://live.staticflickr.com/675/33265892712_8ac1b38301_b.jpg,https://www.flickr.com/photos/31849008@N00/33265892712,49.909191,-97.18455,,,,,,,,,,,,,,,
https://live.staticflickr.com/3781/33328034946_8e4ff49eb4_b.jpg,https://www.flickr.com/photos/31849008@N00/33328034946,49.909191,-97.18455,,,,,,,,,,,,,,,
https://live.staticflickr.com/2836/32500761063_7590db689d_b.jpg,https://www.flickr.com/photos/31849008@N00/32500761063,49.937797,-97.196392,,,,,,,,,,,,,,,
https://live.staticflickr.com/3837/32441731073_2de7da2ce7_b.jpg,https://www.flickr.com/photos/31849008@N00/32441731073,49.910191,-97.145712,,,,,,,,,,,,,,,
https://live.staticflickr.com/3842/32835365380_e8ea7bba94_b.jpg,https://www.flickr.com/photos/31849008@N00/32835365380,49.870758,-97.162845,,,,,,,,,,,,,,,
https://live.staticflickr.com/703/33072573891_97aaa6ce09_b.jpg,https://www.flickr.com/photos/31849008@N00/33072573891,49.877166,-97.144323,,,,,,,,,,,,,,,
https://live.staticflickr.com/2919/33072571481_3072080592_b.jpg,https://www.flickr.com/photos/31849008@N00/33072571481,49.876444,-97.143751,,,,,,,,,,,,,,,
https://live.staticflickr.com/3918/32316510234_3e3dc78340_b.jpg,https://www.flickr.com/photos/31849008@N00/32316510234,49.898697,-97.134273,,,,,,,,,,,,,,,
https://live.staticflickr.com/3761/32346491893_bc7e2a1888_b.jpg,https://www.flickr.com/photos/31849008@N00/32346491893,49.890188,-97.143273,,,,,,,,,,,,,,,
https://live.staticflickr.com/3750/32682042700_aae52b1405_b.jpg,https://www.flickr.com/photos/31849008@N00/32682042700,50.497563,-96.966442,,,,,,,,,,,,,,,
https://live.staticflickr.com/2152/33064115985_eeea3570b2_b.jpg,https://www.flickr.com/photos/31849008@N00/33064115985,50.497563,-96.966442,,,,,,,,,,,,,,,
https://live.staticflickr.com/2195/33004331936_bd39ec7048_b.jpg,https://www.flickr.com/photos/31849008@N00/33004331936,50.497038,-96.968714,,,,,,,,,,,,,,,
https://live.staticflickr.com/406/32890077462_0857313fa0_b.jpg,https://www.flickr.com/photos/31849008@N00/32890077462,50.497522,-96.968875,,,,,,,,,,,,,,,
https://live.staticflickr.com/2768/32927331925_94b39941ef_b.jpg,https://www.flickr.com/photos/31849008@N00/32927331925,49.885866,-97.129278,,,,,,,,,,,,,,,
https://live.staticflickr.com/2883/32927325835_e3219ecdf0_b.jpg,https://www.flickr.com/photos/31849008@N00/32927325835,49.886941,-97.130498,,,,,,,,,,,,,,,
https://live.staticflickr.com/3813/32470602130_3369377c72_b.jpg,https://www.flickr.com/photos/31849008@N00/32470602130,49.89748,-97.135281,,,,,,,,,,,,,,,
https://live.staticflickr.com/2583/32727841091_cb515d659f_b.jpg,https://www.flickr.com/photos/31849008@N00/32727841091,49.897316,-97.135514,,,,,,,,,,,,,,,
https://live.staticflickr.com/2397/32772349106_a114704bd4_b.jpg,https://www.flickr.com/photos/31849008@N00/32772349106,50.120511,-96.017775,,,,,,,,,,,,,,,
https://live.staticflickr.com/293/31703278254_edcfc7da5e_b.jpg,https://www.flickr.com/photos/31849008@N00/31703278254,49.892027,-97.148284,,,,,,,,,,,,,,,
https://live.staticflickr.com/778/31701078313_d5592b8a1e_b.jpg,https://www.flickr.com/photos/31849008@N00/31701078313,49.898716,-97.140045,,,,,,,,,,,,,,,
https://live.staticflickr.com/1495/26137897716_17278160cd_b.jpg,https://www.flickr.com/photos/31849008@N00/26137897716,49.972975,-98.286095,,,,,,,,,,,,,,,
https://live.staticflickr.com/1488/25561171673_2435ae747d_b.jpg,https://www.flickr.com/photos/31849008@N00/25561171673,49.972975,-98.286095,,,,,,,,,,,,,,,
https://live.staticflickr.com/1529/26080617896_0377afacee_b.jpg,https://www.flickr.com/photos/31849008@N00/26080617896,50.134566,-97.326398,,,,,,,,,,,,,,,
https://live.staticflickr.com/1684/25991853422_031314fd61_b.jpg,https://www.flickr.com/photos/31849008@N00/25991853422,50.907802,-97.222192,,,,,,,,,,,,,,,
https://live.staticflickr.com/1555/25457244723_e61d836805_b.jpg,https://www.flickr.com/photos/31849008@N00/25457244723,50.903213,-97.206581,,,,,,,,,,,,,,,
https://live.staticflickr.com/1501/25786951300_862629ecb6_b.jpg,https://www.flickr.com/photos/31849008@N00/25786951300,50.998555,-96.996789,,,,,,,,,,,,,,,
https://live.staticflickr.com/1590/25766700620_bff1291d3d_b.jpg,https://www.flickr.com/photos/31849008@N00/25766700620,50.632505,-96.995684,,,,,,,,,,,,,,,
https://live.staticflickr.com/1465/25993981046_1f688c9cea_b.jpg,https://www.flickr.com/photos/31849008@N00/25993981046,50.49755,-96.967292,,,,,,,,,,,,,,,
https://live.staticflickr.com/1677/25927338511_181b8e5cb8_b.jpg,https://www.flickr.com/photos/31849008@N00/25927338511,50.242922,-96.975181,,,,,,,,,,,,,,,
https://live.staticflickr.com/1707/25927329331_e5c06f5d48_b.jpg,https://www.flickr.com/photos/31849008@N00/25927329331,50.497997,-96.967173,,,,,,,,,,,,,,,
https://live.staticflickr.com/1689/25881636641_191d69ef79_b.jpg,https://www.flickr.com/photos/31849008@N00/25881636641,49.937944,-97.115881,,,,,,,,,,,,,,,
https://live.staticflickr.com/1710/25343883264_97653f1615_b.jpg,https://www.flickr.com/photos/31849008@N00/25343883264,49.918244,-97.130128,,,,,,,,,,,,,,,
https://live.staticflickr.com/1679/25323047463_0d6ab66438_b.jpg,https://www.flickr.com/photos/31849008@N00/25323047463,49.878361,-97.140928,,,,,,,,,,,,,,,
https://live.staticflickr.com/1458/25573747500_a39501d54b_b.jpg,https://www.flickr.com/photos/31849008@N00/25573747500,49.876041,-97.14095,,,,,,,,,,,,,,,
https://live.staticflickr.com/1588/25779368851_0ec12c47dc_b.jpg,https://www.flickr.com/photos/31849008@N00/25779368851,49.876041,-97.14095,,,,,,,,,,,,,,,
https://live.staticflickr.com/1687/25823617736_6bd0304d3f_b.jpg,https://www.flickr.com/photos/31849008@N00/25823617736,49.923594,-97.126981,,,,,,,,,,,,,,,
https://live.staticflickr.com/1495/25730326121_78a3457a30_b.jpg,https://www.flickr.com/photos/31849008@N00/25730326121,49.925947,-97.125531,,,,,,,,,,,,,,,
https://live.staticflickr.com/1448/25198815593_9bebb1acca_b.jpg,https://www.flickr.com/photos/31849008@N00/25198815593,49.925105,-97.125975,,,,,,,,,,,,,,,
https://live.staticflickr.com/1616/25194910124_ab14259558_b.jpg,https://www.flickr.com/photos/31849008@N00/25194910124,49.923744,-97.126931,,,,,,,,,,,,,,,
https://live.staticflickr.com/1711/25776131466_1e267f8d3b_b.jpg,https://www.flickr.com/photos/31849008@N00/25776131466,49.926055,-97.122203,,,,,,,,,,,,,,,
https://live.staticflickr.com/1695/25691673206_4bcf8c8b0f_b.jpg,https://www.flickr.com/photos/31849008@N00/25691673206,49.900061,-97.131589,,,,,,,,,,,,,,,
https://live.staticflickr.com/1492/25691826975_f2e788300d_b.jpg,https://www.flickr.com/photos/31849008@N00/25691826975,49.890536,-97.145089,,,,,,,,,,,,,,,
https://live.staticflickr.com/1465/24575317084_b5eb6c47f1_b.jpg,https://www.flickr.com/photos/31849008@N00/24575317084,49.902847,-97.096125,,,,,,,,,,,,,,,
https://live.staticflickr.com/1543/24838277409_7649b671c2_b.jpg,https://www.flickr.com/photos/31849008@N00/24838277409,49.890866,-97.138848,,,,,,,,,,,,,,,
https://live.staticflickr.com/1636/24768425479_19e9e3dc65_b.jpg,https://www.flickr.com/photos/31849008@N00/24768425479,49.892025,-97.14247,,,,,,,,,,,,,,,
https://live.staticflickr.com/1443/24982042152_81ac0bfa16_b.jpg,https://www.flickr.com/photos/31849008@N00/24982042152,49.890741,-97.1512,,,,,,,,,,,,,,,
https://live.staticflickr.com/1635/24469509574_e2c14056bf_b.jpg,https://www.flickr.com/photos/31849008@N00/24469509574,49.889558,-97.150434,,,,,,,,,,,,,,,
https://live.staticflickr.com/1630/24691912319_1fbb72c086_b.jpg,https://www.flickr.com/photos/31849008@N00/24691912319,49.915644,-97.189109,,,,,,,,,,,,,,,
https://live.staticflickr.com/1631/25035344235_bcb2d8f389_b.jpg,https://www.flickr.com/photos/31849008@N00/25035344235,49.876444,-97.143751,,,,,,,,,,,,,,,
https://live.staticflickr.com/1633/24873289292_2b59d1c413_b.jpg,https://www.flickr.com/photos/31849008@N00/24873289292,49.878688,-97.145825,,,,,,,,,,,,,,,
https://live.staticflickr.com/65535/53217064035_f5bee7ff85_b.jpg,https://www.flickr.com/photos/29442760@N00/53217064035,44.657042,-63.640013,,,,,,,,,,,,,,,
https://live.staticflickr.com/65535/49887688192_47def38037_b.jpg,https://www.flickr.com/photos/29442760@N00/49887688192,44.6575,-63.596945,,,,,,,,,,,,,,,
https://live.staticflickr.com/65535/49743719851_0fa50c05e3_b.jpg,https://www.flickr.com/photos/29442760@N00/49743719851,44.644999,-63.598612,,,,,,,,,,,,,,,
https://live.staticflickr.com/65535/49743719486_1669d9ca9d_b.jpg,https://www.flickr.com/photos/29442760@N00/49743719486,44.644999,-63.598334,,,,,,,,,,,,,,,
https://live.staticflickr.com/65535/49743172118_2dbcb95800_b.jpg,https://www.flickr.com/photos/29442760@N00/49743172118,44.644999,-63.598612,,,,,,,,,,,,,,,
https://live.staticflickr.com/65535/49743718891_1f8bb78d9a_b.jpg,https://www.flickr.com/photos/29442760@N00/49743718891,44.644999,-63.598334,,,,,,,,,,,,,,,
https://live.staticflickr.com/65535/49743171443_d459cd75ed_b.jpg,https://www.flickr.com/photos/29442760@N00/49743171443,44.644999,-63.598612,,,,,,,,,,,,,,,
https://live.staticflickr.com/65535/49744042107_1a854671f7_b.jpg,https://www.flickr.com/photos/29442760@N00/49744042107,44.644999,-63.598334,,,,,,,,,,,,,,,
https://live.staticflickr.com/65535/49743717706_0c8722b47a_b.jpg,https://www.flickr.com/photos/29442760@N00/49743717706,44.644999,-63.598334,,,,,,,,,,,,,,,
https://live.staticflickr.com/7802/44756636090_6a8512e28d_b.jpg,https://www.flickr.com/photos/149819905@N03/44756636090,44.645972,-63.574414,,,,,,,,,,,,,,,
https://live.staticflickr.com/4840/45660362865_7090ca3176_b.jpg,https://www.flickr.com/photos/149819905@N03/45660362865,44.647202,-63.573553,,,,,,,,,,,,,,,
https://live.staticflickr.com/4445/24114737618_7fbe1d34a2_b.jpg,https://www.flickr.com/photos/29442760@N00/24114737618,44.667777,-63.564445,,,,,,,,,,,,,,,
https://live.staticflickr.com/8210/8229139961_b7b3e2c7e6_b.jpg,https://www.flickr.com/photos/42478584@N08/8229139961,44.669812,-63.57773,,,,,,,,,,,,,,,
https://live.staticflickr.com/65535/54828572039_c2fd271a9c_b.jpg,https://www.flickr.com/photos/187931447@N03/54828572039,45.724308,-65.529162,,,,,,,,,,,,,,,
https://live.staticflickr.com/65535/54823406186_ac11c52721_b.jpg,https://www.flickr.com/photos/44124370018@N01/54823406186,45.663475,-65.151467,,,,,,,,,,,,,,,
https://live.staticflickr.com/65535/54790880964_305fe20e9d_b.jpg,https://www.flickr.com/photos/29442760@N00/54790880964,44.657521,-63.599274,,,,,,,,,,,,,,,
https://live.staticflickr.com/65535/54780964509_8b740fbd8c_b.jpg,https://www.flickr.com/photos/44124370018@N01/54780964509,46.232047,-63.125156,,,,,,,,,,,,,,,
https://live.staticflickr.com/65535/54779759840_3cf7f7c08e_b.jpg,https://www.flickr.com/photos/29442760@N00/54779759840,44.656766,-63.597703,,,,,,,,,,,,,,,
https://live.staticflickr.com/65535/54766887937_ebb81f629c_b.jpg,https://www.flickr.com/photos/44124370018@N01/54766887937,46.433144,-61.106892,,,,,,,,,,,,,,,
https://live.staticflickr.com/65535/54766887852_9d270ce314_b.jpg,https://www.flickr.com/photos/44124370018@N01/54766887852,46.433372,-61.106501,,,,,,,,,,,,,,,
https://live.staticflickr.com/65535/54753934347_cdecd2da67_b.jpg,https://www.flickr.com/photos/44124370018@N01/54753934347,46.719844,-60.929537,,,,,,,,,,,,,,,
https://live.staticflickr.com/65535/54753682077_e7ba85b7b3_b.jpg,https://www.flickr.com/photos/44124370018@N01/54753682077,46.715969,-60.934606,,,,,,,,,,,,,,,
https://live.staticflickr.com/65535/54754251890_94d9a85d54_b.jpg,https://www.flickr.com/photos/10404073@N05/54754251890,44.64555,-63.573966,,,,,,,,,,,,,,,
https://live.staticflickr.com/65535/54753915601_dc76f82075_b.jpg,https://www.flickr.com/photos/10404073@N05/54753915601,44.646084,-63.574287,,,,,,,,,,,,,,,
https://live.staticflickr.com/65535/54750235127_4d441e4179_b.jpg,https://www.flickr.com/photos/10404073@N05/54750235127,44.646084,-63.574287,,,,,,,,,,,,,,,
https://live.staticflickr.com/65535/54737471126_022f257f4b_b.jpg,https://www.flickr.com/photos/44124370018@N01/54737471126,44.493744,-63.91407,,,,,,,,,,,,,,,
https://live.staticflickr.com/65535/54709599553_8df376e067_b.jpg,https://www.flickr.com/photos/189484496@N03/54709599553,44.650119,-63.571424,,,,,,,,,,,,,,,
https://live.staticflickr.com/65535/54709729425_8c5394a1aa_b.jpg,https://www.flickr.com/photos/189484496@N03/54709729425,44.649076,-63.564881,,,,,,,,,,,,,,,
https://live.staticflickr.com/65535/54671864172_3243c25ef9_b.jpg,https://www.flickr.com/photos/189484496@N03/54671864172,44.642974,-63.577453,,,,,,,,,,,,,,,
https://live.staticflickr.com/65535/54671864147_9d2dbc53fe_b.jpg,https://www.flickr.com/photos/189484496@N03/54671864147,44.651229,-63.564946,,,,,,,,,,,,,,,
https://live.staticflickr.com/65535/54673022545_b4e5abfff7_b.jpg,https://www.flickr.com/photos/189484496@N03/54673022545,44.639699,-63.565437,,,,,,,,,,,,,,,
https://live.staticflickr.com/65535/54640996372_8ed94bb5f6_b.jpg,https://www.flickr.com/photos/10404073@N05/54640996372,44.642817,-63.573247,,,,,,,,,,,,,,,
https://live.staticflickr.com/65535/54639815454_34b5e880cd_b.jpg,https://www.flickr.com/photos/10404073@N05/54639815454,44.643061,-63.571916,,,,,,,,,,,,,,,
https://live.staticflickr.com/65535/54597535355_34cd61ff8c_b.jpg,https://www.flickr.com/photos/29442760@N00/54597535355,44.647391,-63.590777,,,,,,,,,,,,,,,
https://live.staticflickr.com/65535/54597440298_8505655477_b.jpg,https://www.flickr.com/photos/29442760@N00/54597440298,44.64704,-63.591496,,,,,,,,,,,,,,,
https://live.staticflickr.com/65535/54559063902_5dd3649b10_b.jpg,https://www.flickr.com/photos/28195868@N00/54559063902,46.748425,-60.9092,,,,,,,,,,,,,,,
https://live.staticflickr.com/65535/54447427348_9b909d0e21_b.jpg,https://www.flickr.com/photos/10404073@N05/54447427348,44.644145,-63.572796,,,,,,,,,,,,,,,
https://live.staticflickr.com/65535/54424663128_5af50ced98_b.jpg,https://www.flickr.com/photos/10404073@N05/54424663128,44.64326,-63.571219,,,,,,,,,,,,,,,
https://live.staticflickr.com/65535/54423010138_c85095e09b_b.jpg,https://www.flickr.com/photos/42290343@N05/54423010138,46.004801,-62.459539,,,,,,,,,,,,,,,
https://live.staticflickr.com/65535/54386524634_ae75e6a0b5_b.jpg,https://www.flickr.com/photos/201005018@N08/54386524634,45.138066,-63.364956,,,,,,,,,,,,,,,
https://live.staticflickr.com/65535/54320494500_09246b1bbc_b.jpg,https://www.flickr.com/photos/29442760@N00/54320494500,44.6582,-63.623242,,,,,,,,,,,,,,,
https://live.staticflickr.com/65535/54308024721_382acb18c9_b.jpg,https://www.flickr.com/photos/29442760@N00/54308024721,44.685588,-63.602242,,,,,,,,,,,,,,,
https://live.staticflickr.com/65535/54308278928_c3bd7f03c2_b.jpg,https://www.flickr.com/photos/29442760@N00/54308278928,44.685586,-63.602228,,,,,,,,,,,,,,,
https://live.staticflickr.com/65535/54294145556_4f0ecbb5ca_b.jpg,https://www.flickr.com/photos/29442760@N00/54294145556,44.687916,-63.884039,,,,,,,,,,,,,,,
https://live.staticflickr.com/65535/54261816747_f7df3f3f59_b.jpg,https://www.flickr.com/photos/45108278@N08/54261816747,46.006292,-59.840512,,,,,,,,,,,,,,,
https://live.staticflickr.com/65535/54229594105_61944ffa06_b.jpg,https://www.flickr.com/photos/29442760@N00/54229594105,44.754136,-63.643517,,,,,,,,,,,,,,,
https://live.staticflickr.com/3872/14543518191_5df41fdd1f_b.jpg,https://www.flickr.com/photos/29887284@N00/14543518191,44.64191,-63.566755,,,,,,,,,,,,,,,
https://live.staticflickr.com/3879/14413777304_4b32c3cbb5_b.jpg,https://www.flickr.com/photos/31911618@N07/14413777304,46.901078,-60.460606,,,,,,,,,,,,,,,
https://live.staticflickr.com/5492/12577114044_ed121ed498_b.jpg,https://www.flickr.com/photos/29887284@N00/12577114044,44.646292,-63.574039,,,,,,,,,,,,,,,
https://live.staticflickr.com/7419/12422590695_db8f25e39d_b.jpg,https://www.flickr.com/photos/29887284@N00/12422590695,44.644414,-63.571743,,,,,,,,,,,,,,,
https://live.staticflickr.com/3739/11763176454_a93c3266c6_b.jpg,https://www.flickr.com/photos/39501469@N07/11763176454,44.677228,-63.612513,,,,,,,,,,,,,,,
https://live.staticflickr.com/3731/10845801845_599918aa50_b.jpg,https://www.flickr.com/photos/29887284@N00/10845801845,44.65861,-63.66856,,,,,,,,,,,,,,,
https://live.staticflickr.com/5493/10699425973_0cb7143c70_b.jpg,https://www.flickr.com/photos/29887284@N00/10699425973,44.642994,-63.575745,,,,,,,,,,,,,,,
https://live.staticflickr.com/3721/10248410744_b30f9289c7_b.jpg,https://www.flickr.com/photos/21442750@N07/10248410744,45.677695,-62.708889,,,,,,,,,,,,,,,
https://live.staticflickr.com/5529/9860957256_9b22533378_b.jpg,https://www.flickr.com/photos/31911618@N07/9860957256,44.374887,-64.30684,,,,,,,,,,,,,,,
https://live.staticflickr.com/7327/9820512474_f9ffd6d766_b.jpg,https://www.flickr.com/photos/24609104@N06/9820512474,46.12201,-64.768137,,,,,,,,,,,,,,,
https://live.staticflickr.com/3685/9820525325_0517049e03_b.jpg,https://www.flickr.com/photos/24609104@N06/9820525325,46.121995,-64.767966,,,,,,,,,,,,,,,
https://live.staticflickr.com/5478/9345291865_4fa8a645b6_b.jpg,https://www.flickr.com/photos/37933312@N04/9345291865,44.653283,-63.57728,,,,,,,,,,,,,,,
https://live.staticflickr.com/3780/9348076132_05624796d4_b.jpg,https://www.flickr.com/photos/37933312@N04/9348076132,44.653283,-63.57728,,,,,,,,,,,,,,,
https://live.staticflickr.com/8527/8681645677_c628ee8245_b.jpg,https://www.flickr.com/photos/99125755@N00/8681645677,44.643411,-63.579331,,,,,,,,,,,,,,,
https://live.staticflickr.com/8381/8561286861_d6efea8f18_b.jpg,https://www.flickr.com/photos/87974483@N02/8561286861,45.893492,-59.98545,,,,,,,,,,,,,,,
https://live.staticflickr.com/8227/8496398753_1a41c61709_b.jpg,https://www.flickr.com/photos/87974483@N02/8496398753,45.272613,-66.062572,,,,,,,,,,,,,,,
https://live.staticflickr.com/8235/8496396465_26bb4cd22b_b.jpg,https://www.flickr.com/photos/87974483@N02/8496396465,45.273912,-66.059921,,,,,,,,,,,,,,,
https://live.staticflickr.com/8380/8493742563_8c5142c806_b.jpg,https://www.flickr.com/photos/87974483@N02/8493742563,45.875235,-66.969287,,,,,,,,,,,,,,,
https://live.staticflickr.com/8392/8488772866_367373bf61_b.jpg,https://www.flickr.com/photos/87974483@N02/8488772866,47.789332,-65.104122,,,,,,,,,,,,,,,
https://live.staticflickr.com/8244/8484393451_36e613fc0e_b.jpg,https://www.flickr.com/photos/87974483@N02/8484393451,46.229921,-63.103011,,,,,,,,,,,,,,,
https://live.staticflickr.com/8227/8484392873_8548f809dc_b.jpg,https://www.flickr.com/photos/87974483@N02/8484392873,46.229921,-63.103011,,,,,,,,,,,,,,,
https://live.staticflickr.com/8506/8485485230_e4ca3086d3_b.jpg,https://www.flickr.com/photos/87974483@N02/8485485230,46.229921,-63.103011,,,,,,,,,,,,,,,
https://live.staticflickr.com/8481/8203848501_b82f966fd4_b.jpg,https://www.flickr.com/photos/90365553@N08/8203848501,45.963277,-66.64371,,,,,,,,,,,,,,,
https://live.staticflickr.com/8175/7974627969_9ebb860bb2_b.jpg,https://www.flickr.com/photos/48357397@N00/7974627969,44.376269,-64.311153,,,,,,,,,,,,,,,
https://live.staticflickr.com/8316/7947071122_5f5a140a47_b.jpg,https://www.flickr.com/photos/37933312@N04/7947071122,45.271458,-66.063988,,,,,,,,,,,,,,,
https://live.staticflickr.com/8310/7947042358_72f50fd22c_b.jpg,https://www.flickr.com/photos/37933312@N04/7947042358,45.271458,-66.063988,,,,,,,,,,,,,,,
https://live.staticflickr.com/8039/7947031812_80b429a087_b.jpg,https://www.flickr.com/photos/37933312@N04/7947031812,45.271458,-66.063988,,,,,,,,,,,,,,,
https://live.staticflickr.com/8426/7517078858_79127610d6_b.jpg,https://www.flickr.com/photos/97769803@N00/7517078858,44.648124,-63.574844,,,,,,,,,,,,,,,
https://live.staticflickr.com/7146/6792803275_16f0d10bbf_b.jpg,https://www.flickr.com/photos/99125755@N00/6792803275,44.99943,-64.133439,,,,,,,,,,,,,,,
https://live.staticflickr.com/7025/6737499365_b110d87e07_b.jpg,https://www.flickr.com/photos/31911618@N07/6737499365,45.049451,-65.064886,,,,,,,,,,,,,,,
https://live.staticflickr.com/6200/6114795022_00325b06dd_b.jpg,https://www.flickr.com/photos/19213483@N00/6114795022,44.258662,-64.28461,,,,,,,,,,,,,,,
https://live.staticflickr.com/6067/6078369908_8a8dc761ac_b.jpg,https://www.flickr.com/photos/19213483@N00/6078369908,44.259031,-64.286327,,,,,,,,,,,,,,,
https://live.staticflickr.com/6206/6078358498_c0042a3fb1_b.jpg,https://www.flickr.com/photos/19213483@N00/6078358498,44.2594,-64.287357,,,,,,,,,,,,,,,
https://live.staticflickr.com/5056/5395274500_3b92db12af_b.jpg,https://www.flickr.com/photos/38791487@N03/5395274500,46.806639,-60.316658,,,,,,,,,,,,,,,
https://live.staticflickr.com/4145/5013657960_90e837d5a0_b.jpg,https://www.flickr.com/photos/52674600@N02/5013657960,44.64649,-63.572484,,,,,,,,,,,,,,,
https://live.staticflickr.com/4146/4958389085_86321493cf_b.jpg,https://www.flickr.com/photos/20905078@N04/4958389085,44.924262,-62.546067,,,,,,,,,,,,,,,
https://live.staticflickr.com/4093/4906430954_9fa386a8e7_b.jpg,https://www.flickr.com/photos/99125755@N00/4906430954,44.646477,-63.577106,,,,,,,,,,,,,,,
https://live.staticflickr.com/4080/4854772817_ab3092e28a_b.jpg,https://www.flickr.com/photos/20905078@N04/4854772817,43.836709,-66.123147,,,,,,,,,,,,,,,
https://live.staticflickr.com/4117/4854772831_defea0bd68_b.jpg,https://www.flickr.com/photos/20905078@N04/4854772831,43.836132,-66.123361,,,,,,,,,,,,,,,
https://live.staticflickr.com/4138/4850881745_b6964aa5f0_b.jpg,https://www.flickr.com/photos/20905078@N04/4850881745,43.851658,-66.11377,,,,,,,,,,,,,,,
https://live.staticflickr.com/2588/3889918356_d5394cc452_b.jpg,https://www.flickr.com/photos/99125755@N00/3889918356,44.499055,-63.880337,,,,,,,,,,,,,,,
https://live.staticflickr.com/3446/3773733190_00c9fab715_b.jpg,https://www.flickr.com/photos/14238193@N07/3773733190,44.38012,-64.313364,,,,,,,,,,,,,,,
https://live.staticflickr.com/3487/3696868484_99c3f9f753_b.jpg,https://www.flickr.com/photos/12808302@N06/3696868484,44.639555,-63.568793,,,,,,,,,,,,,,,
https://live.staticflickr.com/3236/3032989872_4ccc3361a9_b.jpg,https://www.flickr.com/photos/34067077@N00/3032989872,46.23473,-63.124394,,,,,,,,,,,,,,,
https://live.staticflickr.com/3175/2709668778_bb93ab913f_b.jpg,https://www.flickr.com/photos/37266013@N00/2709668778,46.253962,-62.380886,,,,,,,,,,,,,,,
https://live.staticflickr.com/131/320911304_54fc18c1cf_b.jpg,https://www.flickr.com/photos/27137893@N00/320911304,44.996671,-64.135115,,,,,,,,,,,,,,,
https://live.staticflickr.com/65535/54672694946_5643243668_b.jpg,https://www.flickr.com/photos/189484496@N03/54672694946,44.378221,-64.311424,,,,,,,,,,,,,,,
https://live.staticflickr.com/65535/49991910357_bcdde008aa_b.jpg,https://www.flickr.com/photos/29442760@N00/49991910357,44.653333,-63.591112,,,,,,,,,,,,,,,
https://live.staticflickr.com/65535/49977874458_98dee7e596_b.jpg,https://www.flickr.com/photos/29442760@N00/49977874458,44.653333,-63.591389,,,,,,,,,,,,,,,
https://live.staticflickr.com/65535/49956852657_98de72a266_b.jpg,https://www.flickr.com/photos/29442760@N00/49956852657,44.644444,-63.592223,,,,,,,,,,,,,,,
https://live.staticflickr.com/65535/49956559206_cc77a3d664_b.jpg,https://www.flickr.com/photos/29442760@N00/49956559206,44.657429,-63.597139,,,,,,,,,,,,,,,
https://live.staticflickr.com/65535/49946671822_f329a45c08_b.jpg,https://www.flickr.com/photos/29442760@N00/49946671822,44.657222,-63.597778,,,,,,,,,,,,,,,
https://live.staticflickr.com/65535/49925922888_0a8f39255e_b.jpg,https://www.flickr.com/photos/29442760@N00/49925922888,44.657817,-63.59804,,,,,,,,,,,,,,,
https://live.staticflickr.com/65535/49926440456_5da0ab3f3d_b.jpg,https://www.flickr.com/photos/29442760@N00/49926440456,44.657817,-63.59804,,,,,,,,,,,,,,,
https://live.staticflickr.com/65535/54312724006_fd5be420f9_b.jpg,https://www.flickr.com/photos/75925002@N02/54312724006,55.762655,37.64343,,,,,,,,,,,,,,,
https://live.staticflickr.com/65535/54298409264_ae46bb1b27_b.jpg,https://www.flickr.com/photos/63526336@N08/54298409264,55.760342,37.614179,,,,,,,,,,,,,,,
https://live.staticflickr.com/65535/54270560345_c83b19a2c7_b.jpg,https://www.flickr.com/photos/63526336@N08/54270560345,55.760572,37.614908,,,,,,,,,,,,,,,
https://live.staticflickr.com/65535/54267747686_fd7cda01e3_b.jpg,https://www.flickr.com/photos/63526336@N08/54267747686,55.761296,37.619629,,,,,,,,,,,,,,,
https://live.staticflickr.com/65535/54265093968_bac48e88fa_b.jpg,https://www.flickr.com/photos/63526336@N08/54265093968,55.762105,37.620144,,,,,,,,,,,,,,,
https://live.staticflickr.com/65535/54178240696_8e7a320073_b.jpg,https://www.flickr.com/photos/75925002@N02/54178240696,55.755888,37.665059,,,,,,,,,,,,,,,
https://live.staticflickr.com/65535/54143825870_1f58f683ca_b.jpg,https://www.flickr.com/photos/75925002@N02/54143825870,55.758261,37.638752,,,,,,,,,,,,,,,
https://live.staticflickr.com/65535/53879821962_4998c34e62_b.jpg,https://www.flickr.com/photos/77650784@N04/53879821962,55.832141,37.628613,,,,,,,,,,,,,,,
https://live.staticflickr.com/65535/53867827235_2023d18abc_b.jpg,https://www.flickr.com/photos/77650784@N04/53867827235,55.832211,37.629369,,,,,,,,,,,,,,,
https://live.staticflickr.com/65535/53766622191_308b0eba2e_b.jpg,https://www.flickr.com/photos/75925002@N02/53766622191,55.755604,37.665574,,,,,,,,,,,,,,,
https://live.staticflickr.com/65535/53713432703_43bebe5281_b.jpg,https://www.flickr.com/photos/29298160@N00/53713432703,55.738611,37.595922,,,,,,,,,,,,,,,
https://live.staticflickr.com/65535/53661244063_17cb036661_b.jpg,https://www.flickr.com/photos/75925002@N02/53661244063,55.757446,37.632819,,,,,,,,,,,,,,,
https://live.staticflickr.com/65535/53403493945_ed3e688092_b.jpg,https://www.flickr.com/photos/65662288@N04/53403493945,55.860989,37.600235,,,,,,,,,,,,,,,
https://live.staticflickr.com/65535/53300047282_8bf23f56a9_b.jpg,https://www.flickr.com/photos/140907479@N08/53300047282,55.780519,37.571052,,,,,,,,,,,,,,,
https://live.staticflickr.com/65535/53281931636_4870271315_b.jpg,https://www.flickr.com/photos/75925002@N02/53281931636,55.757645,37.634332,,,,,,,,,,,,,,,
https://live.staticflickr.com/65535/53175212540_cbab2d776f_b.jpg,https://www.flickr.com/photos/75925002@N02/53175212540,55.762203,37.623313,,,,,,,,,,,,,,,
https://live.staticflickr.com/65535/53117378451_c4c2190e0c_b.jpg,https://www.flickr.com/photos/67084790@N03/53117378451,55.754166,37.620094,,,,,,,,,,,,,,,
https://live.staticflickr.com/65535/53112537704_0719478b68_b.jpg,https://www.flickr.com/photos/67084790@N03/53112537704,55.754086,37.620236,,,,,,,,,,,,,,,
https://live.staticflickr.com/65535/53085640906_59f5645961_b.jpg,https://www.flickr.com/photos/67084790@N03/53085640906,55.755413,37.61908,,,,,,,,,,,,,,,
https://live.staticflickr.com/65535/53047703452_b947ffebd0_b.jpg,https://www.flickr.com/photos/75925002@N02/53047703452,55.757512,37.632744,,,,,,,,,,,,,,,
https://live.staticflickr.com/65535/53010753721_08c1b48c2a_b.jpg,https://www.flickr.com/photos/77650784@N04/53010753721,55.752469,37.639997,,,,,,,,,,,,,,,
https://live.staticflickr.com/65535/53008548460_fe356e586e_b.jpg,https://www.flickr.com/photos/75925002@N02/53008548460,55.757536,37.633152,,,,,,,,,,,,,,,
https://live.staticflickr.com/65535/52987047733_708bb44d98_b.jpg,https://www.flickr.com/photos/75925002@N02/52987047733,55.757603,37.633516,,,,,,,,,,,,,,,
https://live.staticflickr.com/65535/52981245206_45596ea211_b.jpg,https://www.flickr.com/photos/77650784@N04/52981245206,55.75845,37.640108,,,,,,,,,,,,,,,
https://live.staticflickr.com/65535/52971669557_a22939001e_b.jpg,https://www.flickr.com/photos/77650784@N04/52971669557,55.761191,37.644019,,,,,,,,,,,,,,,
https://live.staticflickr.com/65535/52958407860_b81134de60_b.jpg,https://www.flickr.com/photos/77650784@N04/52958407860,55.76675,37.63163,,,,,,,,,,,,,,,
https://live.staticflickr.com/65535/52947511926_6c3e976abf_b.jpg,https://www.flickr.com/photos/77650784@N04/52947511926,55.76385,37.636322,,,,,,,,,,,,,,,
https://live.staticflickr.com/65535/52892560235_0536b2227b_b.jpg,https://www.flickr.com/photos/67084790@N03/52892560235,55.752858,37.62253,,,,,,,,,,,,,,,
https://live.staticflickr.com/65535/52819067583_567d2fe946_b.jpg,https://www.flickr.com/photos/67084790@N03/52819067583,55.761244,37.58635,,,,,,,,,,,,,,,
https://live.staticflickr.com/65535/52815978266_e0ab0aea62_b.jpg,https://www.flickr.com/photos/67084790@N03/52815978266,55.758708,37.624869,,,,,,,,,,,,,,,
https://live.staticflickr.com/65535/52803922351_99c3d7cd8b_b.jpg,https://www.flickr.com/photos/75925002@N02/52803922351,55.762203,37.623528,,,,,,,,,,,,,,,
https://live.staticflickr.com/65535/52792480990_cd539079e6_b.jpg,https://www.flickr.com/photos/67084790@N03/52792480990,55.733522,37.600105,,,,,,,,,,,,,,,
https://live.staticflickr.com/65535/52789577700_f850c3852d_b.jpg,https://www.flickr.com/photos/67084790@N03/52789577700,55.743127,37.567813,,,,,,,,,,,,,,,
https://live.staticflickr.com/65535/52783539097_bee74a97c4_b.jpg,https://www.flickr.com/photos/75925002@N02/52783539097,55.761641,37.618893,,,,,,,,,,,,,,,
https://live.staticflickr.com/65535/52781114519_2c2eb52020_b.jpg,https://www.flickr.com/photos/67084790@N03/52781114519,55.747419,37.584744,,,,,,,,,,,,,,,
https://live.staticflickr.com/65535/52749788628_a977cb47e9_b.jpg,https://www.flickr.com/photos/75925002@N02/52749788628,55.761943,37.621339,,,,,,,,,,,,,,,
https://live.staticflickr.com/65535/52743392158_b5d1e0bf57_b.jpg,https://www.flickr.com/photos/67084790@N03/52743392158,55.749691,37.592213,,,,,,,,,,,,,,,
https://live.staticflickr.com/65535/52735466117_ef874aa8b4_b.jpg,https://www.flickr.com/photos/75925002@N02/52735466117,55.760162,37.613958,,,,,,,,,,,,,,,
https://live.staticflickr.com/65535/52695712030_6735dc304d_b.jpg,https://www.flickr.com/photos/67084790@N03/52695712030,55.753886,37.620688,,,,,,,,,,,,,,,
https://live.staticflickr.com/65535/52685478256_2dace2e0ba_b.jpg,https://www.flickr.com/photos/67084790@N03/52685478256,55.741005,37.627613,,,,,,,,,,,,,,,
https://live.staticflickr.com/65535/52680999907_705a836e37_b.jpg,https://www.flickr.com/photos/67084790@N03/52680999907,55.751502,37.597858,,,,,,,,,,,,,,,
https://live.staticflickr.com/65535/52672560715_33b5f36616_b.jpg,https://www.flickr.com/photos/67084790@N03/52672560715,55.76293,37.587036,,,,,,,,,,,,,,,
https://live.staticflickr.com/65535/52669784321_4346936538_b.jpg,https://www.flickr.com/photos/67084790@N03/52669784321,55.763008,37.588063,,,,,,,,,,,,,,,
https://live.staticflickr.com/65535/52653248582_bd42249ab9_b.jpg,https://www.flickr.com/photos/67084790@N03/52653248582,55.752347,37.595963,,,,,,,,,,,,,,,
https://live.staticflickr.com/65535/52626583053_9f96ffc787_b.jpg,https://www.flickr.com/photos/29298160@N00/52626583053,55.762957,37.653944,,,,,,,,,,,,,,,
https://live.staticflickr.com/65535/52552341104_5454f67a57_b.jpg,https://www.flickr.com/photos/67084790@N03/52552341104,55.728625,37.653019,,,,,,,,,,,,,,,
https://live.staticflickr.com/65535/52548290064_0c5d5cf060_b.jpg,https://www.flickr.com/photos/67084790@N03/52548290064,55.7492,37.544572,,,,,,,,,,,,,,,
https://live.staticflickr.com/65535/52547992816_d9e734d561_b.jpg,https://www.flickr.com/photos/67084790@N03/52547992816,55.743663,37.566947,,,,,,,,,,,,,,,
https://live.staticflickr.com/65535/52539564065_9a7d2a733f_b.jpg,https://www.flickr.com/photos/67084790@N03/52539564065,55.746808,37.583086,,,,,,,,,,,,,,,
https://live.staticflickr.com/65535/52535489358_ac0b98e95f_b.jpg,https://www.flickr.com/photos/67084790@N03/52535489358,55.755086,37.548255,,,,,,,,,,,,,,,
https://live.staticflickr.com/65535/52533176869_d42b3b02ce_b.jpg,https://www.flickr.com/photos/67084790@N03/52533176869,55.7551,37.548191,,,,,,,,,,,,,,,
https://live.staticflickr.com/65535/52530308602_632890683e_b.jpg,https://www.flickr.com/photos/67084790@N03/52530308602,55.728941,37.435761,,,,,,,,,,,,,,,
https://live.staticflickr.com/65535/52523947464_83328b66b7_b.jpg,https://www.flickr.com/photos/67084790@N03/52523947464,55.730336,37.655222,,,,,,,,,,,,,,,
https://live.staticflickr.com/65535/52514901082_eacfece5ac_b.jpg,https://www.flickr.com/photos/156445710@N05/52514901082,55.760114,37.524458,,,,,,,,,,,,,,,
https://live.staticflickr.com/65535/52509639100_621fa7d7d9_b.jpg,https://www.flickr.com/photos/67084790@N03/52509639100,55.743952,37.60475,,,,,,,,,,,,,,,
https://live.staticflickr.com/65535/52473033347_f753106c14_b.jpg,https://www.flickr.com/photos/67084790@N03/52473033347,55.732405,37.665461,,,,,,,,,,,,,,,
https://live.staticflickr.com/65535/52426748933_db22f5b7d2_b.jpg,https://www.flickr.com/photos/67084790@N03/52426748933,55.751372,37.596883,,,,,,,,,,,,,,,
https://live.staticflickr.com/65535/52392344240_82f76b71b8_b.jpg,https://www.flickr.com/photos/67084790@N03/52392344240,55.753225,37.445561,,,,,,,,,,,,,,,
https://live.staticflickr.com/65535/52384799786_72229546b1_b.jpg,https://www.flickr.com/photos/67084790@N03/52384799786,55.753611,37.622402,,,,,,,,,,,,,,,
https://live.staticflickr.com/65535/52380384953_1ff598961a_b.jpg,https://www.flickr.com/photos/67084790@N03/52380384953,55.751863,37.623908,,,,,,,,,,,,,,,
https://live.staticflickr.com/65535/52372956051_6dd8f515bc_b.jpg,https://www.flickr.com/photos/67084790@N03/52372956051,55.755597,37.617933,,,,,,,,,,,,,,,
https://live.staticflickr.com/65535/52360239872_a02e954a8f_b.jpg,https://www.flickr.com/photos/67084790@N03/52360239872,55.732808,37.40723,,,,,,,,,,,,,,,
https://live.staticflickr.com/65535/52361334265_fa65e4948f_b.jpg,https://www.flickr.com/photos/67084790@N03/52361334265,55.720772,37.635338,,,,,,,,,,,,,,,
https://live.staticflickr.com/65535/52331207235_38d770e69a_b.jpg,https://www.flickr.com/photos/67084790@N03/52331207235,55.76623,37.590513,,,,,,,,,,,,,,,
https://live.staticflickr.com/65535/52329184660_77d81b8063_b.jpg,https://www.flickr.com/photos/67084790@N03/52329184660,55.766175,37.59053,,,,,,,,,,,,,,,
https://live.staticflickr.com/65535/52327625772_6864a3ca1e_b.jpg,https://www.flickr.com/photos/67084790@N03/52327625772,55.755352,37.618636,,,,,,,,,,,,,,,
https://live.staticflickr.com/65535/52323112269_679b25a06f_b.jpg,https://www.flickr.com/photos/75925002@N02/52323112269,55.756178,37.643687,,,,,,,,,,,,,,,
https://live.staticflickr.com/65535/52313341917_2d7422af46_b.jpg,https://www.flickr.com/photos/156445710@N05/52313341917,55.753479,37.627369,,,,,,,,,,,,,,,
https://live.staticflickr.com/65535/52270598675_189545b3d2_b.jpg,https://www.flickr.com/photos/56830712@N03/52270598675,55.714933,37.50639,,,,,,,,,,,,,,,
https://live.staticflickr.com/65535/52249681060_c57afcf9c8_b.jpg,https://www.flickr.com/photos/156445710@N05/52249681060,55.769126,37.595247,,,,,,,,,,,,,,,
https://live.staticflickr.com/65535/52237128033_b89d0c59f4_b.jpg,https://www.flickr.com/photos/67084790@N03/52237128033,55.735633,37.627577,,,,,,,,,,,,,,,
https://live.staticflickr.com/65535/52223466998_a29c4f57fd_b.jpg,https://www.flickr.com/photos/67084790@N03/52223466998,55.755661,37.620761,,,,,,,,,,,,,,,
https://live.staticflickr.com/65535/52214405046_0364876d81_b.jpg,https://www.flickr.com/photos/141875401@N08/52214405046,55.754638,37.613614,,,,,,,,,,,,,,,
https://live.staticflickr.com/65535/52197426129_682bb093f1_b.jpg,https://www.flickr.com/photos/67084790@N03/52197426129,55.759594,37.612322,,,,,,,,,,,,,,,
https://live.staticflickr.com/65535/52192200464_87f12b4d9c_b.jpg,https://www.flickr.com/photos/67084790@N03/52192200464,55.745272,37.369005,,,,,,,,,,,,,,,
https://live.staticflickr.com/65535/52191956388_78a14dd9d2_b.jpg,https://www.flickr.com/photos/67084790@N03/52191956388,55.757847,37.617594,,,,,,,,,,,,,,,
https://live.staticflickr.com/65535/52190807185_bc0b85464d_b.jpg,https://www.flickr.com/photos/156445710@N05/52190807185,55.752628,37.582458,,,,,,,,,,,,,,,
https://live.staticflickr.com/65535/52177299469_426604b3ec_b.jpg,https://www.flickr.com/photos/156445710@N05/52177299469,55.742465,37.569476,,,,,,,,,,,,,,,
https://live.staticflickr.com/65535/52173581254_10eec0bbcd_b.jpg,https://www.flickr.com/photos/67084790@N03/52173581254,55.75455,37.619483,,,,,,,,,,,,,,,
https://live.staticflickr.com/65535/52166703831_b933f956cf_b.jpg,https://www.flickr.com/photos/67084790@N03/52166703831,55.750752,37.60043,,,,,,,,,,,,,,,
https://live.staticflickr.com/65535/52146255709_cf78ecbfdb_b.jpg,https://www.flickr.com/photos/156445710@N05/52146255709,55.745321,37.568006,,,,,,,,,,,,,,,
https://live.staticflickr.com/65535/52136652657_78cfda3b6c_b.jpg,https://www.flickr.com/photos/67084790@N03/52136652657,55.742127,37.597813,,,,,,,,,,,,,,,
https://live.staticflickr.com/65535/52123867729_6c4653b134_b.jpg,https://www.flickr.com/photos/67084790@N03/52123867729,55.754347,37.620538,,,,,,,,,,,,,,,
https://live.staticflickr.com/65535/52097931294_50fda90aa2_b.jpg,https://www.flickr.com/photos/67084790@N03/52097931294,55.752836,37.622102,,,,,,,,,,,,,,,
https://live.staticflickr.com/65535/52096337142_efefa00f83_b.jpg,https://www.flickr.com/photos/67084790@N03/52096337142,55.75075,37.600305,,,,,,,,,,,,,,,
https://live.staticflickr.com/65535/52096565783_329e2d3ff1_b.jpg,https://www.flickr.com/photos/75925002@N02/52096565783,55.761665,37.619204,,,,,,,,,,,,,,,
https://live.staticflickr.com/65535/52092650804_9a4c6a0df7_b.jpg,https://www.flickr.com/photos/67084790@N03/52092650804,55.750766,37.600286,,,,,,,,,,,,,,,
https://live.staticflickr.com/65535/49996102913_7c6161c898_b.jpg,https://www.flickr.com/photos/167851365@N07/49996102913,56.344366,37.518505,,,,,,,,,,,,,,,
https://live.staticflickr.com/65535/49996854357_62e769ee02_b.jpg,https://www.flickr.com/photos/167851365@N07/49996854357,56.3544,37.523147,,,,,,,,,,,,,,,
https://live.staticflickr.com/65535/49848983726_619594c01c_b.jpg,https://www.flickr.com/photos/67084790@N03/49848983726,55.760555,37.580397,,,,,,,,,,,,,,,
https://live.staticflickr.com/65535/49696912962_7fc7c8945d_b.jpg,https://www.flickr.com/photos/91856290@N08/49696912962,55.791238,37.748184,,,,,,,,,,,,,,,
https://live.staticflickr.com/65535/49693147978_545fffbf14_b.jpg,https://www.flickr.com/photos/95662280@N03/49693147978,55.749789,37.624577,,,,,,,,,,,,,,,
https://live.staticflickr.com/65535/49473699226_93a6a72c54_b.jpg,https://www.flickr.com/photos/150636614@N05/49473699226,55.749893,37.624536,,,,,,,,,,,,,,,
https://live.staticflickr.com/65535/49077481621_a632cf175d_b.jpg,https://www.flickr.com/photos/67084790@N03/49077481621,55.759519,37.584411,,,,,,,,,,,,,,,
https://live.staticflickr.com/65535/48896198852_ef8b671026_b.jpg,https://www.flickr.com/photos/67084790@N03/48896198852,55.759963,37.582,,,,,,,,,,,,,,,
https://live.staticflickr.com/65535/48815280077_a32a11b734_b.jpg,https://www.flickr.com/photos/67084790@N03/48815280077,55.745608,37.570991,,,,,,,,,,,,,,,
https://live.staticflickr.com/65535/48811271342_d896844508_b.jpg,https://www.flickr.com/photos/67084790@N03/48811271342,55.740338,37.534516,,,,,,,,,,,,,,,
https://live.staticflickr.com/65535/48767243901_0edd9d8e71_b.jpg,https://www.flickr.com/photos/67084790@N03/48767243901,55.737077,37.523994,,,,,,,,,,,,,,,
https://live.staticflickr.com/65535/48735699632_40731d442b_b.jpg,https://www.flickr.com/photos/67084790@N03/48735699632,55.762172,37.621113,,,,,,,,,,,,,,,
https://live.staticflickr.com/65535/48634309502_4f4d6b6d02_b.jpg,https://www.flickr.com/photos/67084790@N03/48634309502,55.743241,37.547347,,,,,,,,,,,,,,,
https://live.staticflickr.com/65535/48597627011_633cc6ba2f_b.jpg,https://www.flickr.com/photos/67084790@N03/48597627011,55.738572,37.526572,,,,,,,,,,,,,,,
https://live.staticflickr.com/65535/48483730922_918ebbcec1_b.jpg,https://www.flickr.com/photos/67084790@N03/48483730922,55.771341,37.62041,,,,,,,,,,,,,,,
https://live.staticflickr.com/65535/48411269076_32e9ec88c2_b.jpg,https://www.flickr.com/photos/67084790@N03/48411269076,55.756363,37.621047,,,,,,,,,,,,,,,
https://live.staticflickr.com/65535/47107159714_6d674d0239_b.jpg,https://www.flickr.com/photos/67084790@N03/47107159714,55.759361,37.583036,,,,,,,,,,,,,,,
https://live.staticflickr.com/65535/46844297695_616b00f5df_b.jpg,https://www.flickr.com/photos/162975542@N07/46844297695,59.973136,30.30345,,,,,,,,,,,,,,,
https://live.staticflickr.com/65535/33860875108_39584179c2_b.jpg,https://www.flickr.com/photos/67084790@N03/33860875108,55.760088,37.581411,,,,,,,,,,,,,,,
https://live.staticflickr.com/65535/32792747557_8218e8f6e8_b.jpg,https://www.flickr.com/photos/162975542@N07/32792747557,59.846116,30.239963,,,,,,,,,,,,,,,
https://live.staticflickr.com/65535/32696937987_2d8197c2bd_b.jpg,https://www.flickr.com/photos/162975542@N07/32696937987,59.881627,30.252375,,,,,,,,,,,,,,,
https://live.staticflickr.com/65535/47639476201_47d4ce9984_b.jpg,https://www.flickr.com/photos/162975542@N07/47639476201,59.881411,30.252288,,,,,,,,,,,,,,,
https://live.staticflickr.com/7882/33457537308_8979bd55a8_b.jpg,https://www.flickr.com/photos/67084790@N03/33457537308,55.756933,37.622133,,,,,,,,,,,,,,,
https://live.staticflickr.com/7814/46325225885_2ea24d4989_b.jpg,https://www.flickr.com/photos/102086516@N07/46325225885,59.930125,30.335283,,,,,,,,,,,,,,,
https://live.staticflickr.com/7920/40249404753_4ff73dd718_b.jpg,https://www.flickr.com/photos/155589534@N03/40249404753,55.744035,37.564047,,,,,,,,,,,,,,,
https://live.staticflickr.com/7822/47179045731_21f2a1bc00_b.jpg,https://www.flickr.com/photos/102086516@N07/47179045731,59.935177,30.328472,,,,,,,,,,,,,,,
https://live.staticflickr.com/7916/47177969301_9b902490f4_b.jpg,https://www.flickr.com/photos/102086516@N07/47177969301,59.935388,30.326666,,,,,,,,,,,,,,,
https://live.staticflickr.com/7861/33262142808_abbc5f6020_b.jpg,https://www.flickr.com/photos/102086516@N07/33262142808,59.93653,30.333191,,,,,,,,,,,,,,,
https://live.staticflickr.com/4823/46071917165_ce2395154b_b.jpg,https://www.flickr.com/photos/145014198@N03/46071917165,55.74723,37.643044,,,,,,,,,,,,,,,
https://live.staticflickr.com/4843/33065514328_f418f6a70d_b.jpg,https://www.flickr.com/photos/125191366@N02/33065514328,59.970926,30.215481,,,,,,,,,,,,,,,
https://live.staticflickr.com/7920/46819697732_ce940836f7_b.jpg,https://www.flickr.com/photos/23109342@N08/46819697732,55.744002,37.607583,,,,,,,,,,,,,,,
https://live.staticflickr.com/7824/32880850578_f191320013_b.jpg,https://www.flickr.com/photos/125191366@N02/32880850578,59.97077,30.215739,,,,,,,,,,,,,,,
https://live.staticflickr.com/939/43208129004_ee8fa1caa3_b.jpg,https://www.flickr.com/photos/67084790@N03/43208129004,55.770791,37.620638,,,,,,,,,,,,,,,
https://live.staticflickr.com/1837/43208108324_40cab7e002_b.jpg,https://www.flickr.com/photos/67084790@N03/43208108324,55.760061,37.581658,,,,,,,,,,,,,,,
https://live.staticflickr.com/1825/43527846771_7e52524da8_b.jpg,https://www.flickr.com/photos/67084790@N03/43527846771,55.736516,37.517655,,,,,,,,,,,,,,,
https://live.staticflickr.com/1761/28640255237_83cbee91f3_b.jpg,https://www.flickr.com/photos/67084790@N03/28640255237,55.736797,37.518161,,,,,,,,,,,,,,,
https://live.staticflickr.com/1783/43527845321_07f14fd0f3_b.jpg,https://www.flickr.com/photos/67084790@N03/43527845321,55.737652,37.525355,,,,,,,,,,,,,,,
https://live.staticflickr.com/1805/41719132180_8ab340351d_b.jpg,https://www.flickr.com/photos/67084790@N03/41719132180,55.738583,37.526355,,,,,,,,,,,,,,,
https://live.staticflickr.com/857/43527844731_fcdee485d2_b.jpg,https://www.flickr.com/photos/67084790@N03/43527844731,55.738458,37.526547,,,,,,,,,,,,,,,
https://live.staticflickr.com/65535/41719130340_a67d8623b7_b.jpg,https://www.flickr.com/photos/67084790@N03/41719130340,55.738486,37.526358,,,,,,,,,,,,,,,
https://live.staticflickr.com/65535/41719128920_13e139605f_b.jpg,https://www.flickr.com/photos/67084790@N03/41719128920,55.740805,37.535922,,,,,,,,,,,,,,,
https://live.staticflickr.com/838/29656305988_22095ae6c4_b.jpg,https://www.flickr.com/photos/67084790@N03/29656305988,55.737752,37.524755,,,,,,,,,,,,,,,
https://live.staticflickr.com/1765/42019355715_994c730339_b.jpg,https://www.flickr.com/photos/145561697@N06/42019355715,59.940213,30.332103,,,,,,,,,,,,,,,
https://live.staticflickr.com/1725/28910493128_9863f5f56b_b.jpg,https://www.flickr.com/photos/157013954@N08/28910493128,55.758623,37.657463,,,,,,,,,,,,,,,
https://live.staticflickr.com/1737/27787977547_3ec9649c21_b.jpg,https://www.flickr.com/photos/127748537@N07/27787977547,58.308795,38.875014,,,,,,,,,,,,,,,
https://live.staticflickr.com/801/41050299611_bcd14e4b77_b.jpg,https://www.flickr.com/photos/25937668@N08/41050299611,59.941889,30.330162,,,,,,,,,,,,,,,
https://live.staticflickr.com/4623/40274491862_14b6f75f5d_b.jpg,https://www.flickr.com/photos/95356253@N00/40274491862,55.640794,36.984769,,,,,,,,,,,,,,,
https://live.staticflickr.com/4610/39406504214_928181336c_b.jpg,https://www.flickr.com/photos/65352788@N03/39406504214,55.74421,37.626435,,,,,,,,,,,,,,,
https://live.staticflickr.com/4602/40085609942_9987e5fdd3_b.jpg,https://www.flickr.com/photos/65352788@N03/40085609942,55.734238,37.601437,,,,,,,,,,,,,,,
https://live.staticflickr.com/4767/40118457241_ed454a9915_b.jpg,https://www.flickr.com/photos/65352788@N03/40118457241,55.755628,37.621006,,,,,,,,,,,,,,,
https://live.staticflickr.com/3769/33155598622_35e01fb0b8_b.jpg,https://www.flickr.com/photos/108510835@N06/33155598622,59.921559,30.467705,,,,,,,,,,,,,,,
https://live.staticflickr.com/449/32613964612_0f4fbea3cd_b.jpg,https://www.flickr.com/photos/8772121@N05/32613964612,55.799713,37.412738,,,,,,,,,,,,,,,
https://live.staticflickr.com/507/32063195210_ca4a6cd246_b.jpg,https://www.flickr.com/photos/131748487@N07/32063195210,59.970219,30.249652,,,,,,,,,,,,,,,
https://live.staticflickr.com/773/32124504855_27f3eefd67_b.jpg,https://www.flickr.com/photos/91920202@N07/32124504855,55.753032,37.647517,,,,,,,,,,,,,,,
https://live.staticflickr.com/625/31261452704_461287fc0b_b.jpg,https://www.flickr.com/photos/134293497@N03/31261452704,55.700297,37.573433,,,,,,,,,,,,,,,
https://live.staticflickr.com/5708/30785735286_1845b04ce1_b.jpg,https://www.flickr.com/photos/57562620@N07/30785735286,55.745966,37.544788,,,,,,,,,,,,,,,
https://live.staticflickr.com/5348/30697649295_97fc0063a2_b.jpg,https://www.flickr.com/photos/59984889@N00/30697649295,55.743361,37.608452,,,,,,,,,,,,,,,
https://live.staticflickr.com/5169/29311540864_3be7acf34a_b.jpg,https://www.flickr.com/photos/108510835@N06/29311540864,59.949965,30.348969,,,,,,,,,,,,,,,
https://live.staticflickr.com/8617/29787894151_640cd7954f_b.jpg,https://www.flickr.com/photos/21486351@N00/29787894151,55.74825,37.539017,,,,,,,,,,,,,,,
https://live.staticflickr.com/7480/27861725175_ec45dce74b_b.jpg,https://www.flickr.com/photos/118242106@N08/27861725175,55.773543,37.65594,,,,,,,,,,,,,,,
https://live.staticflickr.com/7090/26659182990_94d4c80f9c_b.jpg,https://www.flickr.com/photos/67084790@N03/26659182990,55.75015,37.623466,,,,,,,,,,,,,,,
https://live.staticflickr.com/7606/26191090243_8ff27c60ac_b.jpg,https://www.flickr.com/photos/67084790@N03/26191090243,55.755988,37.607122,,,,,,,,,,,,,,,
https://live.staticflickr.com/1637/25958694450_764ff48ee4_b.jpg,https://www.flickr.com/photos/37302754@N06/25958694450,55.753052,37.647153,,,,,,,,,,,,,,,
https://live.staticflickr.com/1720/24116954850_a2a1277494_b.jpg,https://www.flickr.com/photos/40642370@N02/24116954850,55.764961,37.604302,,,,,,,,,,,,,,,
https://live.staticflickr.com/1593/24384600846_bf627aa39d_b.jpg,https://www.flickr.com/photos/40642370@N02/24384600846,55.757071,37.619934,,,,,,,,,,,,,,,
https://live.staticflickr.com/1496/23842343859_6d7ece5db0_b.jpg,https://www.flickr.com/photos/40642370@N02/23842343859,55.761756,37.609741,,,,,,,,,,,,,,,
https://live.staticflickr.com/1606/23912285200_d341c3a58c_b.jpg,https://www.flickr.com/photos/40642370@N02/23912285200,55.758822,37.617241,,,,,,,,,,,,,,,
https://live.staticflickr.com/1652/24104975601_5945daa649_b.jpg,https://www.flickr.com/photos/96630334@N07/24104975601,59.944138,30.295916,,,,,,,,,,,,,,,
https://live.staticflickr.com/687/22884329474_2f9034f26e_b.jpg,https://www.flickr.com/photos/38465352@N03/22884329474,55.708466,37.539929,,,,,,,,,,,,,,,
https://live.staticflickr.com/694/22833992045_87c974fd4b_b.jpg,https://www.flickr.com/photos/99637942@N03/22833992045,55.722605,37.597253,,,,,,,,,,,,,,,
https://live.staticflickr.com/5752/21141721985_a1e38f7e7e_b.jpg,https://www.flickr.com/photos/13893079@N06/21141721985,55.763263,37.615681,,,,,,,,,,,,,,,
https://live.staticflickr.com/8718/17113551926_7803b1f2e9_b.jpg,https://www.flickr.com/photos/67084790@N03/17113551926,55.794394,37.676769,,,,,,,,,,,,,,,
https://live.staticflickr.com/7477/15393684423_b1c9d5fd12_b.jpg,https://www.flickr.com/photos/53555836@N04/15393684423,55.799813,37.511513,,,,,,,,,,,,,,,
https://live.staticflickr.com/8564/16013280745_b16117950f_b.jpg,https://www.flickr.com/photos/53555836@N04/16013280745,55.801555,37.511925,,,,,,,,,,,,,,,
https://live.staticflickr.com/3918/14623308238_3460fc9e6e_b.jpg,https://www.flickr.com/photos/53555836@N04/14623308238,55.757297,37.596563,,,,,,,,,,,,,,,
https://live.staticflickr.com/3870/14569998791_219e81e6e8_b.jpg,https://www.flickr.com/photos/67084790@N03/14569998791,55.74153,37.413866,,,,,,,,,,,,,,,
https://live.staticflickr.com/7301/13855691044_2f41305e32_b.jpg,https://www.flickr.com/photos/53555836@N04/13855691044,56.354398,37.523148,,,,,,,,,,,,,,,
https://live.staticflickr.com/3706/13293616595_67a68e198d_b.jpg,https://www.flickr.com/photos/115523353@N07/13293616595,59.83443,30.268141,,,,,,,,,,,,,,,
https://live.staticflickr.com/2885/12222886954_fbc7ca9dd7_b.jpg,https://www.flickr.com/photos/82743364@N07/12222886954,59.570113,31.210183,,,,,,,,,,,,,,,
https://live.staticflickr.com/3799/10878603303_5cc4e09b64_b.jpg,https://www.flickr.com/photos/13879794@N04/10878603303,55.763108,37.615319,,,,,,,,,,,,,,,
https://live.staticflickr.com/3678/9283534830_b3872fc586_b.jpg,https://www.flickr.com/photos/94553963@N06/9283534830,55.859333,37.585833,,,,,,,,,,,,,,,
https://live.staticflickr.com/7322/9283531988_5370d7c966_b.jpg,https://www.flickr.com/photos/94553963@N06/9283531988,55.859333,37.586333,,,,,,,,,,,,,,,
https://live.staticflickr.com/2832/9280746811_cb870c4dec_b.jpg,https://www.flickr.com/photos/94553963@N06/9280746811,56.346833,38.196833,,,,,,,,,,,,,,,
https://live.staticflickr.com/65535/52636531577_b3636577bd_b.jpg,https://www.flickr.com/photos/63770579@N02/52636531577,55.753722,38.117,,,,,,,,,,,,,,,
https://live.staticflickr.com/65535/52632899547_04916d9ff8_b.jpg,https://www.flickr.com/photos/63770579@N02/52632899547,55.751361,38.118555,,,,,,,,,,,,,,,
https://live.staticflickr.com/65535/52631810685_501fee28c6_b.jpg,https://www.flickr.com/photos/63770579@N02/52631810685,55.751944,38.118944,,,,,,,,,,,,,,,
https://live.staticflickr.com/65535/52628439870_99dd2002c7_b.jpg,https://www.flickr.com/photos/29298160@N00/52628439870,55.7463,37.645543,,,,,,,,,,,,,,,
https://live.staticflickr.com/65535/52617706901_de6ef67424_b.jpg,https://www.flickr.com/photos/63770579@N02/52617706901,55.997432,37.532925,,,,,,,,,,,,,,,
https://live.staticflickr.com/65535/52610594704_c7ce655c65_b.jpg,https://www.flickr.com/photos/149732725@N08/52610594704,59.932563,30.307888,,,,,,,,,,,,,,,
https://live.staticflickr.com/65535/52602886512_b2c5256d97_b.jpg,https://www.flickr.com/photos/149732725@N08/52602886512,59.93218,30.3244,,,,,,,,,,,,,,,
https://live.staticflickr.com/65535/52580834797_cfdfc063ed_b.jpg,https://www.flickr.com/photos/140907479@N08/52580834797,55.69593,37.533009,,,,,,,,,,,,,,,
,,55.752537,37.628981,,,,,,,,,,,,,,,
https://live.staticflickr.com/65535/52499203107_dc2baf6075_b.jpg,https://www.flickr.com/photos/63770579@N02/52499203107,55.734039,38.03676,,,,,,,,,,,,,,,
,,55.752516,37.623153,,,,,,,,,,,,,,,
,,55.824171,37.613628,,,,,,,,,,,,,,,
,,55.743793,37.61075,,,,,,,,,,,,,,,
,,55.744899,37.541122,,,,,,,,,,,,,,,
,,55.751686,37.535283,,,,,,,,,,,,,,,
,,55.752516,37.623153,,,,,,,,,,,,,,,
,,55.739812,37.600093,,,,,,,,,,,,,,,
,,55.744669,37.605439,,,,,,,,,,,,,,,
,,55.74379,37.610633,,,,,,,,,,,,,,,
https://live.staticflickr.com/65535/52387574959_df834133b2_b.jpg,https://www.flickr.com/photos/149732725@N08/52387574959,58.519662,31.275265,,,,,,,,,,,,,,,
,,55.7403,37.702751,,,,,,,,,,,,,,,
,,55.7403,37.702751,,,,,,,,,,,,,,,
https://live.staticflickr.com/65535/52369058560_bc8f39c511_b.jpg,https://www.flickr.com/photos/38465352@N03/52369058560,55.826569,37.909022,,,,,,,,,,,,,,,
,,55.752516,37.623153,,,,,,,,,,,,,,,
https://live.staticflickr.com/65535/52353735861_abe1b713aa_b.jpg,https://www.flickr.com/photos/149732725@N08/52353735861,59.941002,30.308854,,,,,,,,,,,,,,,
,,55.767056,37.606879,,,,,,,,,,,,,,,
,,55.752537,37.628981,,,,,,,,,,,,,,,
,,55.744657,37.605688,,,,,,,,,,,,,,,
https://live.staticflickr.com/65535/52317589820_4f8e7e8e9a_b.jpg,https://www.flickr.com/photos/190173716@N05/52317589820,55.919986,36.265158,,,,,,,,,,,,,,,
https://live.staticflickr.com/65535/52317110835_6a53cac89d_b.jpg,https://www.flickr.com/photos/63770579@N02/52317110835,55.733713,37.599581,,,,,,,,,,,,,,,
https://live.staticflickr.com/65535/52316470526_d51d83db41_b.jpg,https://www.flickr.com/photos/100786485@N06/52316470526,59.583027,30.093288,,,,,,,,,,,,,,,
https://live.staticflickr.com/65535/52314500623_d0c20b0a33_b.jpg,https://www.flickr.com/photos/135836556@N06/52314500623,58.487028,31.286024,,,,,,,,,,,,,,,
,,55.740432,37.702397,,,,,,,,,,,,,,,
https://live.staticflickr.com/65535/52305908399_94d1f3fae5_b.jpg,https://www.flickr.com/photos/140377809@N05/52305908399,55.834606,37.618468,,,,,,,,,,,,,,,
https://live.staticflickr.com/65535/52303148426_cc0046eb5a_b.jpg,https://www.flickr.com/photos/140377809@N05/52303148426,55.728629,37.601513,,,,,,,,,,,,,,,
,,55.752516,37.623153,,,,,,,,,,,,,,,
https://live.staticflickr.com/8661/15940225148_03d3e7fdde_b.jpg,https://www.flickr.com/photos/125256080@N07/15940225148,55.753155,37.601288,,,,,,,,,,,,,,,
https://live.staticflickr.com/5609/14937727414_fb7ee8895a_b.jpg,https://www.flickr.com/photos/41547611@N06/14937727414,55.779312,37.59265,,,,,,,,,,,,,,,
https://live.staticflickr.com/65535/14115197174_0c698dcedc_b.jpg,https://www.flickr.com/photos/67084790@N03/14115197174,55.737711,37.623852,,,,,,,,,,,,,,,
https://live.staticflickr.com/3696/12516084735_5baee69f5f_b.jpg,https://www.flickr.com/photos/36595246@N02/12516084735,55.725194,37.594088,,,,,,,,,,,,,,,
https://live.staticflickr.com/2814/12385913373_f0c4050b17_b.jpg,https://www.flickr.com/photos/36595246@N02/12385913373,55.827138,37.64708,,,,,,,,,,,,,,,
https://live.staticflickr.com/5532/12319232944_f36f090bf2_b.jpg,https://www.flickr.com/photos/40220387@N08/12319232944,55.833481,37.286707,,,,,,,,,,,,,,,
https://live.staticflickr.com/3819/12222485095_a1ea74aeb0_b.jpg,https://www.flickr.com/photos/82743364@N07/12222485095,59.581544,31.205291,,,,,,,,,,,,,,,
https://live.staticflickr.com/3705/12132349876_6982da6eab_b.jpg,https://www.flickr.com/photos/65063312@N02/12132349876,56.442158,38.241061,,,,,,,,,,,,,,,
https://live.staticflickr.com/5535/11448789833_2b9af7399e_b.jpg,https://www.flickr.com/photos/40220387@N08/11448789833,55.833433,37.287468,,,,,,,,,,,,,,,
https://live.staticflickr.com/3783/11305948396_34d236b147_b.jpg,https://www.flickr.com/photos/67084790@N03/11305948396,55.73353,37.410966,,,,,,,,,,,,,,,
https://live.staticflickr.com/2884/10825889883_ee2d60dfc6_b.jpg,https://www.flickr.com/photos/57025579@N00/10825889883,55.775782,37.553147,,,,,,,,,,,,,,,
https://live.staticflickr.com/3700/10674202884_0e705307e3_b.jpg,https://www.flickr.com/photos/77340010@N05/10674202884,55.733591,37.443786,,,,,,,,,,,,,,,
https://live.staticflickr.com/3811/9716705848_892a0ed5ff_b.jpg,https://www.flickr.com/photos/43257267@N08/9716705848,55.744738,37.617955,,,,,,,,,,,,,,,
https://live.staticflickr.com/5512/9280744939_3510c28208_b.jpg,https://www.flickr.com/photos/94553963@N06/9280744939,55.859333,37.586166,,,,,,,,,,,,,,,
https://live.staticflickr.com/65535/8999541612_8d884b3552_b.jpg,https://www.flickr.com/photos/67084790@N03/8999541612,55.7567,37.634622,,,,,,,,,,,,,,,
https://live.staticflickr.com/2843/8986138825_c63a4d6793_b.jpg,https://www.flickr.com/photos/81343047@N08/8986138825,55.732764,37.603325,,,,,,,,,,,,,,,
https://live.staticflickr.com/8531/8517399705_e134e2936e_b.jpg,https://www.flickr.com/photos/40220387@N08/8517399705,55.833397,37.286589,,,,,,,,,,,,,,,
https://live.staticflickr.com/8368/8441063764_0fac22316e_b.jpg,https://www.flickr.com/photos/86100064@N03/8441063764,55.735205,37.807538,,,,,,,,,,,,,,,
https://live.staticflickr.com/8473/8389773245_8fca63b8e7_b.jpg,https://www.flickr.com/photos/85642167@N04/8389773245,59.929226,30.360841,,,,,,,,,,,,,,,
https://live.staticflickr.com/8220/8261033748_67b8eeb51d_b.jpg,https://www.flickr.com/photos/40220387@N08/8261033748,55.746463,37.536313,,,,,,,,,,,,,,,
https://live.staticflickr.com/65535/53455243889_99a0ff8559_b.jpg,https://www.flickr.com/photos/88279720@N06/53455243889,59.941044,30.317894,,,,,,,,,,,,,,,
https://live.staticflickr.com/65535/52604800222_dedd1c5e4e_b.jpg,https://www.flickr.com/photos/197075884@N08/52604800222,59.970041,30.301084,,,,,,,,,,,,,,,
https://live.staticflickr.com/7915/47405093172_b69acea0ed_b.jpg,https://www.flickr.com/photos/102086516@N07/47405093172,59.931661,30.341405,,,,,,,,,,,,,,,
https://live.staticflickr.com/7870/47457122341_d61971c40c_b.jpg,https://www.flickr.com/photos/102086516@N07/47457122341,59.932838,30.342272,,,,,,,,,,,,,,,
https://live.staticflickr.com/7826/40385274543_8499de024f_b.jpg,https://www.flickr.com/photos/102086516@N07/40385274543,59.928677,30.336797,,,,,,,,,,,,,,,
https://live.staticflickr.com/7819/47276684212_01927acd99_b.jpg,https://www.flickr.com/photos/102086516@N07/47276684212,59.936519,30.319919,,,,,,,,,,,,,,,
https://live.staticflickr.com/7872/33452952448_a375225754_b.jpg,https://www.flickr.com/photos/102086516@N07/33452952448,59.93513,30.326813,,,,,,,,,,,,,,,
https://live.staticflickr.com/7874/33449516918_e6fe40b90d_b.jpg,https://www.flickr.com/photos/102086516@N07/33449516918,59.934933,30.328927,,,,,,,,,,,,,,,
https://live.staticflickr.com/7927/46596036314_88463e61f5_b.jpg,https://www.flickr.com/photos/102086516@N07/46596036314,59.934441,30.332613,,,,,,,,,,,,,,,
https://live.staticflickr.com/7850/47318747011_1ed2cd9a0c_b.jpg,https://www.flickr.com/photos/102086516@N07/47318747011,59.932433,30.335702,,,,,,,,,,,,,,,
https://live.staticflickr.com/7909/33442722148_7d27d3663e_b.jpg,https://www.flickr.com/photos/102086516@N07/33442722148,59.932269,30.335683,,,,,,,,,,,,,,,
https://live.staticflickr.com/7911/40346995733_d5ff4de126_b.jpg,https://www.flickr.com/photos/102086516@N07/40346995733,59.931444,30.3356,,,,,,,,,,,,,,,
https://live.staticflickr.com/7833/32359678977_7df55cbf5d_b.jpg,https://www.flickr.com/photos/102086516@N07/32359678977,59.932272,30.336433,,,,,,,,,,,,,,,
https://live.staticflickr.com/7839/47218037362_9255d147f5_b.jpg,https://www.flickr.com/photos/102086516@N07/47218037362,59.933913,30.337544,,,,,,,,,,,,,,,
https://live.staticflickr.com/7852/46525853994_fbaf73ec16_b.jpg,https://www.flickr.com/photos/102086516@N07/46525853994,59.932449,30.336602,,,,,,,,,,,,,,,
https://live.staticflickr.com/7867/47197140302_75296ef298_b.jpg,https://www.flickr.com/photos/102086516@N07/47197140302,59.92843,30.335452,,,,,,,,,,,,,,,
https://live.staticflickr.com/7869/40274741053_aa4194d3f8_b.jpg,https://www.flickr.com/photos/102086516@N07/40274741053,59.928422,30.334941,,,,,,,,,,,,,,,
https://live.staticflickr.com/7859/32288458337_3932550ab9_b.jpg,https://www.flickr.com/photos/102086516@N07/32288458337,59.93218,30.335936,,,,,,,,,,,,,,,
https://live.staticflickr.com/7809/32257175857_e34cc18ddf_b.jpg,https://www.flickr.com/photos/102086516@N07/32257175857,59.93378,30.337138,,,,,,,,,,,,,,,
https://live.staticflickr.com/7866/46284222025_d53983d652_b.jpg,https://www.flickr.com/photos/102086516@N07/46284222025,59.934136,30.337458,,,,,,,,,,,,,,,
https://live.staticflickr.com/7910/32256318667_c9d954568a_b.jpg,https://www.flickr.com/photos/102086516@N07/32256318667,59.934688,30.333455,,,,,,,,,,,,,,,
https://live.staticflickr.com/7812/33312856218_7d9cc632c0_b.jpg,https://www.flickr.com/photos/102086516@N07/33312856218,59.934797,30.332,,,,,,,,,,,,,,,
https://live.staticflickr.com/7839/46264670855_81c05e491e_b.jpg,https://www.flickr.com/photos/102086516@N07/46264670855,59.934925,30.331355,,,,,,,,,,,,,,,
https://live.staticflickr.com/7855/47116653172_0780690824_b.jpg,https://www.flickr.com/photos/102086516@N07/47116653172,59.936261,30.326783,,,,,,,,,,,,,,,
https://live.staticflickr.com/7894/47116446642_0c83e5f5f1_b.jpg,https://www.flickr.com/photos/102086516@N07/47116446642,59.937202,30.327138,,,,,,,,,,,,,,,
https://live.staticflickr.com/7874/46444590044_138a98163c_b.jpg,https://www.flickr.com/photos/102086516@N07/46444590044,59.937469,30.326925,,,,,,,,,,,,,,,
https://live.staticflickr.com/7871/46244587275_b3e0f83eda_b.jpg,https://www.flickr.com/photos/102086516@N07/46244587275,59.938372,30.327455,,,,,,,,,,,,,,,
https://live.staticflickr.com/7880/40183473553_ed9ff1a7fa_b.jpg,https://www.flickr.com/photos/102086516@N07/40183473553,59.939994,30.329788,,,,,,,,,,,,,,,
https://live.staticflickr.com/7815/46234117495_a03d3faf34_b.jpg,https://www.flickr.com/photos/102086516@N07/46234117495,59.939263,30.328236,,,,,,,,,,,,,,,
https://live.staticflickr.com/7917/40173521243_170aae5279_b.jpg,https://www.flickr.com/photos/102086516@N07/40173521243,59.938005,30.329911,,,,,,,,,,,,,,,
https://live.staticflickr.com/7899/47137029121_bcb7670e62_b.jpg,https://www.flickr.com/photos/102086516@N07/47137029121,59.936699,30.331125,,,,,,,,,,,,,,,
https://live.staticflickr.com/7803/40162427913_c14771b680_b.jpg,https://www.flickr.com/photos/102086516@N07/40162427913,59.936272,30.334622,,,,,,,,,,,,,,,
https://live.staticflickr.com/7919/33251077328_5ed91080f1_b.jpg,https://www.flickr.com/photos/102086516@N07/33251077328,59.936105,30.336933,,,,,,,,,,,,,,,
https://live.staticflickr.com/7891/47073779092_4035d60ea8_b.jpg,https://www.flickr.com/photos/102086516@N07/47073779092,59.935955,30.337752,,,,,,,,,,,,,,,
https://live.staticflickr.com/7906/47125815601_0940264782_b.jpg,https://www.flickr.com/photos/102086516@N07/47125815601,59.935802,30.338302,,,,,,,,,,,,,,,
https://live.staticflickr.com/7869/47072853012_93d062143f_b.jpg,https://www.flickr.com/photos/102086516@N07/47072853012,59.9345,30.337425,,,,,,,,,,,,,,,
https://live.staticflickr.com/7857/47072445472_89ce7f61d4_b.jpg,https://www.flickr.com/photos/102086516@N07/47072445472,59.934361,30.337461,,,,,,,,,,,,,,,
https://live.staticflickr.com/7806/46206433305_bbc2c736e7_b.jpg,https://www.flickr.com/photos/102086516@N07/46206433305,59.933897,30.337038,,,,,,,,,,,,,,,
https://live.staticflickr.com/7896/32172913507_d6d19570f3_b.jpg,https://www.flickr.com/photos/102086516@N07/32172913507,59.932738,30.336777,,,,,,,,,,,,,,,
https://live.staticflickr.com/7919/46200287805_9d5aa025c2_b.jpg,https://www.flickr.com/photos/102086516@N07/46200287805,59.934822,30.325041,,,,,,,,,,,,,,,
https://live.staticflickr.com/7903/46390022594_3d6689a055_b.jpg,https://www.flickr.com/photos/102086516@N07/46390022594,59.935302,30.325158,,,,,,,,,,,,,,,
https://live.staticflickr.com/7886/47052768832_088afea165_b.jpg,https://www.flickr.com/photos/102086516@N07/47052768832,59.932519,30.336544,,,,,,,,,,,,,,,
https://live.staticflickr.com/7885/47052766452_c1ca9cac6d_b.jpg,https://www.flickr.com/photos/102086516@N07/47052766452,59.932288,30.335997,,,,,,,,,,,,,,,
https://live.staticflickr.com/7898/47032175952_b8df382869_b.jpg,https://www.flickr.com/photos/102086516@N07/47032175952,59.930727,30.335816,,,,,,,,,,,,,,,
https://live.staticflickr.com/7848/47011439672_0e9f76983e_b.jpg,https://www.flickr.com/photos/102086516@N07/47011439672,59.928505,30.336327,,,,,,,,,,,,,,,
https://live.staticflickr.com/4860/46305261454_70f372901e_b.jpg,https://www.flickr.com/photos/102086516@N07/46305261454,59.933216,30.343938,,,,,,,,,,,,,,,
https://live.staticflickr.com/4832/46115621295_2c62407182_b.jpg,https://www.flickr.com/photos/102086516@N07/46115621295,59.933455,30.342936,,,,,,,,,,,,,,,
https://live.staticflickr.com/7846/46997091901_a65bdc78ff_b.jpg,https://www.flickr.com/photos/102086516@N07/46997091901,59.934769,30.332116,,,,,,,,,,,,,,,
https://live.staticflickr.com/7816/46070810555_02e0e655d5_b.jpg,https://www.flickr.com/photos/102086516@N07/46070810555,59.93343,30.34183,,,,,,,,,,,,,,,
https://live.staticflickr.com/4913/46248141064_6cf7231ce7_b.jpg,https://www.flickr.com/photos/102086516@N07/46248141064,59.935216,30.326852,,,,,,,,,,,,,,,
https://live.staticflickr.com/7802/46046979305_a1ca3bb678_b.jpg,https://www.flickr.com/photos/102086516@N07/46046979305,59.935827,30.323936,,,,,,,,,,,,,,,
https://live.staticflickr.com/4846/46046965395_9f2def38fb_b.jpg,https://www.flickr.com/photos/102086516@N07/46046965395,59.935775,30.322786,,,,,,,,,,,,,,,
https://live.staticflickr.com/7916/46888630032_ca887db294_b.jpg,https://www.flickr.com/photos/102086516@N07/46888630032,59.936288,30.319391,,,,,,,,,,,,,,,
https://live.staticflickr.com/4883/39943228973_31957515f2_b.jpg,https://www.flickr.com/photos/102086516@N07/39943228973,59.935594,30.325233,,,,,,,,,,,,,,,
https://live.staticflickr.com/7904/39931324803_f6c91a8086_b.jpg,https://www.flickr.com/photos/102086516@N07/39931324803,59.93728,30.3271,,,,,,,,,,,,,,,
https://live.staticflickr.com/7924/46170784544_3324ecb236_b.jpg,https://www.flickr.com/photos/102086516@N07/46170784544,59.9355,30.326669,,,,,,,,,,,,,,,
https://live.staticflickr.com/4909/45981028745_0033136268_b.jpg,https://www.flickr.com/photos/102086516@N07/45981028745,59.936572,30.332688,,,,,,,,,,,,,,,
https://live.staticflickr.com/7850/45981027635_a261c5000c_b.jpg,https://www.flickr.com/photos/102086516@N07/45981027635,59.93685,30.329866,,,,,,,,,,,,,,,
https://live.staticflickr.com/7902/46886359141_19c1055da5_b.jpg,https://www.flickr.com/photos/102086516@N07/46886359141,59.934155,30.337688,,,,,,,,,,,,,,,
https://live.staticflickr.com/7892/45970212415_a3024f6502_b.jpg,https://www.flickr.com/photos/102086516@N07/45970212415,59.933708,30.341138,,,,,,,,,,,,,,,
https://live.staticflickr.com/4851/46159927344_e7f9097d97_b.jpg,https://www.flickr.com/photos/102086516@N07/46159927344,59.930922,30.339994,,,,,,,,,,,,,,,
https://live.staticflickr.com/7886/46148637364_bb93479723_b.jpg,https://www.flickr.com/photos/102086516@N07/46148637364,59.935094,30.32598,,,,,,,,,,,,,,,
https://live.staticflickr.com/4903/32998079108_82ccef926e_b.jpg,https://www.flickr.com/photos/102086516@N07/32998079108,59.934816,30.325183,,,,,,,,,,,,,,,
https://live.staticflickr.com/7892/46863011401_86d6e298bb_b.jpg,https://www.flickr.com/photos/102086516@N07/46863011401,59.934361,30.326316,,,,,,,,,,,,,,,
https://live.staticflickr.com/4895/46138094144_d1084cfb57_b.jpg,https://www.flickr.com/photos/102086516@N07/46138094144,59.934188,30.32623,,,,,,,,,,,,,,,
https://live.staticflickr.com/1860/43411713374_2226249df0_b.jpg,https://www.flickr.com/photos/92193006@N06/43411713374,59.941041,30.398033,,,,,,,,,,,,,,,
https://live.staticflickr.com/1886/43411712454_756ae4f2d0_b.jpg,https://www.flickr.com/photos/92193006@N06/43411712454,59.94118,30.397925,,,,,,,,,,,,,,,
https://live.staticflickr.com/4721/40412268542_0f4c547ec6_b.jpg,https://www.flickr.com/photos/149732725@N08/40412268542,59.9209,30.299091,,,,,,,,,,,,,,,
https://live.staticflickr.com/5568/30948523656_539e2bb224_b.jpg,https://www.flickr.com/photos/108510835@N06/30948523656,59.95819,30.339474,,,,,,,,,,,,,,,
https://live.staticflickr.com/65535/54849432929_16a14a538d_b.jpg,https://www.flickr.com/photos/199911386@N02/54849432929,59.940492,30.310249,,,,,,,,,,,,,,,
https://live.staticflickr.com/65535/54845513696_8681ef01b0_b.jpg,https://www.flickr.com/photos/199911386@N02/54845513696,59.945151,30.324615,,,,,,,,,,,,,,,
https://live.staticflickr.com/65535/54737227398_22db2cd03f_b.jpg,https://www.flickr.com/photos/199911386@N02/54737227398,59.928065,30.268653,,,,,,,,,,,,,,,
https://live.staticflickr.com/65535/54733101523_423156101d_b.jpg,https://www.flickr.com/photos/199911386@N02/54733101523,59.940981,30.311504,,,,,,,,,,,,,,,
https://live.staticflickr.com/65535/54564982761_d1f6a265b7_b.jpg,https://www.flickr.com/photos/199911386@N02/54564982761,59.966208,30.312598,,,,,,,,,,,,,,,
https://live.staticflickr.com/65535/54533024631_d9de2bf0d5_b.jpg,https://www.flickr.com/photos/199911386@N02/54533024631,59.937203,30.285723,,,,,,,,,,,,,,,
https://live.staticflickr.com/65535/54309019843_cd5c267a0c_b.jpg,https://www.flickr.com/photos/133200397@N03/54309019843,62.067469,35.222911,,,,,,,,,,,,,,,
https://live.staticflickr.com/65535/54294550630_245f97836a_b.jpg,https://www.flickr.com/photos/105849326@N08/54294550630,59.938068,30.325784,,,,,,,,,,,,,,,
https://live.staticflickr.com/65535/54292227643_f1ba6d846c_b.jpg,https://www.flickr.com/photos/88279720@N06/54292227643,59.923908,30.384869,,,,,,,,,,,,,,,
https://live.staticflickr.com/65535/54270020920_f8d1698aa0_b.jpg,https://www.flickr.com/photos/88279720@N06/54270020920,59.935691,30.325019,,,,,,,,,,,,,,,
https://live.staticflickr.com/65535/54249708917_10b693713b_b.jpg,https://www.flickr.com/photos/198401652@N02/54249708917,59.909373,30.296365,,,,,,,,,,,,,,,
https://live.staticflickr.com/65535/54208409293_bf5974cb1e_b.jpg,https://www.flickr.com/photos/138076813@N02/54208409293,59.939061,30.324087,,,,,,,,,,,,,,,
https://live.staticflickr.com/65535/54100050936_6c99864534_b.jpg,https://www.flickr.com/photos/88279720@N06/54100050936,59.934075,30.334441,,,,,,,,,,,,,,,
https://live.staticflickr.com/65535/54092140636_4c6f2ea564_b.jpg,https://www.flickr.com/photos/198401652@N02/54092140636,59.922624,30.245511,,,,,,,,,,,,,,,
https://live.staticflickr.com/65535/54090272428_21bf61045a_b.jpg,https://www.flickr.com/photos/198401652@N02/54090272428,59.923716,30.240941,,,,,,,,,,,,,,,
https://live.staticflickr.com/65535/54075680519_89c480645b_b.jpg,https://www.flickr.com/photos/199911386@N02/54075680519,59.938144,30.341631,,,,,,,,,,,,,,,
https://live.staticflickr.com/65535/54031861641_d67ea387dd_b.jpg,https://www.flickr.com/photos/199911386@N02/54031861641,59.920661,30.301848,,,,,,,,,,,,,,,
https://live.staticflickr.com/65535/54016573060_281bf0d9a9_b.jpg,https://www.flickr.com/photos/199911386@N02/54016573060,59.925592,30.315055,,,,,,,,,,,,,,,
https://live.staticflickr.com/65535/54010336527_40f5822fd0_b.jpg,https://www.flickr.com/photos/199911386@N02/54010336527,59.938068,30.339581,,,,,,,,,,,,,,,
https://live.staticflickr.com/65535/53916276575_612f4ca650_b.jpg,https://www.flickr.com/photos/199911386@N02/53916276575,59.957937,30.339109,,,,,,,,,,,,,,,
https://live.staticflickr.com/65535/53871543544_88bded9c27_b.jpg,https://www.flickr.com/photos/199911386@N02/53871543544,59.961992,30.312834,,,,,,,,,,,,,,,
https://live.staticflickr.com/65535/53826347837_c47df80a02_b.jpg,https://www.flickr.com/photos/88279720@N06/53826347837,59.931463,30.355605,,,,,,,,,,,,,,,
https://live.staticflickr.com/65535/53813021312_5d2bda9393_b.jpg,https://www.flickr.com/photos/149732725@N08/53813021312,59.95062,30.207153,,,,,,,,,,,,,,,
https://live.staticflickr.com/65535/53803993883_cc8240b9eb_b.jpg,https://www.flickr.com/photos/199911386@N02/53803993883,59.95118,30.324733,,,,,,,,,,,,,,,
https://live.staticflickr.com/65535/53787434022_44dd9fd511_b.jpg,https://www.flickr.com/photos/199911386@N02/53787434022,59.926339,30.322877,,,,,,,,,,,,,,,
https://live.staticflickr.com/65535/53784103718_11546d9f9f_b.jpg,https://www.flickr.com/photos/199911386@N02/53784103718,59.956358,30.336416,,,,,,,,,,,,,,,
https://live.staticflickr.com/65535/53762397719_9170a2a3fb_b.jpg,https://www.flickr.com/photos/200783529@N03/53762397719,59.939527,30.416936,,,,,,,,,,,,,,,
https://live.staticflickr.com/65535/53762062136_70128f68c3_b.jpg,https://www.flickr.com/photos/200783529@N03/53762062136,59.928438,30.410033,,,,,,,,,,,,,,,
https://live.staticflickr.com/65535/53762061921_3383b4a130_b.jpg,https://www.flickr.com/photos/200783529@N03/53762061921,59.908436,30.448502,,,,,,,,,,,,,,,
https://live.staticflickr.com/65535/53762266333_7fa2db3b7f_b.jpg,https://www.flickr.com/photos/200783529@N03/53762266333,59.909683,30.448483,,,,,,,,,,,,,,,
https://live.staticflickr.com/65535/53754854708_3445eec6b0_b.jpg,https://www.flickr.com/photos/199911386@N02/53754854708,59.843073,30.321868,,,,,,,,,,,,,,,
https://live.staticflickr.com/65535/53753878374_d1ff996e9e_b.jpg,https://www.flickr.com/photos/199911386@N02/53753878374,59.843073,30.321868,,,,,,,,,,,,,,,
https://live.staticflickr.com/65535/53742079753_5e5a79d54d_b.jpg,https://www.flickr.com/photos/199911386@N02/53742079753,59.835058,30.331943,,,,,,,,,,,,,,,
https://live.staticflickr.com/65535/53735419738_b0876aa06e_b.jpg,https://www.flickr.com/photos/199911386@N02/53735419738,59.911734,30.307116,,,,,,,,,,,,,,,
https://live.staticflickr.com/65535/53730045861_dee1a8bbca_b.jpg,https://www.flickr.com/photos/88279720@N06/53730045861,59.930777,30.35488,,,,,,,,,,,,,,,
https://live.staticflickr.com/65535/53727493475_84ee7d646b_b.jpg,https://www.flickr.com/photos/199911386@N02/53727493475,59.948477,30.235308,,,,,,,,,,,,,,,
https://live.staticflickr.com/65535/53719530634_2518dce206_b.jpg,https://www.flickr.com/photos/199911386@N02/53719530634,59.953522,30.186824,,,,,,,,,,,,,,,
https://live.staticflickr.com/65535/53719530609_8551a27e12_b.jpg,https://www.flickr.com/photos/199911386@N02/53719530609,59.953237,30.188798,,,,,,,,,,,,,,,
https://live.staticflickr.com/2896/33858351402_d28a452c1f_b.jpg,https://www.flickr.com/photos/61971707@N03/33858351402,59.935095,30.328991,,,,,,,,,,,,,,,
https://live.staticflickr.com/3755/32751864983_d4ae012467_b.jpg,https://www.flickr.com/photos/108510835@N06/32751864983,59.939364,30.308382,,,,,,,,,,,,,,,
https://live.staticflickr.com/761/31893436445_a03f1a1ae1_b.jpg,https://www.flickr.com/photos/108510835@N06/31893436445,59.908415,30.318371,,,,,,,,,,,,,,,
https://live.staticflickr.com/5500/31663070381_6f9a183344_b.jpg,https://www.flickr.com/photos/108510835@N06/31663070381,59.908415,30.318371,,,,,,,,,,,,,,,
https://live.staticflickr.com/8413/29365973604_8617c9f24e_b.jpg,https://www.flickr.com/photos/25767209@N02/29365973604,59.933376,30.325119,,,,,,,,,,,,,,,
https://live.staticflickr.com/7317/27449124274_ebd6bb0144_b.jpg,https://www.flickr.com/photos/50800074@N06/27449124274,59.933387,30.343251,,,,,,,,,,,,,,,
https://live.staticflickr.com/7666/27931171932_8bef855b10_b.jpg,https://www.flickr.com/photos/50800074@N06/27931171932,59.934731,30.311,,,,,,,,,,,,,,,
https://live.staticflickr.com/7405/27461913300_76f666f41f_b.jpg,https://www.flickr.com/photos/84054295@N08/27461913300,59.989709,30.288137,,,,,,,,,,,,,,,
https://live.staticflickr.com/7717/27446799760_f264304c1a_b.jpg,https://www.flickr.com/photos/59705247@N03/27446799760,59.935383,30.307575,,,,,,,,,,,,,,,
https://live.staticflickr.com/7370/27724840815_383742c3f5_b.jpg,https://www.flickr.com/photos/59705247@N03/27724840815,59.944416,30.327136,,,,,,,,,,,,,,,
https://live.staticflickr.com/7612/27357191492_e598d489fa_b.jpg,https://www.flickr.com/photos/59705247@N03/27357191492,59.935144,30.297102,,,,,,,,,,,,,,,
https://live.staticflickr.com/7413/27357171522_21aaef3231_b.jpg,https://www.flickr.com/photos/59705247@N03/27357171522,59.935491,30.325083,,,,,,,,,,,,,,,
https://live.staticflickr.com/7539/26381733143_fed868416d_b.jpg,https://www.flickr.com/photos/59705247@N03/26381733143,59.942449,30.324713,,,,,,,,,,,,,,,
https://live.staticflickr.com/1481/26103998413_599f9b8929_b.jpg,https://www.flickr.com/photos/59705247@N03/26103998413,59.935202,30.29735,,,,,,,,,,,,,,,
https://live.staticflickr.com/1580/26673293686_cb248515cc_b.jpg,https://www.flickr.com/photos/59705247@N03/26673293686,59.942458,30.32465,,,,,,,,,,,,,,,
https://live.staticflickr.com/1503/26137917706_3eefeb23e0_b.jpg,https://www.flickr.com/photos/59705247@N03/26137917706,59.935119,30.297011,,,,,,,,,,,,,,,
https://live.staticflickr.com/1510/25259231284_03436f44d5_b.jpg,https://www.flickr.com/photos/127795981@N06/25259231284,60.02883,30.319691,,,,,,,,,,,,,,,
https://live.staticflickr.com/1599/25259228524_9774d94ec4_b.jpg,https://www.flickr.com/photos/127795981@N06/25259228524,60.023266,30.319927,,,,,,,,,,,,,,,
https://live.staticflickr.com/1634/25466936882_2e7b6b00bf_b.jpg,https://www.flickr.com/photos/106813624@N07/25466936882,59.936655,30.30158,,,,,,,,,,,,,,,
https://live.staticflickr.com/1457/25559412686_fb658e0a7c_b.jpg,https://www.flickr.com/photos/106813624@N07/25559412686,59.935558,30.303618,,,,,,,,,,,,,,,
https://live.staticflickr.com/1706/24958826933_c47dcc0210_b.jpg,https://www.flickr.com/photos/106813624@N07/24958826933,59.939966,30.311965,,,,,,,,,,,,,,,
https://live.staticflickr.com/1564/25559408686_e72804fc79_b.jpg,https://www.flickr.com/photos/106813624@N07/25559408686,59.939385,30.313918,,,,,,,,,,,,,,,
https://live.staticflickr.com/1457/25559407996_92fe7ff7af_b.jpg,https://www.flickr.com/photos/106813624@N07/25559407996,59.940901,30.329861,,,,,,,,,,,,,,,
https://live.staticflickr.com/1601/24955043384_1d5ee6c71c_b.jpg,https://www.flickr.com/photos/106813624@N07/24955043384,59.95559,30.337049,,,,,,,,,,,,,,,
https://live.staticflickr.com/1664/24958821703_06e60b753d_b.jpg,https://www.flickr.com/photos/106813624@N07/24958821703,59.926834,30.30143,,,,,,,,,,,,,,,
https://live.staticflickr.com/1662/25040671931_acf9c2ca7a_b.jpg,https://www.flickr.com/photos/127795981@N06/25040671931,59.997622,30.338016,,,,,,,,,,,,,,,
https://live.staticflickr.com/1705/24798113770_abbb5bbd77_b.jpg,https://www.flickr.com/photos/127795981@N06/24798113770,59.934302,30.343369,,,,,,,,,,,,,,,
https://live.staticflickr.com/1540/24307152229_24da90afd6_b.jpg,https://www.flickr.com/photos/127795981@N06/24307152229,59.934308,30.336225,,,,,,,,,,,,,,,
https://live.staticflickr.com/1560/24648624786_4a20b2a6c4_b.jpg,https://www.flickr.com/photos/127795981@N06/24648624786,59.933966,30.338488,,,,,,,,,,,,,,,
https://live.staticflickr.com/1667/24648623476_ca61104ddd_b.jpg,https://www.flickr.com/photos/127795981@N06/24648623476,59.933544,30.343005,,,,,,,,,,,,,,,
https://live.staticflickr.com/1467/24674844635_011f95de81_b.jpg,https://www.flickr.com/photos/127795981@N06/24674844635,59.931563,30.358025,,,,,,,,,,,,,,,
https://live.staticflickr.com/1557/24012920949_61d51faca4_b.jpg,https://www.flickr.com/photos/127795981@N06/24012920949,59.998675,30.329036,,,,,,,,,,,,,,,
https://live.staticflickr.com/1503/24214026712_7547a6de2f_b.jpg,https://www.flickr.com/photos/127795981@N06/24214026712,60.00278,30.327233,,,,,,,,,,,,,,,
https://live.staticflickr.com/1640/23552498803_fa1387a9de_b.jpg,https://www.flickr.com/photos/127795981@N06/23552498803,59.935719,30.324855,,,,,,,,,,,,,,,
https://live.staticflickr.com/1571/23552497833_04906475b4_b.jpg,https://www.flickr.com/photos/127795981@N06/23552497833,59.935586,30.32555,,,,,,,,,,,,,,,
https://live.staticflickr.com/768/21180328500_51ce0cc429_b.jpg,https://www.flickr.com/photos/80806509@N04/21180328500,59.93544,30.326321,,,,,,,,,,,,,,,
https://live.staticflickr.com/5825/21140229556_3ff5a9ed21_b.jpg,https://www.flickr.com/photos/59705247@N03/21140229556,59.933992,30.347827,,,,,,,,,,,,,,,
https://live.staticflickr.com/656/20445648444_b873ae43ee_b.jpg,https://www.flickr.com/photos/33696590@N06/20445648444,59.931661,30.340965,,,,,,,,,,,,,,,
https://live.staticflickr.com/320/18493883170_b060d0602c_b.jpg,https://www.flickr.com/photos/127795981@N06/18493883170,59.950106,30.317223,,,,,,,,,,,,,,,
https://live.staticflickr.com/8848/17208975184_4508c5b4a9_b.jpg,https://www.flickr.com/photos/26207979@N04/17208975184,59.941846,30.330119,,,,,,,,,,,,,,,
https://live.staticflickr.com/7775/17249152479_a743e814ff_b.jpg,https://www.flickr.com/photos/127795981@N06/17249152479,59.936074,30.320119,,,,,,,,,,,,,,,
https://live.staticflickr.com/7613/16479133874_afdbda6475_b.jpg,https://www.flickr.com/photos/32553078@N08/16479133874,59.935791,30.326152,,,,,,,,,,,,,,,
https://live.staticflickr.com/8609/16595441190_a673956115_b.jpg,https://www.flickr.com/photos/33696590@N06/16595441190,59.948391,30.327544,,,,,,,,,,,,,,,
https://live.staticflickr.com/65535/51986541103_79e2a4e6ea_b.jpg,https://www.flickr.com/photos/156445710@N05/51986541103,55.752855,37.573456,,,,,,,,,,,,,,,
https://live.staticflickr.com/65535/49509368568_81a814cc7f_b.jpg,https://www.flickr.com/photos/63526336@N08/49509368568,55.760205,37.626049,,,,,,,,,,,,,,,
https://live.staticflickr.com/65535/53119113300_6aa21d820d_b.jpg,https://www.flickr.com/photos/63770579@N02/53119113300,55.749286,37.619523,,,,,,,,,,,,,,,
https://live.staticflickr.com/65535/52723563418_262344bc88_b.jpg,https://www.flickr.com/photos/156445710@N05/52723563418,55.745672,37.613475,,,,,,,,,,,,,,,
https://live.staticflickr.com/65535/52693428754_08c28984a3_b.jpg,https://www.flickr.com/photos/156445710@N05/52693428754,55.766223,37.536227,,,,,,,,,,,,,,,
https://live.staticflickr.com/65535/52576189948_5711a45af0_b.jpg,https://www.flickr.com/photos/156445710@N05/52576189948,55.745321,37.569025,,,,,,,,,,,,,,,
https://live.staticflickr.com/65535/52574029070_78bacfdd89_b.jpg,https://www.flickr.com/photos/156445710@N05/52574029070,55.766223,37.536227,,,,,,,,,,,,,,,
https://live.staticflickr.com/65535/52550063837_c1f1736237_b.jpg,https://www.flickr.com/photos/156445710@N05/52550063837,55.746233,37.550668,,,,,,,,,,,,,,,
https://live.staticflickr.com/65535/52538008046_67eb21e3fe_b.jpg,https://www.flickr.com/photos/156445710@N05/52538008046,55.76586,37.536828,,,,,,,,,,,,,,,
https://live.staticflickr.com/65535/52253838415_48cdc63bfa_b.jpg,https://www.flickr.com/photos/156445710@N05/52253838415,55.755604,37.525659,,,,,,,,,,,,,,,
https://live.staticflickr.com/65535/52211396941_69830cbe4b_b.jpg,https://www.flickr.com/photos/156445710@N05/52211396941,55.76586,37.536828,,,,,,,,,,,,,,,
https://live.staticflickr.com/65535/52202679325_5ddc3bec4d_b.jpg,https://www.flickr.com/photos/156445710@N05/52202679325,55.766223,37.536227,,,,,,,,,,,,,,,
https://live.staticflickr.com/65535/52034603812_e3076f430b_b.jpg,https://www.flickr.com/photos/156445710@N05/52034603812,55.766223,37.536227,,,,,,,,,,,,,,,
https://live.staticflickr.com/65535/52032546072_30e9ee20ae_b.jpg,https://www.flickr.com/photos/156445710@N05/52032546072,55.766223,37.536227,,,,,,,,,,,,,,,
https://live.staticflickr.com/65535/51971025641_2da821555c_b.jpg,https://www.flickr.com/photos/156445710@N05/51971025641,55.745321,37.568006,,,,,,,,,,,,,,,
https://live.staticflickr.com/65535/51930367258_eb577eda7e_b.jpg,https://www.flickr.com/photos/156445710@N05/51930367258,55.739868,37.567877,,,,,,,,,,,,,,,
https://live.staticflickr.com/65535/51910263405_1edd3d9af9_b.jpg,https://www.flickr.com/photos/156445710@N05/51910263405,55.748431,37.573156,,,,,,,,,,,,,,,
https://live.staticflickr.com/65535/51826843613_58d3517391_b.jpg,https://www.flickr.com/photos/63526336@N08/51826843613,55.732302,37.654609,,,,,,,,,,,,,,,
https://live.staticflickr.com/65535/51049642063_cd02683fb2_b.jpg,https://www.flickr.com/photos/63526336@N08/51049642063,55.735234,37.807388,,,,,,,,,,,,,,,
https://live.staticflickr.com/65535/50707372102_ae75194ddb_b.jpg,https://www.flickr.com/photos/189719161@N04/50707372102,55.690999,37.563478,,,,,,,,,,,,,,,
https://live.staticflickr.com/65535/50149047252_d944d205ce_b.jpg,https://www.flickr.com/photos/65509607@N08/50149047252,55.765082,37.611511,,,,,,,,,,,,,,,
https://live.staticflickr.com/65535/50108819877_15d8d65da1_b.jpg,https://www.flickr.com/photos/156445710@N05/50108819877,55.766223,37.536227,,,,,,,,,,,,,,,
https://live.staticflickr.com/65535/50058397936_7d904feff2_b.jpg,https://www.flickr.com/photos/156445710@N05/50058397936,55.752855,37.573456,,,,,,,,,,,,,,,
https://live.staticflickr.com/65535/49728724131_6665003e98_b.jpg,https://www.flickr.com/photos/156445710@N05/49728724131,55.747423,37.547643,,,,,,,,,,,,,,,
https://live.staticflickr.com/65535/49543921018_3be7ecbc40_b.jpg,https://www.flickr.com/photos/150636614@N05/49543921018,55.759365,37.618925,,,,,,,,,,,,,,,
https://live.staticflickr.com/65535/49522997187_fa82372ed8_b.jpg,https://www.flickr.com/photos/63526336@N08/49522997187,55.759577,37.61959,,,,,,,,,,,,,,,
https://live.staticflickr.com/65535/49376533018_d8f67a1512_b.jpg,https://www.flickr.com/photos/63526336@N08/49376533018,55.737657,37.811036,,,,,,,,,,,,,,,
https://live.staticflickr.com/65535/49373002917_46df936c7a_b.jpg,https://www.flickr.com/photos/143593890@N07/49373002917,55.754453,37.622621,,,,,,,,,,,,,,,
https://live.staticflickr.com/65535/49368233057_d203e010de_b.jpg,https://www.flickr.com/photos/143593890@N07/49368233057,55.754747,37.62128,,,,,,,,,,,,,,,
https://live.staticflickr.com/65535/49333014558_414c9b396f_b.jpg,https://www.flickr.com/photos/63526336@N08/49333014558,55.753206,37.621478,,,,,,,,,,,,,,,
https://live.staticflickr.com/65535/49315447143_4717ff4831_b.jpg,https://www.flickr.com/photos/63526336@N08/49315447143,55.761714,37.619183,,,,,,,,,,,,,,,
https://live.staticflickr.com/65535/49172847452_801de96ff5_b.jpg,https://www.flickr.com/photos/132670954@N07/49172847452,55.750586,37.629847,,,,,,,,,,,,,,,
https://live.staticflickr.com/65535/49165457371_fb93e5b4ae_b.jpg,https://www.flickr.com/photos/28539365@N04/49165457371,55.751994,37.624302,,,,,,,,,,,,,,,
https://live.staticflickr.com/65535/48897239122_f1484ab50c_b.jpg,https://www.flickr.com/photos/156445710@N05/48897239122,55.752855,37.573456,,,,,,,,,,,,,,,
https://live.staticflickr.com/7823/47283096422_c08a0f87e0_b.jpg,https://www.flickr.com/photos/155919302@N07/47283096422,55.700267,37.525724,,,,,,,,,,,,,,,
https://live.staticflickr.com/7811/47239239312_58323fe3c2_b.jpg,https://www.flickr.com/photos/155919302@N07/47239239312,55.700267,37.525724,,,,,,,,,,,,,,,
https://live.staticflickr.com/4824/31932558218_33d0a42c08_b.jpg,https://www.flickr.com/photos/157013954@N08/31932558218,55.745436,37.574937,,,,,,,,,,,,,,,
https://live.staticflickr.com/1939/44588204325_90c7893e4c_b.jpg,https://www.flickr.com/photos/157013954@N08/44588204325,55.742048,37.568092,,,,,,,,,,,,,,,
https://live.staticflickr.com/1775/43381979314_bd11759657_b.jpg,https://www.flickr.com/photos/157013954@N08/43381979314,55.749035,37.625148,,,,,,,,,,,,,,,
https://live.staticflickr.com/1808/43218651401_2cbe25f1fc_b.jpg,https://www.flickr.com/photos/157013954@N08/43218651401,55.752567,37.627347,,,,,,,,,,,,,,,
https://live.staticflickr.com/1756/27915315407_4cd6415613_b.jpg,https://www.flickr.com/photos/157013954@N08/27915315407,55.753787,37.600032,,,,,,,,,,,,,,,
https://live.staticflickr.com/876/42784036041_5b9d79a1fb_b.jpg,https://www.flickr.com/photos/157013954@N08/42784036041,55.748202,37.635576,,,,,,,,,,,,,,,
https://live.staticflickr.com/1734/27889424057_539cd7968c_b.jpg,https://www.flickr.com/photos/157013954@N08/27889424057,55.743673,37.603293,,,,,,,,,,,,,,,
https://live.staticflickr.com/879/27889335797_12683bdc8e_b.jpg,https://www.flickr.com/photos/157013954@N08/27889335797,55.743667,37.603336,,,,,,,,,,,,,,,
https://live.staticflickr.com/1748/41857969685_25a1fd2586_b.jpg,https://www.flickr.com/photos/157013954@N08/41857969685,55.743685,37.603304,,,,,,,,,,,,,,,
https://live.staticflickr.com/1723/41618570495_00a157948c_b.jpg,https://www.flickr.com/photos/157013954@N08/41618570495,55.748214,37.613561,,,,,,,,,,,,,,,
https://live.staticflickr.com/4775/38901629750_903a30da73_b.jpg,https://www.flickr.com/photos/134785527@N04/38901629750,55.714347,37.586288,,,,,,,,,,,,,,,
https://live.staticflickr.com/4619/28358938619_80480cd6b0_b.jpg,https://www.flickr.com/photos/150636614@N05/28358938619,55.732245,37.504813,,,,,,,,,,,,,,,
https://live.staticflickr.com/4768/27912070299_0788af70da_b.jpg,https://www.flickr.com/photos/153023656@N07/27912070299,55.74723,37.605149,,,,,,,,,,,,,,,
https://live.staticflickr.com/4581/25129495068_6fb8f8c397_b.jpg,https://www.flickr.com/photos/38465352@N03/25129495068,55.75171,37.627497,,,,,,,,,,,,,,,
https://live.staticflickr.com/4540/24047201607_ec851c779b_b.jpg,https://www.flickr.com/photos/38465352@N03/24047201607,55.751432,37.627176,,,,,,,,,,,,,,,
https://live.staticflickr.com/4562/24914855608_d1ee9b5629_b.jpg,https://www.flickr.com/photos/102086516@N07/24914855608,55.755122,37.620813,,,,,,,,,,,,,,,
https://live.staticflickr.com/4544/24769087948_6d586c2943_b.jpg,https://www.flickr.com/photos/102086516@N07/24769087948,55.789969,37.748486,,,,,,,,,,,,,,,
https://live.staticflickr.com/4448/36908007953_1da4f53578_b.jpg,https://www.flickr.com/photos/65509607@N08/36908007953,55.75273,37.59279,,,,,,,,,,,,,,,
https://live.staticflickr.com/3668/32195173983_b13c541d76_b.jpg,https://www.flickr.com/photos/108510835@N06/32195173983,55.743322,37.608808,,,,,,,,,,,,,,,
https://live.staticflickr.com/1661/24129567102_3833397cf8_b.jpg,https://www.flickr.com/photos/126657300@N06/24129567102,55.749591,37.624086,,,,,,,,,,,,,,,
https://live.staticflickr.com/5768/23081474860_5e52b03c60_b.jpg,https://www.flickr.com/photos/22672393@N08/23081474860,55.7534,37.621405,,,,,,,,,,,,,,,
https://live.staticflickr.com/336/20197190348_5aeffececc_b.jpg,https://www.flickr.com/photos/125840100@N05/20197190348,55.703032,37.530755,,,,,,,,,,,,,,,
https://live.staticflickr.com/3715/12475516075_2c6c4f4ccb_b.jpg,https://www.flickr.com/photos/36595246@N02/12475516075,55.744658,37.614291,,,,,,,,,,,,,,,
https://live.staticflickr.com/3735/12037216056_f941e5f335_b.jpg,https://www.flickr.com/photos/27986778@N05/12037216056,55.745303,37.63976,,,,,,,,,,,,,,,
https://live.staticflickr.com/5512/12037210216_581d93f782_b.jpg,https://www.flickr.com/photos/27986778@N05/12037210216,55.746378,37.638205,,,,,,,,,,,,,,,
https://live.staticflickr.com/8344/8251407687_252df0e02c_b.jpg,https://www.flickr.com/photos/40220387@N08/8251407687,55.746463,37.536313,,,,,,,,,,,,,,,
https://live.staticflickr.com/8196/8098345432_172d869cf0_b.jpg,https://www.flickr.com/photos/14838182@N00/8098345432,55.789007,37.540379,,,,,,,,,,,,,,,
https://live.staticflickr.com/4036/5125478851_c389a81a6d_b.jpg,https://www.flickr.com/photos/28229148@N05/5125478851,55.608061,38.048894,,,,,,,,,,,,,,,
https://live.staticflickr.com/65535/54774645674_5ec29b76ed_b.jpg,https://www.flickr.com/photos/29298160@N00/54774645674,55.780428,37.57027,,,,,,,,,,,,,,,
https://live.staticflickr.com/65535/54702150349_ae6d0389a5_b.jpg,https://www.flickr.com/photos/29298160@N00/54702150349,55.763066,37.622573,,,,,,,,,,,,,,,
https://live.staticflickr.com/65535/54689636437_c9341f9091_b.jpg,https://www.flickr.com/photos/24415554@N04/54689636437,55.854805,37.664352,,,,,,,,,,,,,,,
https://live.staticflickr.com/65535/53063359672_158e994b1c_b.jpg,https://www.flickr.com/photos/29298160@N00/53063359672,55.788343,37.621371,,,,,,,,,,,,,,,
https://live.staticflickr.com/65535/53052764956_0164961e66_b.jpg,https://www.flickr.com/photos/77650784@N04/53052764956,55.824102,37.612875,,,,,,,,,,,,,,,
,,55.767478,37.61543,,,,,,,,,,,,,,,
,,55.766017,37.629406,,,,,,,,,,,,,,,
,,55.766017,37.629406,,,,,,,,,,,,,,,
https://live.staticflickr.com/65535/52967319983_244737a5e0_b.jpg,https://www.flickr.com/photos/77650784@N04/52967319983,55.762925,37.639527,,,,,,,,,,,,,,,
,,55.818186,37.644288,,,,,,,,,,,,,,,
https://live.staticflickr.com/65535/52913646300_f2743d0121_b.jpg,https://www.flickr.com/photos/112811735@N04/52913646300,55.794212,37.751737,,,,,,,,,,,,,,,
,,55.831553,37.631692,,,,,,,,,,,,,,,
https://live.staticflickr.com/65535/52729572115_05f02b8944_b.jpg,https://www.flickr.com/photos/190173716@N05/52729572115,55.752187,37.617144,,,,,,,,,,,,,,,
https://live.staticflickr.com/65535/52727759366_d8943542b7_b.jpg,https://www.flickr.com/photos/190173716@N05/52727759366,55.752187,37.617144,,,,,,,,,,,,,,,
https://live.staticflickr.com/65535/52683858001_698629becb_b.jpg,https://www.flickr.com/photos/196334486@N04/52683858001,55.749802,37.60845,,,,,,,,,,,,,,,
https://live.staticflickr.com/65535/52614445042_1dab992f5c_b.jpg,https://www.flickr.com/photos/190173716@N05/52614445042,55.860302,37.313979,,,,,,,,,,,,,,,
https://live.staticflickr.com/65535/52563373037_41deacc4bd_b.jpg,https://www.flickr.com/photos/156445710@N05/52563373037,55.752749,37.583262,,,,,,,,,,,,,,,
https://live.staticflickr.com/65535/52554712723_acd5964ebd_b.jpg,https://www.flickr.com/photos/156445710@N05/52554712723,55.746233,37.550668,,,,,,,,,,,,,,,
https://live.staticflickr.com/65535/52526656674_58292bf526_b.jpg,https://www.flickr.com/photos/156445710@N05/52526656674,55.712637,37.5791,,,,,,,,,,,,,,,
,,55.657498,37.347143,,,,,,,,,,,,,,,
https://live.staticflickr.com/65535/51626276614_30766b2727_b.jpg,https://www.flickr.com/photos/141881298@N04/51626276614,56.8608,60.687963,,,,,,,,,,,,,,,
https://live.staticflickr.com/65535/54646164374_32abee0ca1_b.jpg,https://www.flickr.com/photos/144399674@N05/54646164374,55.035831,82.896126,,,,,,,,,,,,,,,
https://live.staticflickr.com/65535/52553282170_f1c4fbfef6_b.jpg,https://www.flickr.com/photos/45495368@N07/52553282170,56.828202,60.669229,,,,,,,,,,,,,,,
https://live.staticflickr.com/65535/51850080155_6364a5b02b_b.jpg,https://www.flickr.com/photos/153189513@N08/51850080155,55.004573,73.340789,,,,,,,,,,,,,,,
https://live.staticflickr.com/65535/51599638759_f326c6a880_b.jpg,https://www.flickr.com/photos/153189513@N08/51599638759,55.02253,82.933516,,,,,,,,,,,,,,,
https://live.staticflickr.com/65535/50534890223_09b22c641c_b.jpg,https://www.flickr.com/photos/153189513@N08/50534890223,55.031084,73.417983,,,,,,,,,,,,,,,
https://live.staticflickr.com/65535/50375303573_15d48e7661_b.jpg,https://www.flickr.com/photos/45495368@N07/50375303573,56.831613,60.627214,,,,,,,,,,,,,,,
https://live.staticflickr.com/65535/50340064401_902e18a173_b.jpg,https://www.flickr.com/photos/153189513@N08/50340064401,55.036698,73.42015,,,,,,,,,,,,,,,
https://live.staticflickr.com/65535/50150685046_05fec1ca08_b.jpg,https://www.flickr.com/photos/153189513@N08/50150685046,55.008289,73.395785,,,,,,,,,,,,,,,
https://live.staticflickr.com/65535/50141121152_64f5a10070_b.jpg,https://www.flickr.com/photos/153189513@N08/50141121152,55.001447,73.30681,,,,,,,,,,,,,,,
https://live.staticflickr.com/65535/50140865286_5aa8b6beea_b.jpg,https://www.flickr.com/photos/153189513@N08/50140865286,55.000776,73.303881,,,,,,,,,,,,,,,
https://live.staticflickr.com/65535/50104834911_b74ce4d0d1_b.jpg,https://www.flickr.com/photos/153189513@N08/50104834911,55.017345,73.301424,,,,,,,,,,,,,,,
https://live.staticflickr.com/65535/50104251113_f23123b62b_b.jpg,https://www.flickr.com/photos/153189513@N08/50104251113,55.019522,73.304611,,,,,,,,,,,,,,,
https://live.staticflickr.com/65535/50077381338_9ed1389177_b.jpg,https://www.flickr.com/photos/153189513@N08/50077381338,55.000235,73.36319,,,,,,,,,,,,,,,
https://live.staticflickr.com/65535/49146268808_0351048f95_b.jpg,https://www.flickr.com/photos/185536361@N03/49146268808,55.030943,82.917026,,,,,,,,,,,,,,,
https://live.staticflickr.com/65535/49010729118_6171fb1696_b.jpg,https://www.flickr.com/photos/128934579@N03/49010729118,56.494177,84.941997,,,,,,,,,,,,,,,
https://live.staticflickr.com/7832/33260910188_6f95e6d5a5_b.jpg,https://www.flickr.com/photos/160737202@N02/33260910188,56.844272,60.590747,,,,,,,,,,,,,,,
https://live.staticflickr.com/4867/44289752830_a7ac38d2d9_b.jpg,https://www.flickr.com/photos/45495368@N07/44289752830,56.787587,60.64349,,,,,,,,,,,,,,,
https://live.staticflickr.com/1892/42413178480_1a94eefcac_b.jpg,https://www.flickr.com/photos/62077150@N06/42413178480,56.857838,60.629566,,,,,,,,,,,,,,,
https://live.staticflickr.com/805/40330181934_da94e9b1ae_b.jpg,https://www.flickr.com/photos/161534165@N07/40330181934,56.964514,60.579836,,,,,,,,,,,,,,,
https://live.staticflickr.com/788/39230142870_e2772d226d_b.jpg,https://www.flickr.com/photos/161534165@N07/39230142870,56.964514,60.579836,,,,,,,,,,,,,,,
https://live.staticflickr.com/819/40330154094_7f53e8d05d_b.jpg,https://www.flickr.com/photos/161534165@N07/40330154094,56.964514,60.579836,,,,,,,,,,,,,,,
https://live.staticflickr.com/816/39230140580_deed2dae02_b.jpg,https://www.flickr.com/photos/161534165@N07/39230140580,56.964514,60.579836,,,,,,,,,,,,,,,
https://live.staticflickr.com/899/39230101780_d3e5442a36_b.jpg,https://www.flickr.com/photos/161534165@N07/39230101780,56.964514,60.579836,,,,,,,,,,,,,,,
https://live.staticflickr.com/807/26167957177_f867b53dde_b.jpg,https://www.flickr.com/photos/161534165@N07/26167957177,56.963707,60.581424,,,,,,,,,,,,,,,
https://live.staticflickr.com/874/39230090680_8f982b6636_b.jpg,https://www.flickr.com/photos/161534165@N07/39230090680,56.963707,60.581424,,,,,,,,,,,,,,,
https://live.staticflickr.com/868/26167952627_4393ca019c_b.jpg,https://www.flickr.com/photos/161534165@N07/26167952627,56.963707,60.581424,,,,,,,,,,,,,,,
https://live.staticflickr.com/888/40330106034_73ac699a9b_b.jpg,https://www.flickr.com/photos/161534165@N07/40330106034,56.963707,60.581424,,,,,,,,,,,,,,,
https://live.staticflickr.com/787/39230085290_d8a2705da2_b.jpg,https://www.flickr.com/photos/161534165@N07/39230085290,56.964514,60.579836,,,,,,,,,,,,,,,
https://live.staticflickr.com/822/39230083650_b3c47026e4_b.jpg,https://www.flickr.com/photos/161534165@N07/39230083650,56.964514,60.579836,,,,,,,,,,,,,,,
https://live.staticflickr.com/784/40330101504_55c4548935_b.jpg,https://www.flickr.com/photos/161534165@N07/40330101504,56.964514,60.579836,,,,,,,,,,,,,,,
https://live.staticflickr.com/882/40330099384_d5007ac429_b.jpg,https://www.flickr.com/photos/161534165@N07/40330099384,56.964514,60.579836,,,,,,,,,,,,,,,
https://live.staticflickr.com/813/40330098704_f48bb7be20_b.jpg,https://www.flickr.com/photos/161534165@N07/40330098704,56.964514,60.579836,,,,,,,,,,,,,,,
https://live.staticflickr.com/795/40330097434_37ac0ff365_b.jpg,https://www.flickr.com/photos/161534165@N07/40330097434,56.964514,60.579836,,,,,,,,,,,,,,,
https://live.staticflickr.com/65535/50967824043_9cf08615c7_b.jpg,https://www.flickr.com/photos/96294203@N03/50967824043,55.02303,82.919452,,,,,,,,,,,,,,,
https://live.staticflickr.com/65535/50920451658_e758d87281_b.jpg,https://www.flickr.com/photos/96294203@N03/50920451658,55.029961,82.92113,,,,,,,,,,,,,,,
https://live.staticflickr.com/65535/50877659278_4326e4201c_b.jpg,https://www.flickr.com/photos/96294203@N03/50877659278,55.03028,82.921516,,,,,,,,,,,,,,,
https://live.staticflickr.com/65535/50767885146_0e58384435_b.jpg,https://www.flickr.com/photos/103767558@N08/50767885146,56.835357,60.613878,,,,,,,,,,,,,,,
https://live.staticflickr.com/65535/50504297211_db52a97486_b.jpg,https://www.flickr.com/photos/96294203@N03/50504297211,55.056149,82.913,,,,,,,,,,,,,,,
https://live.staticflickr.com/65535/49953469113_2ff8fdd1fa_b.jpg,https://www.flickr.com/photos/167851365@N07/49953469113,56.839278,60.616528,,,,,,,,,,,,,,,
https://live.staticflickr.com/65535/49953469028_97d2aba37e_b.jpg,https://www.flickr.com/photos/167851365@N07/49953469028,56.838198,60.604898,,,,,,,,,,,,,,,
https://live.staticflickr.com/65535/49954216052_08a3d0f00d_b.jpg,https://www.flickr.com/photos/167851365@N07/49954216052,56.840499,60.616014,,,,,,,,,,,,,,,
https://live.staticflickr.com/65535/49954215907_88726be1cb_b.jpg,https://www.flickr.com/photos/167851365@N07/49954215907,56.840522,60.616099,,,,,,,,,,,,,,,
https://live.staticflickr.com/65535/49670227482_06d7430869_b.jpg,https://www.flickr.com/photos/137057158@N02/49670227482,55.020451,82.930566,,,,,,,,,,,,,,,
https://live.staticflickr.com/65535/49669354291_e42f14325c_b.jpg,https://www.flickr.com/photos/137057158@N02/49669354291,55.020451,82.930566,,,,,,,,,,,,,,,
https://live.staticflickr.com/65535/49550811381_bf95bfc1fc_b.jpg,https://www.flickr.com/photos/96294203@N03/49550811381,55.030208,82.9218,,,,,,,,,,,,,,,
https://live.staticflickr.com/65535/49533999643_41c2578fac_b.jpg,https://www.flickr.com/photos/96294203@N03/49533999643,55.025277,82.911855,,,,,,,,,,,,,,,
https://live.staticflickr.com/65535/49532798501_bfe112c1ac_b.jpg,https://www.flickr.com/photos/96294203@N03/49532798501,55.029175,82.909072,,,,,,,,,,,,,,,
https://live.staticflickr.com/65535/49523593698_a0844e3b9f_b.jpg,https://www.flickr.com/photos/96294203@N03/49523593698,55.027613,82.920297,,,,,,,,,,,,,,,
https://live.staticflickr.com/65535/49176126602_3f2f59e44d_b.jpg,https://www.flickr.com/photos/96294203@N03/49176126602,55.028619,82.91843,,,,,,,,,,,,,,,
https://live.staticflickr.com/65535/49171976077_a62ba203d9_b.jpg,https://www.flickr.com/photos/96294203@N03/49171976077,55.029222,82.917908,,,,,,,,,,,,,,,
https://live.staticflickr.com/65535/49071509068_e34debe54a_b.jpg,https://www.flickr.com/photos/96294203@N03/49071509068,55.03668,82.925288,,,,,,,,,,,,,,,
https://live.staticflickr.com/65535/48990881808_6cc4f84a0c_b.jpg,https://www.flickr.com/photos/96294203@N03/48990881808,55.030125,82.921925,,,,,,,,,,,,,,,
https://live.staticflickr.com/65535/48951289541_34fe479773_b.jpg,https://www.flickr.com/photos/96294203@N03/48951289541,55.030094,82.921619,,,,,,,,,,,,,,,
https://live.staticflickr.com/65535/48357758106_1e6d01a0b7_b.jpg,https://www.flickr.com/photos/137057158@N02/48357758106,55.023102,82.931263,,,,,,,,,,,,,,,
https://live.staticflickr.com/65535/48357696556_605bca49fb_b.jpg,https://www.flickr.com/photos/137057158@N02/48357696556,55.021564,82.933688,,,,,,,,,,,,,,,
https://live.staticflickr.com/65535/48233682777_660b2e3913_b.jpg,https://www.flickr.com/photos/137057158@N02/48233682777,55.023053,82.930855,,,,,,,,,,,,,,,
https://live.staticflickr.com/65535/48178467141_ff7bef4e5e_b.jpg,https://www.flickr.com/photos/137057158@N02/48178467141,55.018476,82.940329,,,,,,,,,,,,,,,
https://live.staticflickr.com/65535/48178245261_d4e187058c_b.jpg,https://www.flickr.com/photos/137057158@N02/48178245261,55.023526,82.93004,,,,,,,,,,,,,,,
https://live.staticflickr.com/65535/48172433462_4469c0e691_b.jpg,https://www.flickr.com/photos/137057158@N02/48172433462,55.018987,82.939052,,,,,,,,,,,,,,,
https://live.staticflickr.com/65535/48172267297_2341a96c5a_b.jpg,https://www.flickr.com/photos/137057158@N02/48172267297,55.0232,82.930716,,,,,,,,,,,,,,,
https://live.staticflickr.com/65535/48171945007_0ecd5ec2c8_b.jpg,https://www.flickr.com/photos/137057158@N02/48171945007,55.021367,82.933698,,,,,,,,,,,,,,,
https://live.staticflickr.com/7852/33621949468_bb121467a9_b.jpg,https://www.flickr.com/photos/138290857@N06/33621949468,56.832998,60.609426,,,,,,,,,,,,,,,
https://live.staticflickr.com/4912/44685343860_178f4f445d_b.jpg,https://www.flickr.com/photos/137057158@N02/44685343860,55.020857,82.943923,,,,,,,,,,,,,,,
https://live.staticflickr.com/4898/45909897032_58bc638b3d_b.jpg,https://www.flickr.com/photos/137057158@N02/45909897032,56.480079,84.949539,,,,,,,,,,,,,,,
https://live.staticflickr.com/4812/31011974967_88d7d6bf61_b.jpg,https://www.flickr.com/photos/137057158@N02/31011974967,56.477715,84.949861,,,,,,,,,,,,,,,
https://live.staticflickr.com/1845/29496956697_fcfb895d09_b.jpg,https://www.flickr.com/photos/95446690@N02/29496956697,58.197488,68.253505,,,,,,,,,,,,,,,
https://live.staticflickr.com/4602/25291032547_edde0abbb1_b.jpg,https://www.flickr.com/photos/128934579@N03/25291032547,56.488525,84.944217,,,,,,,,,,,,,,,
https://live.staticflickr.com/7684/26862253445_574c5949d1_b.jpg,https://www.flickr.com/photos/128934579@N03/26862253445,56.476372,84.961372,,,,,,,,,,,,,,,
https://live.staticflickr.com/1526/26090692570_0b924955da_b.jpg,https://www.flickr.com/photos/128934579@N03/26090692570,56.501284,84.987293,,,,,,,,,,,,,,,
https://live.staticflickr.com/1652/25303004716_01e1461d26_b.jpg,https://www.flickr.com/photos/128934579@N03/25303004716,56.469953,84.952532,,,,,,,,,,,,,,,
https://live.staticflickr.com/1443/24620978793_0951fd4e2c_b.jpg,https://www.flickr.com/photos/128934579@N03/24620978793,56.493823,84.943874,,,,,,,,,,,,,,,
https://live.staticflickr.com/653/23171654256_6c48331da8_b.jpg,https://www.flickr.com/photos/128934579@N03/23171654256,56.496777,84.962636,,,,,,,,,,,,,,,
https://live.staticflickr.com/2945/15269076858_431f4372e4_b.jpg,https://www.flickr.com/photos/67116887@N08/15269076858,55.060488,82.906922,,,,,,,,,,,,,,,
https://live.staticflickr.com/8531/8534596662_fe5bae242a_b.jpg,https://www.flickr.com/photos/92503186@N07/8534596662,55.146372,61.390786,,,,,,,,,,,,,,,
https://live.staticflickr.com/7172/6491114167_3e1bfa116c_b.jpg,https://www.flickr.com/photos/67116887@N08/6491114167,55.063583,82.910805,,,,,,,,,,,,,,,
https://live.staticflickr.com/7020/6409443383_8605465220_b.jpg,https://www.flickr.com/photos/67116887@N08/6409443383,55.052333,82.914027,,,,,,,,,,,,,,,
https://live.staticflickr.com/65535/53933053176_0f33b063b2_b.jpg,https://www.flickr.com/photos/96294203@N03/53933053176,55.028811,82.920258,,,,,,,,,,,,,,,
https://live.staticflickr.com/65535/53489871728_f765b89b16_b.jpg,https://www.flickr.com/photos/96294203@N03/53489871728,55.002594,82.941597,,,,,,,,,,,,,,,
https://live.staticflickr.com/65535/53472758619_e8dd01165f_b.jpg,https://www.flickr.com/photos/8147782@N05/53472758619,55.027231,82.910996,,,,,,,,,,,,,,,
https://live.staticflickr.com/65535/53100931692_544b8d4f17_b.jpg,https://www.flickr.com/photos/183741465@N04/53100931692,55.014866,82.92945,,,,,,,,,,,,,,,
https://live.staticflickr.com/65535/52521416902_a0e7a1548a_b.jpg,https://www.flickr.com/photos/92503186@N07/52521416902,55.159618,61.400096,,,,,,,,,,,,,,,
https://live.staticflickr.com/65535/52521883466_aaf6831847_b.jpg,https://www.flickr.com/photos/92503186@N07/52521883466,55.162217,61.378102,,,,,,,,,,,,,,,
https://live.staticflickr.com/65535/52516447665_f0518f1d9d_b.jpg,https://www.flickr.com/photos/92503186@N07/52516447665,55.151662,61.388391,,,,,,,,,,,,,,,
https://live.staticflickr.com/65535/51876962696_fa6eb70097_b.jpg,https://www.flickr.com/photos/183298774@N08/51876962696,55.028658,82.927802,,,,,,,,,,,,,,,
https://live.staticflickr.com/65535/51877037178_1a13225437_b.jpg,https://www.flickr.com/photos/183298774@N08/51877037178,55.029152,82.919497,,,,,,,,,,,,,,,
https://live.staticflickr.com/65535/51875996407_435776a585_b.jpg,https://www.flickr.com/photos/183298774@N08/51875996407,55.029261,82.921016,,,,,,,,,,,,,,,
https://live.staticflickr.com/65535/51877602135_209c97e22b_b.jpg,https://www.flickr.com/photos/183298774@N08/51877602135,55.029361,82.920936,,,,,,,,,,,,,,,
https://live.staticflickr.com/65535/51876961711_48c8a23fae_b.jpg,https://www.flickr.com/photos/183298774@N08/51876961711,55.023822,82.918138,,,,,,,,,,,,,,,
https://live.staticflickr.com/65535/51877276649_df84fa2920_b.jpg,https://www.flickr.com/photos/183298774@N08/51877276649,55.022147,82.922958,,,,,,,,,,,,,,,
https://live.staticflickr.com/65535/51877035753_b974cf7db5_b.jpg,https://www.flickr.com/photos/183298774@N08/51877035753,55.019036,82.921516,,,,,,,,,,,,,,,
https://live.staticflickr.com/65535/51877276384_a9306759a7_b.jpg,https://www.flickr.com/photos/183298774@N08/51877276384,55.018802,82.920041,,,,,,,,,,,,,,,
https://live.staticflickr.com/65535/51877275749_be138a6dea_b.jpg,https://www.flickr.com/photos/183298774@N08/51877275749,55.017577,82.921766,,,,,,,,,,,,,,,
https://live.staticflickr.com/65535/51877034948_171384ddae_b.jpg,https://www.flickr.com/photos/183298774@N08/51877034948,55.018641,82.928261,,,,,,,,,,,,,,,
https://live.staticflickr.com/65535/51876959506_10826fbd37_b.jpg,https://www.flickr.com/photos/183298774@N08/51876959506,55.013502,82.923972,,,,,,,,,,,,,,,
https://live.staticflickr.com/65535/51877598990_a600fb7f15_b.jpg,https://www.flickr.com/photos/183298774@N08/51877598990,55.012205,82.922552,,,,,,,,,,,,,,,
https://live.staticflickr.com/65535/51877273774_8ee1f6c299_b.jpg,https://www.flickr.com/photos/183298774@N08/51877273774,55.010791,82.924936,,,,,,,,,,,,,,,
https://live.staticflickr.com/65535/51877273564_407ab025a2_b.jpg,https://www.flickr.com/photos/183298774@N08/51877273564,55.009966,82.927358,,,,,,,,,,,,,,,
https://live.staticflickr.com/65535/51877273484_9ebc4da93b_b.jpg,https://www.flickr.com/photos/183298774@N08/51877273484,55.009077,82.929652,,,,,,,,,,,,,,,
https://live.staticflickr.com/65535/51877273354_03384fc909_b.jpg,https://www.flickr.com/photos/183298774@N08/51877273354,55.008972,82.930086,,,,,,,,,,,,,,,
https://live.staticflickr.com/65535/51875991747_ee88f08d25_b.jpg,https://www.flickr.com/photos/183298774@N08/51875991747,55.007547,82.933661,,,,,,,,,,,,,,,
https://live.staticflickr.com/65535/51877272969_3051481b49_b.jpg,https://www.flickr.com/photos/183298774@N08/51877272969,55.007133,82.934419,,,,,,,,,,,,,,,
https://live.staticflickr.com/65535/51876957491_6b2c21f27b_b.jpg,https://www.flickr.com/photos/183298774@N08/51876957491,55.00718,82.936866,,,,,,,,,,,,,,,
https://live.staticflickr.com/65535/51876957436_7786167e88_b.jpg,https://www.flickr.com/photos/183298774@N08/51876957436,55.007005,82.937738,,,,,,,,,,,,,,,
https://live.staticflickr.com/65535/51876957081_a9eab23640_b.jpg,https://www.flickr.com/photos/183298774@N08/51876957081,55.00728,82.937711,,,,,,,,,,,,,,,
https://live.staticflickr.com/65535/51877596530_66b36ce94d_b.jpg,https://www.flickr.com/photos/183298774@N08/51877596530,55.008205,82.939583,,,,,,,,,,,,,,,
https://live.staticflickr.com/65535/51876956331_51515b7381_b.jpg,https://www.flickr.com/photos/183298774@N08/51876956331,55.010316,82.938922,,,,,,,,,,,,,,,
https://live.staticflickr.com/65535/51877030523_61fc8248f0_b.jpg,https://www.flickr.com/photos/183298774@N08/51877030523,55.009827,82.93823,,,,,,,,,,,,,,,
https://live.staticflickr.com/65535/51877271019_7f51e08f70_b.jpg,https://www.flickr.com/photos/183298774@N08/51877271019,55.009844,82.938263,,,,,,,,,,,,,,,
https://live.staticflickr.com/65535/51877578535_99d73eb7ec_b.jpg,https://www.flickr.com/photos/183298774@N08/51877578535,55.010563,82.939419,,,,,,,,,,,,,,,
https://live.staticflickr.com/65535/51876938571_367d59e381_b.jpg,https://www.flickr.com/photos/183298774@N08/51876938571,55.010358,82.939094,,,,,,,,,,,,,,,
https://live.staticflickr.com/65535/51876936921_6cc65610ef_b.jpg,https://www.flickr.com/photos/183298774@N08/51876936921,55.014733,82.948077,,,,,,,,,,,,,,,
https://live.staticflickr.com/65535/51877576775_f0617a9aba_b.jpg,https://www.flickr.com/photos/183298774@N08/51877576775,55.01465,82.948911,,,,,,,,,,,,,,,
https://live.staticflickr.com/65535/51875969267_9fbabe118f_b.jpg,https://www.flickr.com/photos/183298774@N08/51875969267,55.029666,82.916458,,,,,,,,,,,,,,,
https://live.staticflickr.com/65535/51876929886_eb5c42cb3b_b.jpg,https://www.flickr.com/photos/183298774@N08/51876929886,55.081172,82.904327,,,,,,,,,,,,,,,
https://live.staticflickr.com/65535/51877004173_87b6f5ac23_b.jpg,https://www.flickr.com/photos/183298774@N08/51877004173,55.058405,82.911533,,,,,,,,,,,,,,,
https://live.staticflickr.com/65535/51877244774_224d2134b5_b.jpg,https://www.flickr.com/photos/183298774@N08/51877244774,55.058586,82.910861,,,,,,,,,,,,,,,
https://live.staticflickr.com/65535/51877238909_9c9c1bb3c4_b.jpg,https://www.flickr.com/photos/183298774@N08/51877238909,55.023383,82.917877,,,,,,,,,,,,,,,
https://live.staticflickr.com/65535/51877562530_61586192d1_b.jpg,https://www.flickr.com/photos/183298774@N08/51877562530,55.007763,82.667233,,,,,,,,,,,,,,,
https://live.staticflickr.com/65535/51876996738_148a405d84_b.jpg,https://www.flickr.com/photos/183298774@N08/51876996738,55.009047,82.668561,,,,,,,,,,,,,,,
https://live.staticflickr.com/65535/51793014750_c8e8cfe6cf_b.jpg,https://www.flickr.com/photos/45495368@N07/51793014750,56.797312,60.639059,,,,,,,,,,,,,,,
https://live.staticflickr.com/65535/51302160721_d120af3e6c_b.jpg,https://www.flickr.com/photos/192353351@N05/51302160721,56.837775,60.604291,,,,,,,,,,,,,,,
https://live.staticflickr.com/65535/51273467141_4c4008344d_b.jpg,https://www.flickr.com/photos/137057158@N02/51273467141,55.021564,82.933688,,,,,,,,,,,,,,,
https://live.staticflickr.com/65535/51104398942_1cf0e31a04_b.jpg,https://www.flickr.com/photos/192353351@N05/51104398942,56.8286,60.593797,,,,,,,,,,,,,,,
https://live.staticflickr.com/65535/51073512068_ef0a15bb2e_b.jpg,https://www.flickr.com/photos/192353351@N05/51073512068,56.842894,60.595047,,,,,,,,,,,,,,,
https://live.staticflickr.com/65535/51074195441_1ba18423d9_b.jpg,https://www.flickr.com/photos/192353351@N05/51074195441,56.843716,60.595111,,,,,,,,,,,,,,,
https://live.staticflickr.com/65535/50863394037_09f5d202f0_b.jpg,https://www.flickr.com/photos/45495368@N07/50863394037,56.831736,60.62729,,,,,,,,,,,,,,,
https://live.staticflickr.com/65535/50311243518_42594affa7_b.jpg,https://www.flickr.com/photos/153189513@N08/50311243518,55.007126,73.331111,,,,,,,,,,,,,,,
https://live.staticflickr.com/65535/50240257078_b5a8ba54d8_b.jpg,https://www.flickr.com/photos/138290857@N06/50240257078,57.157512,65.542062,,,,,,,,,,,,,,,
https://live.staticflickr.com/65535/50240254968_5e1307bd34_b.jpg,https://www.flickr.com/photos/138290857@N06/50240254968,57.157512,65.542062,,,,,,,,,,,,,,,
https://live.staticflickr.com/65535/50240254598_770893f89c_b.jpg,https://www.flickr.com/photos/138290857@N06/50240254598,55.006499,82.956444,,,,,,,,,,,,,,,
https://live.staticflickr.com/65535/50240896261_973680724a_b.jpg,https://www.flickr.com/photos/138290857@N06/50240896261,57.157512,65.542062,,,,,,,,,,,,,,,
https://live.staticflickr.com/65535/50240252168_99180c027f_b.jpg,https://www.flickr.com/photos/138290857@N06/50240252168,57.157512,65.542062,,,,,,,,,,,,,,,
https://live.staticflickr.com/65535/50240894376_38a3a88048_b.jpg,https://www.flickr.com/photos/138290857@N06/50240894376,57.157512,65.542062,,,,,,,,,,,,,,,
https://live.staticflickr.com/65535/50240251498_4dce5b03c0_b.jpg,https://www.flickr.com/photos/138290857@N06/50240251498,57.157512,65.542062,,,,,,,,,,,,,,,
https://live.staticflickr.com/65535/50241107432_155e5b0edf_b.jpg,https://www.flickr.com/photos/138290857@N06/50241107432,57.157512,65.542062,,,,,,,,,,,,,,,
https://live.staticflickr.com/65535/50240249258_6b22363d14_b.jpg,https://www.flickr.com/photos/138290857@N06/50240249258,55.006499,82.956444,,,,,,,,,,,,,,,
https://live.staticflickr.com/65535/50241106912_74ca51e71b_b.jpg,https://www.flickr.com/photos/138290857@N06/50241106912,57.157512,65.542062,,,,,,,,,,,,,,,
https://live.staticflickr.com/65535/50241104747_fed51c123c_b.jpg,https://www.flickr.com/photos/138290857@N06/50241104747,57.157512,65.542062,,,,,,,,,,,,,,,
https://live.staticflickr.com/65535/50240245668_d3a5882a1a_b.jpg,https://www.flickr.com/photos/138290857@N06/50240245668,55.006499,82.956444,,,,,,,,,,,,,,,
https://live.staticflickr.com/65535/50241098532_708cc44d4e_b.jpg,https://www.flickr.com/photos/138290857@N06/50241098532,57.157512,65.542062,,,,,,,,,,,,,,,
https://live.staticflickr.com/65535/50241096687_c0f95453c5_b.jpg,https://www.flickr.com/photos/138290857@N06/50241096687,55.006499,82.956444,,,,,,,,,,,,,,,
https://live.staticflickr.com/65535/50240879911_0555bd7295_b.jpg,https://www.flickr.com/photos/138290857@N06/50240879911,57.157512,65.542062,,,,,,,,,,,,,,,
https://live.staticflickr.com/65535/50240879131_b939c87d7b_b.jpg,https://www.flickr.com/photos/138290857@N06/50240879131,57.157512,65.542062,,,,,,,,,,,,,,,
https://live.staticflickr.com/65535/50241093887_2afd9cbb67_b.jpg,https://www.flickr.com/photos/138290857@N06/50241093887,57.157512,65.542062,,,,,,,,,,,,,,,
https://live.staticflickr.com/65535/50240877876_890a33f81e_b.jpg,https://www.flickr.com/photos/138290857@N06/50240877876,55.006499,82.956444,,,,,,,,,,,,,,,
https://live.staticflickr.com/65535/50240877626_63c80843c2_b.jpg,https://www.flickr.com/photos/138290857@N06/50240877626,57.157512,65.542062,,,,,,,,,,,,,,,
https://live.staticflickr.com/65535/50241090672_8831c67396_b.jpg,https://www.flickr.com/photos/138290857@N06/50241090672,57.157512,65.542062,,,,,,,,,,,,,,,
https://live.staticflickr.com/65535/50240230783_12abff1894_b.jpg,https://www.flickr.com/photos/138290857@N06/50240230783,57.157512,65.542062,,,,,,,,,,,,,,,
https://live.staticflickr.com/65535/50241088282_1c46abb42d_b.jpg,https://www.flickr.com/photos/138290857@N06/50241088282,57.157512,65.542062,,,,,,,,,,,,,,,
https://live.staticflickr.com/4892/46797549142_786bb1ff14_b.jpg,https://www.flickr.com/photos/140964467@N05/46797549142,56.479765,85.019513,,,,,,,,,,,,,,,
https://live.staticflickr.com/65535/54299099608_29f91fc007_b.jpg,https://www.flickr.com/photos/202193951@N02/54299099608,52.272838,104.28126,,,,,,,,,,,,,,,
https://live.staticflickr.com/65535/51842193661_6c8c519f60_b.jpg,https://www.flickr.com/photos/183298774@N08/51842193661,56.006077,92.829722,,,,,,,,,,,,,,,
https://live.staticflickr.com/65535/51841255942_e732a1d6a6_b.jpg,https://www.flickr.com/photos/183298774@N08/51841255942,56.004138,92.826697,,,,,,,,,,,,,,,
https://live.staticflickr.com/65535/51842930740_113bc9af83_b.jpg,https://www.flickr.com/photos/183298774@N08/51842930740,55.999225,92.952183,,,,,,,,,,,,,,,
https://live.staticflickr.com/65535/51842302778_db0af8c7dd_b.jpg,https://www.flickr.com/photos/183298774@N08/51842302778,55.994522,92.969247,,,,,,,,,,,,,,,
https://live.staticflickr.com/65535/51842555944_72e98f9d17_b.jpg,https://www.flickr.com/photos/183298774@N08/51842555944,55.99428,92.971177,,,,,,,,,,,,,,,
https://live.staticflickr.com/65535/51842301803_33bfef4648_b.jpg,https://www.flickr.com/photos/183298774@N08/51842301803,55.998491,93.025258,,,,,,,,,,,,,,,
https://live.staticflickr.com/65535/51842188031_65591b8c86_b.jpg,https://www.flickr.com/photos/183298774@N08/51842188031,56.018236,93.026686,,,,,,,,,,,,,,,
https://live.staticflickr.com/65535/51841250047_fef99b047f_b.jpg,https://www.flickr.com/photos/183298774@N08/51841250047,56.015344,93.030808,,,,,,,,,,,,,,,
https://live.staticflickr.com/65535/51842187291_de2a14cd95_b.jpg,https://www.flickr.com/photos/183298774@N08/51842187291,56.014547,93.0302,,,,,,,,,,,,,,,
https://live.staticflickr.com/65535/51842925220_e25cb31c64_b.jpg,https://www.flickr.com/photos/183298774@N08/51842925220,56.023861,93.022352,,,,,,,,,,,,,,,
https://live.staticflickr.com/65535/51842299258_bb8e34d492_b.jpg,https://www.flickr.com/photos/183298774@N08/51842299258,56.025019,93.021391,,,,,,,,,,,,,,,
https://live.staticflickr.com/65535/51842184646_833220852b_b.jpg,https://www.flickr.com/photos/183298774@N08/51842184646,56.010116,92.961502,,,,,,,,,,,,,,,
https://live.staticflickr.com/65535/51842923095_a9471d7afc_b.jpg,https://www.flickr.com/photos/183298774@N08/51842923095,56.009952,92.961111,,,,,,,,,,,,,,,
https://live.staticflickr.com/65535/51842922805_dd25f0451d_b.jpg,https://www.flickr.com/photos/183298774@N08/51842922805,56.014661,92.957683,,,,,,,,,,,,,,,
https://live.staticflickr.com/65535/51842922290_a64eecc69c_b.jpg,https://www.flickr.com/photos/183298774@N08/51842922290,56.009461,92.956327,,,,,,,,,,,,,,,
https://live.staticflickr.com/65535/51842922225_e04df6dc11_b.jpg,https://www.flickr.com/photos/183298774@N08/51842922225,56.009302,92.956677,,,,,,,,,,,,,,,
https://live.staticflickr.com/65535/51842921940_0533fd053d_b.jpg,https://www.flickr.com/photos/183298774@N08/51842921940,56.008377,92.955202,,,,,,,,,,,,,,,
https://live.staticflickr.com/65535/51842549939_0ba8b741c1_b.jpg,https://www.flickr.com/photos/183298774@N08/51842549939,55.982177,92.887405,,,,,,,,,,,,,,,
https://live.staticflickr.com/65535/51842549014_dd7c124b70_b.jpg,https://www.flickr.com/photos/183298774@N08/51842549014,55.992594,92.88665,,,,,,,,,,,,,,,
https://live.staticflickr.com/65535/51841244987_85159c3b98_b.jpg,https://www.flickr.com/photos/183298774@N08/51841244987,55.992586,92.886647,,,,,,,,,,,,,,,
https://live.staticflickr.com/65535/51841244427_4b7a5f3fd3_b.jpg,https://www.flickr.com/photos/183298774@N08/51841244427,55.996527,92.906511,,,,,,,,,,,,,,,
https://live.staticflickr.com/65535/51842181606_0338f9765d_b.jpg,https://www.flickr.com/photos/183298774@N08/51842181606,55.99675,92.906258,,,,,,,,,,,,,,,
https://live.staticflickr.com/65535/51842181366_1887673c19_b.jpg,https://www.flickr.com/photos/183298774@N08/51842181366,55.997413,92.902466,,,,,,,,,,,,,,,
https://live.staticflickr.com/65535/51841243657_f9fc7498de_b.jpg,https://www.flickr.com/photos/183298774@N08/51841243657,55.999313,92.898622,,,,,,,,,,,,,,,
https://live.staticflickr.com/65535/51842547399_4b60cb50d8_b.jpg,https://www.flickr.com/photos/183298774@N08/51842547399,55.99518,92.897491,,,,,,,,,,,,,,,
https://live.staticflickr.com/65535/51842180246_3a9dbe5625_b.jpg,https://www.flickr.com/photos/183298774@N08/51842180246,56.033558,92.908427,,,,,,,,,,,,,,,
https://live.staticflickr.com/65535/51842179326_4f0183d3ec_b.jpg,https://www.flickr.com/photos/183298774@N08/51842179326,56.027025,92.937836,,,,,,,,,,,,,,,
https://live.staticflickr.com/65535/51842179016_25084d9bec_b.jpg,https://www.flickr.com/photos/183298774@N08/51842179016,56.014863,92.916666,,,,,,,,,,,,,,,
https://live.staticflickr.com/65535/51841238292_542028145c_b.jpg,https://www.flickr.com/photos/183298774@N08/51841238292,56.013022,92.841405,,,,,,,,,,,,,,,
https://live.staticflickr.com/65535/51841237382_be689656ba_b.jpg,https://www.flickr.com/photos/183298774@N08/51841237382,56.012952,92.877238,,,,,,,,,,,,,,,
https://live.staticflickr.com/65535/51842541559_892c43998b_b.jpg,https://www.flickr.com/photos/183298774@N08/51842541559,56.014008,92.876147,,,,,,,,,,,,,,,
https://live.staticflickr.com/65535/51842174401_a08e20d727_b.jpg,https://www.flickr.com/photos/183298774@N08/51842174401,56.012508,92.876349,,,,,,,,,,,,,,,
https://live.staticflickr.com/65535/51842286998_7f555be1a5_b.jpg,https://www.flickr.com/photos/183298774@N08/51842286998,56.010813,92.875638,,,,,,,,,,,,,,,
https://live.staticflickr.com/65535/51842911855_bfafe15d70_b.jpg,https://www.flickr.com/photos/183298774@N08/51842911855,56.010513,92.871372,,,,,,,,,,,,,,,
https://live.staticflickr.com/65535/51842286528_d84722e798_b.jpg,https://www.flickr.com/photos/183298774@N08/51842286528,56.010786,92.871386,,,,,,,,,,,,,,,
https://live.staticflickr.com/65535/51842172966_7fc0fd82c5_b.jpg,https://www.flickr.com/photos/183298774@N08/51842172966,56.007777,92.837102,,,,,,,,,,,,,,,
https://live.staticflickr.com/65535/51842539929_7fd7ac592b_b.jpg,https://www.flickr.com/photos/183298774@N08/51842539929,56.007847,92.839813,,,,,,,,,,,,,,,
https://live.staticflickr.com/65535/51842539789_c120248472_b.jpg,https://www.flickr.com/photos/183298774@N08/51842539789,56.023586,92.835391,,,,,,,,,,,,,,,
https://live.staticflickr.com/65535/51842172271_8d66899a4e_b.jpg,https://www.flickr.com/photos/183298774@N08/51842172271,56.024361,92.832747,,,,,,,,,,,,,,,
https://live.staticflickr.com/65535/51842285168_31b83d9da4_b.jpg,https://www.flickr.com/photos/183298774@N08/51842285168,56.024927,92.832677,,,,,,,,,,,,,,,
https://live.staticflickr.com/65535/51842284248_5a0f0933ce_b.jpg,https://www.flickr.com/photos/183298774@N08/51842284248,56.040672,92.769769,,,,,,,,,,,,,,,
https://live.staticflickr.com/65535/51842170906_1a46271f3c_b.jpg,https://www.flickr.com/photos/183298774@N08/51842170906,56.039291,92.768433,,,,,,,,,,,,,,,
https://live.staticflickr.com/65535/51842170331_b496878d1f_b.jpg,https://www.flickr.com/photos/183298774@N08/51842170331,56.023675,92.790352,,,,,,,,,,,,,,,
https://live.staticflickr.com/65535/51842537289_feb0fbc28c_b.jpg,https://www.flickr.com/photos/183298774@N08/51842537289,56.01858,92.793413,,,,,,,,,,,,,,,
https://live.staticflickr.com/65535/51842169406_df6f328d8d_b.jpg,https://www.flickr.com/photos/183298774@N08/51842169406,56.012502,92.832808,,,,,,,,,,,,,,,
https://live.staticflickr.com/65535/51841232057_851787fbc2_b.jpg,https://www.flickr.com/photos/183298774@N08/51841232057,56.009897,92.892175,,,,,,,,,,,,,,,
https://live.staticflickr.com/65535/51842535204_9005fcb3d9_b.jpg,https://www.flickr.com/photos/183298774@N08/51842535204,55.960011,92.799047,,,,,,,,,,,,,,,
https://live.staticflickr.com/65535/51842534904_394601f1fe_b.jpg,https://www.flickr.com/photos/183298774@N08/51842534904,55.958563,92.794916,,,,,,,,,,,,,,,
https://live.staticflickr.com/65535/51842167006_596a927798_b.jpg,https://www.flickr.com/photos/183298774@N08/51842167006,55.954172,92.791088,,,,,,,,,,,,,,,
https://live.staticflickr.com/65535/51841229152_b3f25e5ed5_b.jpg,https://www.flickr.com/photos/183298774@N08/51841229152,55.949855,92.788625,,,,,,,,,,,,,,,
https://live.staticflickr.com/65535/51842279143_7c8f6190af_b.jpg,https://www.flickr.com/photos/183298774@N08/51842279143,55.950333,92.790108,,,,,,,,,,,,,,,
https://live.staticflickr.com/65535/51842533074_dcfcffc9c8_b.jpg,https://www.flickr.com/photos/183298774@N08/51842533074,55.949361,92.786516,,,,,,,,,,,,,,,
https://live.staticflickr.com/65535/51842277828_6dcba14f7c_b.jpg,https://www.flickr.com/photos/183298774@N08/51842277828,55.978791,92.890663,,,,,,,,,,,,,,,
https://live.staticflickr.com/65535/51841226927_f19417c7fd_b.jpg,https://www.flickr.com/photos/183298774@N08/51841226927,55.992755,92.890141,,,,,,,,,,,,,,,
https://live.staticflickr.com/65535/51842902470_56c8d1cacb_b.jpg,https://www.flickr.com/photos/183298774@N08/51842902470,56.00103,92.876861,,,,,,,,,,,,,,,
https://live.staticflickr.com/65535/51842902000_c1b0644665_b.jpg,https://www.flickr.com/photos/183298774@N08/51842902000,56.023866,92.866408,,,,,,,,,,,,,,,
https://live.staticflickr.com/65535/51842163571_73ebc5589b_b.jpg,https://www.flickr.com/photos/183298774@N08/51842163571,56.023594,92.866272,,,,,,,,,,,,,,,
https://live.staticflickr.com/65535/51842901915_450a20893e_b.jpg,https://www.flickr.com/photos/183298774@N08/51842901915,56.023619,92.866227,,,,,,,,,,,,,,,
https://live.staticflickr.com/65535/51842275503_8d32b22a3b_b.jpg,https://www.flickr.com/photos/183298774@N08/51842275503,56.012294,92.876777,,,,,,,,,,,,,,,
https://live.staticflickr.com/65535/51642397904_5fb62dfb93_b.jpg,https://www.flickr.com/photos/137057158@N02/51642397904,55.354043,86.089038,,,,,,,,,,,,,,,
https://live.staticflickr.com/65535/50302569141_cbc887f537_b.jpg,https://www.flickr.com/photos/137057158@N02/50302569141,53.865498,86.644352,,,,,,,,,,,,,,,
https://live.staticflickr.com/65535/50260062852_89704d56d8_b.jpg,https://www.flickr.com/photos/137057158@N02/50260062852,55.350945,86.096613,,,,,,,,,,,,,,,
https://live.staticflickr.com/65535/49942317498_b07941a4d4_b.jpg,https://www.flickr.com/photos/137057158@N02/49942317498,55.346034,86.09819,,,,,,,,,,,,,,,
https://live.staticflickr.com/65535/49941246696_1f8e435fc1_b.jpg,https://www.flickr.com/photos/137057158@N02/49941246696,55.344899,86.117491,,,,,,,,,,,,,,,
https://live.staticflickr.com/65535/49648288496_5193662b30_b.jpg,https://www.flickr.com/photos/144399674@N05/49648288496,52.54178,85.227363,,,,,,,,,,,,,,,
https://live.staticflickr.com/65535/49480129042_7a1f932dac_b.jpg,https://www.flickr.com/photos/137057158@N02/49480129042,55.353659,86.110013,,,,,,,,,,,,,,,
https://live.staticflickr.com/65535/49111012477_96ac4717a1_b.jpg,https://www.flickr.com/photos/137057158@N02/49111012477,55.358209,86.090691,,,,,,,,,,,,,,,
https://live.staticflickr.com/65535/49106891077_5d0deda87a_b.jpg,https://www.flickr.com/photos/137057158@N02/49106891077,55.357721,86.076475,,,,,,,,,,,,,,,
https://live.staticflickr.com/65535/48992631097_9e3acdc0cc_b.jpg,https://www.flickr.com/photos/137057158@N02/48992631097,55.350987,86.096152,,,,,,,,,,,,,,,
https://live.staticflickr.com/65535/48847676152_9c91ca8d28_b.jpg,https://www.flickr.com/photos/137057158@N02/48847676152,55.351024,86.106215,,,,,,,,,,,,,,,
https://live.staticflickr.com/65535/48630653273_eaa49092c8_b.jpg,https://www.flickr.com/photos/137057158@N02/48630653273,55.356453,86.154656,,,,,,,,,,,,,,,
https://live.staticflickr.com/65535/48242531551_646a6dcbdc_b.jpg,https://www.flickr.com/photos/137057158@N02/48242531551,56.010966,92.850651,,,,,,,,,,,,,,,
https://live.staticflickr.com/65535/48230103361_0763aec4b3_b.jpg,https://www.flickr.com/photos/137057158@N02/48230103361,56.009628,92.853859,,,,,,,,,,,,,,,
https://live.staticflickr.com/65535/48179116521_6b3796af36_b.jpg,https://www.flickr.com/photos/137057158@N02/48179116521,56.011422,92.860661,,,,,,,,,,,,,,,
https://live.staticflickr.com/65535/48139329682_3dee0b85bc_b.jpg,https://www.flickr.com/photos/137057158@N02/48139329682,56.00931,92.871658,,,,,,,,,,,,,,,
https://live.staticflickr.com/65535/48139113413_415b99707c_b.jpg,https://www.flickr.com/photos/137057158@N02/48139113413,56.009556,92.851542,,,,,,,,,,,,,,,
https://live.staticflickr.com/65535/47959666113_e603bb516b_b.jpg,https://www.flickr.com/photos/137057158@N02/47959666113,55.331683,86.179332,,,,,,,,,,,,,,,
https://live.staticflickr.com/65535/47929677252_123565ee84_b.jpg,https://www.flickr.com/photos/137057158@N02/47929677252,55.351268,86.096581,,,,,,,,,,,,,,,
https://live.staticflickr.com/7920/40262340103_158e2494e8_b.jpg,https://www.flickr.com/photos/137057158@N02/40262340103,55.353116,86.091989,,,,,,,,,,,,,,,
https://live.staticflickr.com/7862/46079541694_2ea08b9f80_b.jpg,https://www.flickr.com/photos/137057158@N02/46079541694,55.349408,86.106215,,,,,,,,,,,,,,,
https://live.staticflickr.com/4900/46019406234_dde86bb7b5_b.jpg,https://www.flickr.com/photos/137057158@N02/46019406234,55.354769,86.08891,,,,,,,,,,,,,,,
https://live.staticflickr.com/1908/45395746372_f052a3cd22_b.jpg,https://www.flickr.com/photos/137057158@N02/45395746372,55.34629,86.097042,,,,,,,,,,,,,,,
https://live.staticflickr.com/1861/44340519492_17eda447f4_b.jpg,https://www.flickr.com/photos/137057158@N02/44340519492,55.350207,86.104831,,,,,,,,,,,,,,,
https://live.staticflickr.com/4407/23521868998_098026a174_b.jpg,https://www.flickr.com/photos/123767219@N05/23521868998,52.287292,104.286764,,,,,,,,,,,,,,,
https://live.staticflickr.com/539/19611740244_f2eb4c1022_b.jpg,https://www.flickr.com/photos/133435892@N02/19611740244,55.352085,86.171779,,,,,,,,,,,,,,,
https://live.staticflickr.com/65535/35845147703_f532c23a54_b.jpg,https://www.flickr.com/photos/48489192@N06/35845147703,52.287063,104.307633,,,,,,,,,,,,,,,
https://live.staticflickr.com/4282/35100975470_a8451ae8ec_b.jpg,https://www.flickr.com/photos/141917853@N08/35100975470,52.288533,104.291476,,,,,,,,,,,,,,,
https://live.staticflickr.com/645/33334313226_7d0433baa6_b.jpg,https://www.flickr.com/photos/141917853@N08/33334313226,52.277986,104.280285,,,,,,,,,,,,,,,
https://live.staticflickr.com/577/31194069680_4d242b9c25_b.jpg,https://www.flickr.com/photos/50800074@N06/31194069680,56.204973,95.706281,,,,,,,,,,,,,,,
https://live.staticflickr.com/647/31404502892_2d72903348_b.jpg,https://www.flickr.com/photos/50800074@N06/31404502892,56.009556,92.872517,,,,,,,,,,,,,,,
https://live.staticflickr.com/5556/29534400253_66234b196e_b.jpg,https://www.flickr.com/photos/127871163@N04/29534400253,52.27935,104.314552,,,,,,,,,,,,,,,
https://live.staticflickr.com/8351/29203142735_4973d8ac3e_b.jpg,https://www.flickr.com/photos/95952020@N05/29203142735,56.005196,92.763093,,,,,,,,,,,,,,,
https://live.staticflickr.com/7426/27567095965_0e2c26c208_b.jpg,https://www.flickr.com/photos/71417163@N00/27567095965,52.290469,104.281661,,,,,,,,,,,,,,,
https://live.staticflickr.com/7201/26957412894_bdc268d4a5_b.jpg,https://www.flickr.com/photos/71417163@N00/26957412894,52.290469,104.281661,,,,,,,,,,,,,,,
https://live.staticflickr.com/7358/26898144723_64661956a4_b.jpg,https://www.flickr.com/photos/71417163@N00/26898144723,51.996463,104.665322,,,,,,,,,,,,,,,
https://live.staticflickr.com/7449/27229425300_bb138672b7_b.jpg,https://www.flickr.com/photos/71417163@N00/27229425300,51.996463,104.665322,,,,,,,,,,,,,,,
https://live.staticflickr.com/7436/27229422430_f4f847fe6f_b.jpg,https://www.flickr.com/photos/71417163@N00/27229422430,51.995922,104.664702,,,,,,,,,,,,,,,
https://live.staticflickr.com/7256/26896677824_fb62922f76_b.jpg,https://www.flickr.com/photos/71417163@N00/26896677824,51.995922,104.664702,,,,,,,,,,,,,,,
https://live.staticflickr.com/65535/51263325496_64daf7c010_b.jpg,https://www.flickr.com/photos/152468115@N07/51263325496,43.117595,131.898289,,,,,,,,,,,,,,,
https://live.staticflickr.com/7456/12812157514_4377a61a80_b.jpg,https://www.flickr.com/photos/118887446@N06/12812157514,43.395666,132.16634,,,,,,,,,,,,,,,
https://live.staticflickr.com/3067/3043407728_2a7e6904d6_b.jpg,https://www.flickr.com/photos/20908239@N00/3043407728,43.113509,131.890228,,,,,,,,,,,,,,,
https://live.staticflickr.com/3203/3043407546_d790e2ecfc_b.jpg,https://www.flickr.com/photos/20908239@N00/3043407546,43.116918,131.910363,,,,,,,,,,,,,,,
https://live.staticflickr.com/65535/51996104092_c2eaf0e8a4_b.jpg,https://www.flickr.com/photos/156445710@N05/51996104092,55.752855,37.573456,,,,,,,,,,,,,,,
https://live.staticflickr.com/65535/51986541103_79e2a4e6ea_b.jpg,https://www.flickr.com/photos/156445710@N05/51986541103,55.752855,37.573456,,,,,,,,,,,,,,,
https://live.staticflickr.com/65535/49509368568_81a814cc7f_b.jpg,https://www.flickr.com/photos/63526336@N08/49509368568,55.760205,37.626049,,,,,,,,,,,,,,,
https://live.staticflickr.com/65535/53119113300_6aa21d820d_b.jpg,https://www.flickr.com/photos/63770579@N02/53119113300,55.749286,37.619523,,,,,,,,,,,,,,,
https://live.staticflickr.com/65535/52723563418_262344bc88_b.jpg,https://www.flickr.com/photos/156445710@N05/52723563418,55.745672,37.613475,,,,,,,,,,,,,,,
https://live.staticflickr.com/65535/52693428754_08c28984a3_b.jpg,https://www.flickr.com/photos/156445710@N05/52693428754,55.766223,37.536227,,,,,,,,,,,,,,,
https://live.staticflickr.com/65535/52576189948_5711a45af0_b.jpg,https://www.flickr.com/photos/156445710@N05/52576189948,55.745321,37.569025,,,,,,,,,,,,,,,
https://live.staticflickr.com/65535/52574029070_78bacfdd89_b.jpg,https://www.flickr.com/photos/156445710@N05/52574029070,55.766223,37.536227,,,,,,,,,,,,,,,
https://live.staticflickr.com/65535/52550063837_c1f1736237_b.jpg,https://www.flickr.com/photos/156445710@N05/52550063837,55.746233,37.550668,,,,,,,,,,,,,,,
https://live.staticflickr.com/65535/52538008046_67eb21e3fe_b.jpg,https://www.flickr.com/photos/156445710@N05/52538008046,55.76586,37.536828,,,,,,,,,,,,,,,
https://live.staticflickr.com/65535/52253838415_48cdc63bfa_b.jpg,https://www.flickr.com/photos/156445710@N05/52253838415,55.755604,37.525659,,,,,,,,,,,,,,,
https://live.staticflickr.com/65535/52211396941_69830cbe4b_b.jpg,https://www.flickr.com/photos/156445710@N05/52211396941,55.76586,37.536828,,,,,,,,,,,,,,,
https://live.staticflickr.com/65535/52202679325_5ddc3bec4d_b.jpg,https://www.flickr.com/photos/156445710@N05/52202679325,55.766223,37.536227,,,,,,,,,,,,,,,
https://live.staticflickr.com/65535/52034603812_e3076f430b_b.jpg,https://www.flickr.com/photos/156445710@N05/52034603812,55.766223,37.536227,,,,,,,,,,,,,,,
https://live.staticflickr.com/65535/52032546072_30e9ee20ae_b.jpg,https://www.flickr.com/photos/156445710@N05/52032546072,55.766223,37.536227,,,,,,,,,,,,,,,
https://live.staticflickr.com/65535/51988354011_78da790a53_b.jpg,https://www.flickr.com/photos/156445710@N05/51988354011,55.766223,37.536227,,,,,,,,,,,,,,,
https://live.staticflickr.com/65535/51971025641_2da821555c_b.jpg,https://www.flickr.com/photos/156445710@N05/51971025641,55.745321,37.568006,,,,,,,,,,,,,,,
https://live.staticflickr.com/65535/51941830364_25dbf4c58c_b.jpg,https://www.flickr.com/photos/156445710@N05/51941830364,55.752855,37.573456,,,,,,,,,,,,,,,
https://live.staticflickr.com/65535/51930367258_eb577eda7e_b.jpg,https://www.flickr.com/photos/156445710@N05/51930367258,55.739868,37.567877,,,,,,,,,,,,,,,
https://live.staticflickr.com/65535/51928654183_33b8881fc6_b.jpg,https://www.flickr.com/photos/156445710@N05/51928654183,55.741788,37.573295,,,,,,,,,,,,,,,
https://live.staticflickr.com/65535/51910263405_1edd3d9af9_b.jpg,https://www.flickr.com/photos/156445710@N05/51910263405,55.748431,37.573156,,,,,,,,,,,,,,,
https://live.staticflickr.com/65535/51826843613_58d3517391_b.jpg,https://www.flickr.com/photos/63526336@N08/51826843613,55.732302,37.654609,,,,,,,,,,,,,,,
https://live.staticflickr.com/65535/51739591409_07b35626eb_b.jpg,https://www.flickr.com/photos/156445710@N05/51739591409,55.766223,37.536227,,,,,,,,,,,,,,,
https://live.staticflickr.com/65535/51660187267_533e1d0aaa_b.jpg,https://www.flickr.com/photos/156445710@N05/51660187267,55.766223,37.536227,,,,,,,,,,,,,,,
https://live.staticflickr.com/65535/51049642063_cd02683fb2_b.jpg,https://www.flickr.com/photos/63526336@N08/51049642063,55.735234,37.807388,,,,,,,,,,,,,,,
https://live.staticflickr.com/65535/50707372102_ae75194ddb_b.jpg,https://www.flickr.com/photos/189719161@N04/50707372102,55.690999,37.563478,,,,,,,,,,,,,,,
https://live.staticflickr.com/65535/50149047252_d944d205ce_b.jpg,https://www.flickr.com/photos/65509607@N08/50149047252,55.765082,37.611511,,,,,,,,,,,,,,,
https://live.staticflickr.com/65535/50111731843_9c9342b927_b.jpg,https://www.flickr.com/photos/156445710@N05/50111731843,55.766223,37.536227,,,,,,,,,,,,,,,
https://live.staticflickr.com/65535/50108819877_15d8d65da1_b.jpg,https://www.flickr.com/photos/156445710@N05/50108819877,55.766223,37.536227,,,,,,,,,,,,,,,
https://live.staticflickr.com/65535/50058397936_7d904feff2_b.jpg,https://www.flickr.com/photos/156445710@N05/50058397936,55.752855,37.573456,,,,,,,,,,,,,,,
https://live.staticflickr.com/65535/49728724131_6665003e98_b.jpg,https://www.flickr.com/photos/156445710@N05/49728724131,55.747423,37.547643,,,,,,,,,,,,,,,
https://live.staticflickr.com/65535/49543921018_3be7ecbc40_b.jpg,https://www.flickr.com/photos/150636614@N05/49543921018,55.759365,37.618925,,,,,,,,,,,,,,,
https://live.staticflickr.com/65535/49522997187_fa82372ed8_b.jpg,https://www.flickr.com/photos/63526336@N08/49522997187,55.759577,37.61959,,,,,,,,,,,,,,,
https://live.staticflickr.com/65535/49376533018_d8f67a1512_b.jpg,https://www.flickr.com/photos/63526336@N08/49376533018,55.737657,37.811036,,,,,,,,,,,,,,,
https://live.staticflickr.com/65535/49373002917_46df936c7a_b.jpg,https://www.flickr.com/photos/143593890@N07/49373002917,55.754453,37.622621,,,,,,,,,,,,,,,
https://live.staticflickr.com/65535/49368233057_d203e010de_b.jpg,https://www.flickr.com/photos/143593890@N07/49368233057,55.754747,37.62128,,,,,,,,,,,,,,,
https://live.staticflickr.com/65535/49333014558_414c9b396f_b.jpg,https://www.flickr.com/photos/63526336@N08/49333014558,55.753206,37.621478,,,,,,,,,,,,,,,
https://live.staticflickr.com/65535/49315447143_4717ff4831_b.jpg,https://www.flickr.com/photos/63526336@N08/49315447143,55.761714,37.619183,,,,,,,,,,,,,,,
https://live.staticflickr.com/65535/49172847452_801de96ff5_b.jpg,https://www.flickr.com/photos/132670954@N07/49172847452,55.750586,37.629847,,,,,,,,,,,,,,,
https://live.staticflickr.com/65535/49165457371_fb93e5b4ae_b.jpg,https://www.flickr.com/photos/28539365@N04/49165457371,55.751994,37.624302,,,,,,,,,,,,,,,
https://live.staticflickr.com/65535/48897239122_f1484ab50c_b.jpg,https://www.flickr.com/photos/156445710@N05/48897239122,55.752855,37.573456,,,,,,,,,,,,,,,
https://live.staticflickr.com/7823/47283096422_c08a0f87e0_b.jpg,https://www.flickr.com/photos/155919302@N07/47283096422,55.700267,37.525724,,,,,,,,,,,,,,,
https://live.staticflickr.com/7811/47239239312_58323fe3c2_b.jpg,https://www.flickr.com/photos/155919302@N07/47239239312,55.700267,37.525724,,,,,,,,,,,,,,,
https://live.staticflickr.com/4824/31932558218_33d0a42c08_b.jpg,https://www.flickr.com/photos/157013954@N08/31932558218,55.745436,37.574937,,,,,,,,,,,,,,,
https://live.staticflickr.com/1939/44588204325_90c7893e4c_b.jpg,https://www.flickr.com/photos/157013954@N08/44588204325,55.742048,37.568092,,,,,,,,,,,,,,,
https://live.staticflickr.com/1775/43381979314_bd11759657_b.jpg,https://www.flickr.com/photos/157013954@N08/43381979314,55.749035,37.625148,,,,,,,,,,,,,,,
https://live.staticflickr.com/1808/43218651401_2cbe25f1fc_b.jpg,https://www.flickr.com/photos/157013954@N08/43218651401,55.752567,37.627347,,,,,,,,,,,,,,,
https://live.staticflickr.com/1756/27915315407_4cd6415613_b.jpg,https://www.flickr.com/photos/157013954@N08/27915315407,55.753787,37.600032,,,,,,,,,,,,,,,
https://live.staticflickr.com/876/42784036041_5b9d79a1fb_b.jpg,https://www.flickr.com/photos/157013954@N08/42784036041,55.748202,37.635576,,,,,,,,,,,,,,,
https://live.staticflickr.com/1734/27889424057_539cd7968c_b.jpg,https://www.flickr.com/photos/157013954@N08/27889424057,55.743673,37.603293,,,,,,,,,,,,,,,
https://live.staticflickr.com/879/27889335797_12683bdc8e_b.jpg,https://www.flickr.com/photos/157013954@N08/27889335797,55.743667,37.603336,,,,,,,,,,,,,,,
https://live.staticflickr.com/1748/41857969685_25a1fd2586_b.jpg,https://www.flickr.com/photos/157013954@N08/41857969685,55.743685,37.603304,,,,,,,,,,,,,,,
https://live.staticflickr.com/1723/41618570495_00a157948c_b.jpg,https://www.flickr.com/photos/157013954@N08/41618570495,55.748214,37.613561,,,,,,,,,,,,,,,
https://live.staticflickr.com/4775/38901629750_903a30da73_b.jpg,https://www.flickr.com/photos/134785527@N04/38901629750,55.714347,37.586288,,,,,,,,,,,,,,,
https://live.staticflickr.com/4619/28358938619_80480cd6b0_b.jpg,https://www.flickr.com/photos/150636614@N05/28358938619,55.732245,37.504813,,,,,,,,,,,,,,,
https://live.staticflickr.com/4768/27912070299_0788af70da_b.jpg,https://www.flickr.com/photos/153023656@N07/27912070299,55.74723,37.605149,,,,,,,,,,,,,,,
https://live.staticflickr.com/4581/25129495068_6fb8f8c397_b.jpg,https://www.flickr.com/photos/38465352@N03/25129495068,55.75171,37.627497,,,,,,,,,,,,,,,
https://live.staticflickr.com/4540/24047201607_ec851c779b_b.jpg,https://www.flickr.com/photos/38465352@N03/24047201607,55.751432,37.627176,,,,,,,,,,,,,,,
https://live.staticflickr.com/4562/24914855608_d1ee9b5629_b.jpg,https://www.flickr.com/photos/102086516@N07/24914855608,55.755122,37.620813,,,,,,,,,,,,,,,
https://live.staticflickr.com/4574/37753869445_9625482629_b.jpg,https://www.flickr.com/photos/102086516@N07/37753869445,55.789644,37.743122,,,,,,,,,,,,,,,
https://live.staticflickr.com/4519/38609219482_96874d07f2_b.jpg,https://www.flickr.com/photos/102086516@N07/38609219482,55.7898,37.743252,,,,,,,,,,,,,,,
https://live.staticflickr.com/4544/24769087948_6d586c2943_b.jpg,https://www.flickr.com/photos/102086516@N07/24769087948,55.789969,37.748486,,,,,,,,,,,,,,,
https://live.staticflickr.com/4448/36908007953_1da4f53578_b.jpg,https://www.flickr.com/photos/65509607@N08/36908007953,55.75273,37.59279,,,,,,,,,,,,,,,
https://live.staticflickr.com/3668/32195173983_b13c541d76_b.jpg,https://www.flickr.com/photos/108510835@N06/32195173983,55.743322,37.608808,,,,,,,,,,,,,,,
https://live.staticflickr.com/1661/24129567102_3833397cf8_b.jpg,https://www.flickr.com/photos/126657300@N06/24129567102,55.749591,37.624086,,,,,,,,,,,,,,,
https://live.staticflickr.com/5768/23081474860_5e52b03c60_b.jpg,https://www.flickr.com/photos/22672393@N08/23081474860,55.7534,37.621405,,,,,,,,,,,,,,,
https://live.staticflickr.com/336/20197190348_5aeffececc_b.jpg,https://www.flickr.com/photos/125840100@N05/20197190348,55.703032,37.530755,,,,,,,,,,,,,,,
https://live.staticflickr.com/3715/12475516075_2c6c4f4ccb_b.jpg,https://www.flickr.com/photos/36595246@N02/12475516075,55.744658,37.614291,,,,,,,,,,,,,,,
https://live.staticflickr.com/3735/12037216056_f941e5f335_b.jpg,https://www.flickr.com/photos/27986778@N05/12037216056,55.745303,37.63976,,,,,,,,,,,,,,,
https://live.staticflickr.com/5512/12037210216_581d93f782_b.jpg,https://www.flickr.com/photos/27986778@N05/12037210216,55.746378,37.638205,,,,,,,,,,,,,,,
https://live.staticflickr.com/8344/8251407687_252df0e02c_b.jpg,https://www.flickr.com/photos/40220387@N08/8251407687,55.746463,37.536313,,,,,,,,,,,,,,,
https://live.staticflickr.com/8196/8098345432_172d869cf0_b.jpg,https://www.flickr.com/photos/14838182@N00/8098345432,55.789007,37.540379,,,,,,,,,,,,,,,
https://live.staticflickr.com/4036/5125478851_c389a81a6d_b.jpg,https://www.flickr.com/photos/28229148@N05/5125478851,55.608061,38.048894,,,,,,,,,,,,,,,
https://live.staticflickr.com/65535/54774645674_5ec29b76ed_b.jpg,https://www.flickr.com/photos/29298160@N00/54774645674,55.780428,37.57027,,,,,,,,,,,,,,,
https://live.staticflickr.com/65535/54702150349_ae6d0389a5_b.jpg,https://www.flickr.com/photos/29298160@N00/54702150349,55.763066,37.622573,,,,,,,,,,,,,,,
https://live.staticflickr.com/65535/54689636437_c9341f9091_b.jpg,https://www.flickr.com/photos/24415554@N04/54689636437,55.854805,37.664352,,,,,,,,,,,,,,,
https://live.staticflickr.com/65535/53063359672_158e994b1c_b.jpg,https://www.flickr.com/photos/29298160@N00/53063359672,55.788343,37.621371,,,,,,,,,,,,,,,
https://live.staticflickr.com/65535/53052764956_0164961e66_b.jpg,https://www.flickr.com/photos/77650784@N04/53052764956,55.824102,37.612875,,,,,,,,,,,,,,,
,,55.767478,37.61543,,,,,,,,,,,,,,,
,,,,,,,,,,,,,,,,,,
,,,,,,,,,,,,,,,,,,
,,,,,,,,,,,,,,,,,,
,,,,,,,,,,,,,,,,,,
,,,,,,,,,,,,,,,,,,
,,,,,,,,,,,,,,,,,,
,,,,,,,,,,,,,,,,,,
,,,,,,,,,,,,,,,,,,
,,55.766017,37.629406,,,,,,,,,,,,,,,
,,,,,,,,,,,,,,,,,,
,,,,,,,,,,,,,,,,,,
,,,,,,,,,,,,,,,,,,
,,,,,,,,,,,,,,,,,,
,,,,,,,,,,,,,,,,,,
,,,,,,,,,,,,,,,,,,
,,,,,,,,,,,,,,,,,,
,,,,,,,,,,,,,,,,,,
,,55.766017,37.629406,,,,,,,,,,,,,,,
,,,,,,,,,,,,,,,,,,
,,,,,,,,,,,,,,,,,,
,,,,,,,,,,,,,,,,,,
,,,,,,,,,,,,,,,,,,
,,,,,,,,,,,,,,,,,,
,,,,,,,,,,,,,,,,,,
,,,,,,,,,,,,,,,,,,
,,,,,,,,,,,,,,,,,,
https://live.staticflickr.com/65535/52967319983_244737a5e0_b.jpg,https://www.flickr.com/photos/77650784@N04/52967319983,55.762925,37.639527,,,,,,,,,,,,,,,
,,55.818186,37.644288,,,,,,,,,,,,,,,
,,,,,,,,,,,,,,,,,,
,,,,,,,,,,,,,,,,,,
,,,,,,,,,,,,,,,,,,
,,,,,,,,,,,,,,,,,,
,,,,,,,,,,,,,,,,,,
,,,,,,,,,,,,,,,,,,
,,,,,,,,,,,,,,,,,,
,,,,,,,,,,,,,,,,,,
https://live.staticflickr.com/65535/52913646300_f2743d0121_b.jpg,https://www.flickr.com/photos/112811735@N04/52913646300,55.794212,37.751737,,,,,,,,,,,,,,,
,,55.831553,37.631692,,,,,,,,,,,,,,,
,,,,,,,,,,,,,,,,,,
,,,,,,,,,,,,,,,,,,
,,,,,,,,,,,,,,,,,,
,,,,,,,,,,,,,,,,,,
,,,,,,,,,,,,,,,,,,
,,,,,,,,,,,,,,,,,,
,,,,,,,,,,,,,,,,,,
,,,,,,,,,,,,,,,,,,
https://live.staticflickr.com/65535/52729572115_05f02b8944_b.jpg,https://www.flickr.com/photos/190173716@N05/52729572115,55.752187,37.617144,,,,,,,,,,,,,,,
https://live.staticflickr.com/65535/52727759366_d8943542b7_b.jpg,https://www.flickr.com/photos/190173716@N05/52727759366,55.752187,37.617144,,,,,,,,,,,,,,,
https://live.staticflickr.com/65535/52683858001_698629becb_b.jpg,https://www.flickr.com/photos/196334486@N04/52683858001,55.749802,37.60845,,,,,,,,,,,,,,,
https://live.staticflickr.com/65535/52614445042_1dab992f5c_b.jpg,https://www.flickr.com/photos/190173716@N05/52614445042,55.860302,37.313979,,,,,,,,,,,,,,,
https://live.staticflickr.com/65535/52563373037_41deacc4bd_b.jpg,https://www.flickr.com/photos/156445710@N05/52563373037,55.752749,37.583262,,,,,,,,,,,,,,,
https://live.staticflickr.com/65535/52554712723_acd5964ebd_b.jpg,https://www.flickr.com/photos/156445710@N05/52554712723,55.746233,37.550668,,,,,,,,,,,,,,,
https://live.staticflickr.com/65535/52526656674_58292bf526_b.jpg,https://www.flickr.com/photos/156445710@N05/52526656674,55.712637,37.5791,,,,,,,,,,,,,,,
,,55.657498,37.347143,,,,,,,,,,,,,,,
,,,,,,,,,,,,,,,,,,
,,,,,,,,,,,,,,,,,,
,,,,,,,,,,,,,,,,,,
,,,,,,,,,,,,,,,,,,
,,,,,,,,,,,,,,,,,,
,,,,,,,,,,,,,,,,,,
,,,,,,,,,,,,,,,,,,
,,,,,,,,,,,,,,,,,,
https://live.staticflickr.com/65535/52468753853_80c3f9baf4_b.jpg,https://www.flickr.com/photos/156445710@N05/52468753853,55.741909,37.569808,,,,,,,,,,,,,,,
https://live.staticflickr.com/65535/52441615160_4c7970a856_b.jpg,https://www.flickr.com/photos/49149898@N04/52441615160,55.778799,37.587254,,,,,,,,,,,,,,,
,,55.752516,37.623153,,,,,,,,,,,,,,,
,,,,,,,,,,,,,,,,,,
,,,,,,,,,,,,,,,,,,
,,,,,,,,,,,,,,,,,,
,,,,,,,,,,,,,,,,,,
,,,,,,,,,,,,,,,,,,
,,,,,,,,,,,,,,,,,,
,,,,,,,,,,,,,,,,,,
,,,,,,,,,,,,,,,,,,
,,55.740432,37.702397,,,,,,,,,,,,,,,
,,,,,,,,,,,,,,,,,,
,,,,,,,,,,,,,,,,,,
,,,,,,,,,,,,,,,,,,
,,,,,,,,,,,,,,,,,,
,,,,,,,,,,,,,,,,,,
,,,,,,,,,,,,,,,,,,
,,,,,,,,,,,,,,,,,,
,,,,,,,,,,,,,,,,,,
,,55.75549,37.619203,,,,,,,,,,,,,,,
,,,,,,,,,,,,,,,,,,
,,,,,,,,,,,,,,,,,,
,,,,,,,,,,,,,,,,,,
,,,,,,,,,,,,,,,,,,
,,,,,,,,,,,,,,,,,,
,,,,,,,,,,,,,,,,,,
,,,,,,,,,,,,,,,,,,
,,,,,,,,,,,,,,,,,,
,,55.750982,37.618111,,,,,,,,,,,,,,,
,,,,,,,,,,,,,,,,,,
,,,,,,,,,,,,,,,,,,
,,,,,,,,,,,,,,,,,,
,,,,,,,,,,,,,,,,,,
,,,,,,,,,,,,,,,,,,
,,,,,,,,,,,,,,,,,,
,,,,,,,,,,,,,,,,,,
,,,,,,,,,,,,,,,,,,
,,55.739149,37.703192,,,,,,,,,,,,,,,
,,,,,,,,,,,,,,,,,,
,,,,,,,,,,,,,,,,,,
,,,,,,,,,,,,,,,,,,
,,,,,,,,,,,,,,,,,,
,,,,,,,,,,,,,,,,,,
,,,,,,,,,,,,,,,,,,
,,,,,,,,,,,,,,,,,,
,,,,,,,,,,,,,,,,,,
,,55.824171,37.613628,,,,,,,,,,,,,,,
,,,,,,,,,,,,,,,,,,
,,,,,,,,,,,,,,,,,,
,,,,,,,,,,,,,,,,,,
,,,,,,,,,,,,,,,,,,
,,,,,,,,,,,,,,,,,,
,,,,,,,,,,,,,,,,,,
,,,,,,,,,,,,,,,,,,
,,,,,,,,,,,,,,,,,,
,,55.748951,37.539317,,,,,,,,,,,,,,,
,,,,,,,,,,,,,,,,,,
,,,,,,,,,,,,,,,,,,
,,,,,,,,,,,,,,,,,,
,,,,,,,,,,,,,,,,,,
,,,,,,,,,,,,,,,,,,
,,,,,,,,,,,,,,,,,,
,,,,,,,,,,,,,,,,,,
,,,,,,,,,,,,,,,,,,
,,55.7403,37.702751,,,,,,,,,,,,,,,
,,,,,,,,,,,,,,,,,,
,,,,,,,,,,,,,,,,,,
,,,,,,,,,,,,,,,,,,
,,,,,,,,,,,,,,,,,,
,,,,,,,,,,,,,,,,,,
,,,,,,,,,,,,,,,,,,
,,,,,,,,,,,,,,,,,,
,,,,,,,,,,,,,,,,,,
https://live.staticflickr.com/3948/15132655843_ee2517f4c6_b.jpg,https://www.flickr.com/photos/91342920@N06/15132655843,55.750001,37.597178,,,,,,,,,,,,,,,
https://live.staticflickr.com/7268/7610909162_06d90ddb4b_b.jpg,https://www.flickr.com/photos/37313543@N05/7610909162,55.732015,37.656658,,,,,,,,,,,,,,,
https://live.staticflickr.com/65535/54871695606_6bc1d14ec0_b.jpg,https://www.flickr.com/photos/24415554@N04/54871695606,56.448305,36.563258,,,,,,,,,,,,,,,
https://live.staticflickr.com/65535/54445019793_2b4f751e72_b.jpg,https://www.flickr.com/photos/74315404@N08/54445019793,55.764708,37.59927,,,,,,,,,,,,,,,
https://live.staticflickr.com/65535/54282411195_00f56f094c_b.jpg,https://www.flickr.com/photos/155601313@N08/54282411195,52.619829,38.500074,,,,,,,,,,,,,,,
https://live.staticflickr.com/65535/54253965996_ae5bc538d3_b.jpg,https://www.flickr.com/photos/63770579@N02/54253965996,55.730856,38.035403,,,,,,,,,,,,,,,
https://live.staticflickr.com/65535/54253064292_333a9da9a2_b.jpg,https://www.flickr.com/photos/63770579@N02/54253064292,55.729868,38.033656,,,,,,,,,,,,,,,
https://live.staticflickr.com/65535/54227958892_e29ee7c0f9_b.jpg,https://www.flickr.com/photos/155601313@N08/54227958892,52.952975,36.06569,,,,,,,,,,,,,,,
https://live.staticflickr.com/65535/54213287522_6e0bfd9ff2_b.jpg,https://www.flickr.com/photos/183298774@N08/54213287522,57.631933,39.886922,,,,,,,,,,,,,,,
https://live.staticflickr.com/65535/54067492959_baf90db93c_b.jpg,https://www.flickr.com/photos/75925002@N02/54067492959,55.757965,37.637443,,,,,,,,,,,,,,,
https://live.staticflickr.com/65535/53952505825_cf8a045ae9_b.jpg,https://www.flickr.com/photos/29298160@N00/53952505825,55.742598,37.606437,,,,,,,,,,,,,,,
https://live.staticflickr.com/65535/53600584965_5b48476dff_b.jpg,https://www.flickr.com/photos/77650784@N04/53600584965,54.19663,37.6217,,,,,,,,,,,,,,,
https://live.staticflickr.com/65535/53551019113_def604e8e4_b.jpg,https://www.flickr.com/photos/63770579@N02/53551019113,55.728083,38.036582,,,,,,,,,,,,,,,
https://live.staticflickr.com/65535/53548798559_b5fb60a5c0_b.jpg,https://www.flickr.com/photos/200123714@N02/53548798559,51.674857,39.212136,,,,,,,,,,,,,,,
https://live.staticflickr.com/65535/53335773290_ddc9d3eac8_b.jpg,https://www.flickr.com/photos/143593890@N07/53335773290,55.753775,37.620863,,,,,,,,,,,,,,,
https://live.staticflickr.com/65535/53229598669_f9f36bc875_b.jpg,https://www.flickr.com/photos/75925002@N02/53229598669,55.757524,37.633495,,,,,,,,,,,,,,,
https://live.staticflickr.com/65535/53166904271_63daaa2251_b.jpg,https://www.flickr.com/photos/77650784@N04/53166904271,55.749883,37.629794,,,,,,,,,,,,,,,
https://live.staticflickr.com/65535/53144512651_6afed801a4_b.jpg,https://www.flickr.com/photos/156445710@N05/53144512651,55.747423,37.547643,,,,,,,,,,,,,,,
https://live.staticflickr.com/65535/53020349116_278aca2e6c_b.jpg,https://www.flickr.com/photos/77650784@N04/53020349116,55.749852,37.642872,,,,,,,,,,,,,,,
https://live.staticflickr.com/65535/52943721622_e2c01e546d_b.jpg,https://www.flickr.com/photos/67084790@N03/52943721622,55.769122,37.596986,,,,,,,,,,,,,,,
https://live.staticflickr.com/65535/52941234820_a62752b111_b.jpg,https://www.flickr.com/photos/63770579@N02/52941234820,56.736178,38.853904,,,,,,,,,,,,,,,
https://live.staticflickr.com/65535/52927600432_d53b668776_b.jpg,https://www.flickr.com/photos/77650784@N04/52927600432,57.459497,41.519719,,,,,,,,,,,,,,,
https://live.staticflickr.com/65535/52924365021_3ba16b462f_b.jpg,https://www.flickr.com/photos/75925002@N02/52924365021,55.761804,37.620384,,,,,,,,,,,,,,,
https://live.staticflickr.com/65535/52894137639_fbbdb4af83_b.jpg,https://www.flickr.com/photos/67084790@N03/52894137639,55.761583,37.618627,,,,,,,,,,,,,,,
https://live.staticflickr.com/65535/52891142351_1025b3f765_b.jpg,https://www.flickr.com/photos/67084790@N03/52891142351,55.761702,37.618572,,,,,,,,,,,,,,,
https://live.staticflickr.com/65535/52871208481_462c598c13_b.jpg,https://www.flickr.com/photos/65509607@N08/52871208481,57.543585,38.320366,,,,,,,,,,,,,,,
https://live.staticflickr.com/65535/52799431970_7d23a732de_b.jpg,https://www.flickr.com/photos/67084790@N03/52799431970,55.748952,37.589713,,,,,,,,,,,,,,,
https://live.staticflickr.com/65535/52786446332_821aa3ec0b_b.jpg,https://www.flickr.com/photos/67084790@N03/52786446332,55.755341,37.6149,,,,,,,,,,,,,,,
https://live.staticflickr.com/65535/52778594926_249498ba83_b.jpg,https://www.flickr.com/photos/67084790@N03/52778594926,55.748425,37.587994,,,,,,,,,,,,,,,
https://live.staticflickr.com/65535/52703370591_02c768ccdc_b.jpg,https://www.flickr.com/photos/156445710@N05/52703370591,55.710606,37.578434,,,,,,,,,,,,,,,
https://live.staticflickr.com/65535/52681164750_bd2a9c8899_b.jpg,https://www.flickr.com/photos/77650784@N04/52681164750,55.800002,49.107255,,,,,,,,,,,,,,,
https://live.staticflickr.com/65535/52625313179_74aa06a7c2_b.jpg,https://www.flickr.com/photos/77650784@N04/52625313179,51.654472,39.206177,,,,,,,,,,,,,,,
https://live.staticflickr.com/65535/52597257764_dbd445bbb0_b.jpg,https://www.flickr.com/photos/67084790@N03/52597257764,55.740488,37.416886,,,,,,,,,,,,,,,
https://live.staticflickr.com/65535/52588280784_a01a6409da_b.jpg,https://www.flickr.com/photos/155601313@N08/52588280784,52.618416,38.502756,,,,,,,,,,,,,,,
https://live.staticflickr.com/65535/52570036672_f0fb02b200_b.jpg,https://www.flickr.com/photos/156445710@N05/52570036672,55.751034,37.555346,,,,,,,,,,,,,,,
https://live.staticflickr.com/65535/52541085691_26b61dc07d_b.jpg,https://www.flickr.com/photos/67084790@N03/52541085691,55.752638,37.54273,,,,,,,,,,,,,,,
https://live.staticflickr.com/65535/52482664809_4438bcbf8b_b.jpg,https://www.flickr.com/photos/67084790@N03/52482664809,55.756813,37.6195,,,,,,,,,,,,,,,
https://live.staticflickr.com/65535/52476064569_08c3938599_b.jpg,https://www.flickr.com/photos/67084790@N03/52476064569,55.756561,37.618291,,,,,,,,,,,,,,,
https://live.staticflickr.com/65535/52444760901_ea72269bfe_b.jpg,https://www.flickr.com/photos/67084790@N03/52444760901,55.728705,37.441675,,,,,,,,,,,,,,,
https://live.staticflickr.com/65535/52438310922_6f5d5a04b1_b.jpg,https://www.flickr.com/photos/67084790@N03/52438310922,55.73618,37.591297,,,,,,,,,,,,,,,
https://live.staticflickr.com/65535/52373492818_63b3b4d1b8_b.jpg,https://www.flickr.com/photos/67084790@N03/52373492818,55.751944,37.623852,,,,,,,,,,,,,,,
https://live.staticflickr.com/65535/52297115912_ed9df19b65_b.jpg,https://www.flickr.com/photos/156445710@N05/52297115912,55.745025,37.610535,,,,,,,,,,,,,,,
https://live.staticflickr.com/65535/52290161729_5e5939cac0_b.jpg,https://www.flickr.com/photos/156445710@N05/52290161729,55.746263,37.612338,,,,,,,,,,,,,,,
https://live.staticflickr.com/65535/52327815498_83d34c5202_b.jpg,https://www.flickr.com/photos/77650784@N04/52327815498,56.646288,53.790063,,,,,,,,,,,,,,,
https://live.staticflickr.com/65535/52325422628_c484c431e6_b.jpg,https://www.flickr.com/photos/77650784@N04/52325422628,52.720733,41.457922,,,,,,,,,,,,,,,
https://live.staticflickr.com/65535/52305357611_080852a17a_b.jpg,https://www.flickr.com/photos/182894874@N02/52305357611,56.426315,40.44166,,,,,,,,,,,,,,,
https://live.staticflickr.com/65535/52301877402_8d949232d0_b.jpg,https://www.flickr.com/photos/182894874@N02/52301877402,56.427893,40.440598,,,,,,,,,,,,,,,
https://live.staticflickr.com/65535/52291792987_402d00d630_b.jpg,https://www.flickr.com/photos/29298160@N00/52291792987,57.779008,40.893999,,,,,,,,,,,,,,,
https://live.staticflickr.com/65535/52287001437_d36a74d189_b.jpg,https://www.flickr.com/photos/29298160@N00/52287001437,57.755787,40.948415,,,,,,,,,,,,,,,
https://live.staticflickr.com/65535/52284922310_c80038c77c_b.jpg,https://www.flickr.com/photos/132670954@N07/52284922310,51.744369,36.164267,,,,,,,,,,,,,,,
https://live.staticflickr.com/65535/52278326572_561bc5ac1b_b.jpg,https://www.flickr.com/photos/77650784@N04/52278326572,52.721155,41.459669,,,,,,,,,,,,,,,
https://live.staticflickr.com/65535/52272265101_631001168f_b.jpg,https://www.flickr.com/photos/28432918@N04/52272265101,55.754131,37.621843,,,,,,,,,,,,,,,
https://live.staticflickr.com/65535/52253892053_ea2ea9ed21_b.jpg,https://www.flickr.com/photos/24722007@N07/52253892053,56.172833,36.103305,,,,,,,,,,,,,,,
https://live.staticflickr.com/65535/52230650881_0004d57130_b.jpg,https://www.flickr.com/photos/67084790@N03/52230650881,55.716411,37.60455,,,,,,,,,,,,,,,
https://live.staticflickr.com/65535/52218571636_dcfa84a86c_b.jpg,https://www.flickr.com/photos/141875401@N08/52218571636,55.617037,37.681742,,,,,,,,,,,,,,,
,,55.739164,37.701849,,,,,,,,,,,,,,,
,,,,,,,,,,,,,,,,,,
,,,,,,,,,,,,,,,,,,
,,,,,,,,,,,,,,,,,,
,,,,,,,,,,,,,,,,,,
,,,,,,,,,,,,,,,,,,
,,,,,,,,,,,,,,,,,,
,,,,,,,,,,,,,,,,,,
,,,,,,,,,,,,,,,,,,
https://live.staticflickr.com/65535/52190939946_40f578e543_b.jpg,https://www.flickr.com/photos/140377809@N05/52190939946,55.703147,37.530683,,,,,,,,,,,,,,,
https://live.staticflickr.com/65535/52190224384_26bd6f232f_b.jpg,https://www.flickr.com/photos/143593890@N07/52190224384,57.62595,39.894644,,,,,,,,,,,,,,,
https://live.staticflickr.com/65535/52190224144_1278e7b8d8_b.jpg,https://www.flickr.com/photos/143593890@N07/52190224144,57.62595,39.894644,,,,,,,,,,,,,,,
https://live.staticflickr.com/65535/52186885400_232b3222e1_b.jpg,https://www.flickr.com/photos/143593890@N07/52186885400,57.626544,39.894341,,,,,,,,,,,,,,,
https://live.staticflickr.com/65535/52183447697_6cf2471ba5_b.jpg,https://www.flickr.com/photos/143593890@N07/52183447697,57.696594,39.827455,,,,,,,,,,,,,,,
https://live.staticflickr.com/65535/52182835745_6ab4b8891c_b.jpg,https://www.flickr.com/photos/140377809@N05/52182835745,55.824171,37.613628,,,,,,,,,,,,,,,
https://live.staticflickr.com/5651/23785416860_12ea2fb04a_b.jpg,https://www.flickr.com/photos/122001099@N03/23785416860,58.615726,49.693114,,,,,,,,,,,,,,,
https://live.staticflickr.com/65535/54271937739_cbe329c362_b.jpg,https://www.flickr.com/photos/202065968@N03/54271937739,55.780066,49.135719,,,,,,,,,,,,,,,
https://live.staticflickr.com/65535/54271930403_160c42c50f_b.jpg,https://www.flickr.com/photos/202065968@N03/54271930403,55.779529,49.136427,,,,,,,,,,,,,,,
https://live.staticflickr.com/65535/54260221673_e52db834b6_b.jpg,https://www.flickr.com/photos/202065968@N03/54260221673,55.799773,49.073331,,,,,,,,,,,,,,,
https://live.staticflickr.com/65535/54260231549_a2d3087678_b.jpg,https://www.flickr.com/photos/202065968@N03/54260231549,55.799773,49.073331,,,,,,,,,,,,,,,
https://live.staticflickr.com/65535/53549014966_079550642b_b.jpg,https://www.flickr.com/photos/152468115@N07/53549014966,55.800478,49.11194,,,,,,,,,,,,,,,
https://live.staticflickr.com/65535/53549207523_d38c4449c1_b.jpg,https://www.flickr.com/photos/152468115@N07/53549207523,55.800032,49.10723,,,,,,,,,,,,,,,
https://live.staticflickr.com/65535/53548143987_1984d7c2e6_b.jpg,https://www.flickr.com/photos/152468115@N07/53548143987,55.799477,49.10619,,,,,,,,,,,,,,,
https://live.staticflickr.com/65535/53549014801_38e12bf5db_b.jpg,https://www.flickr.com/photos/152468115@N07/53549014801,55.799477,49.10619,,,,,,,,,,,,,,,
https://live.staticflickr.com/65535/53549349094_ba6bb4daaf_b.jpg,https://www.flickr.com/photos/152468115@N07/53549349094,55.799924,49.106372,,,,,,,,,,,,,,,
https://live.staticflickr.com/65535/53549348954_aa428b639d_b.jpg,https://www.flickr.com/photos/152468115@N07/53549348954,55.800521,49.105128,,,,,,,,,,,,,,,
https://live.staticflickr.com/65535/53549207263_bcd2d675da_b.jpg,https://www.flickr.com/photos/152468115@N07/53549207263,55.799851,49.10546,,,,,,,,,,,,,,,
https://live.staticflickr.com/65535/53549348909_d5a5563e5e_b.jpg,https://www.flickr.com/photos/152468115@N07/53549348909,55.796902,49.10796,,,,,,,,,,,,,,,
https://live.staticflickr.com/65535/53549207068_6978ef851c_b.jpg,https://www.flickr.com/photos/152468115@N07/53549207068,55.802203,49.102102,,,,,,,,,,,,,,,
https://live.staticflickr.com/65535/53549450445_460a47d0dc_b.jpg,https://www.flickr.com/photos/152468115@N07/53549450445,55.799893,49.104698,,,,,,,,,,,,,,,
https://live.staticflickr.com/65535/53548141507_084073ba3e_b.jpg,https://www.flickr.com/photos/152468115@N07/53548141507,55.799924,49.106372,,,,,,,,,,,,,,,
https://live.staticflickr.com/65535/53549346484_f51d8cd62f_b.jpg,https://www.flickr.com/photos/152468115@N07/53549346484,55.799477,49.10619,,,,,,,,,,,,,,,
https://live.staticflickr.com/65535/53549008896_9ec740cd7e_b.jpg,https://www.flickr.com/photos/152468115@N07/53549008896,55.796329,49.106469,,,,,,,,,,,,,,,
https://live.staticflickr.com/65535/51412256662_fcccde7753_b.jpg,https://www.flickr.com/photos/140907479@N08/51412256662,58.370375,45.512111,,,,,,,,,,,,,,,
https://live.staticflickr.com/65535/51394260485_cb63f03c6e_b.jpg,https://www.flickr.com/photos/140907479@N08/51394260485,58.370275,45.513477,,,,,,,,,,,,,,,
https://live.staticflickr.com/65535/51311032993_280f5f2490_b.jpg,https://www.flickr.com/photos/192840463@N05/51311032993,55.795227,49.106108,,,,,,,,,,,,,,,
https://live.staticflickr.com/65535/51310819291_a942321d65_b.jpg,https://www.flickr.com/photos/192840463@N05/51310819291,55.791047,49.114252,,,,,,,,,,,,,,,
https://live.staticflickr.com/65535/51311009913_8577d5fec1_b.jpg,https://www.flickr.com/photos/192840463@N05/51311009913,55.78675,49.125794,,,,,,,,,,,,,,,
https://live.staticflickr.com/65535/51311523989_0180b2d1f0_b.jpg,https://www.flickr.com/photos/192840463@N05/51311523989,55.787361,49.120913,,,,,,,,,,,,,,,
https://live.staticflickr.com/65535/51310794816_2d52195cda_b.jpg,https://www.flickr.com/photos/192840463@N05/51310794816,55.787238,49.122436,,,,,,,,,,,,,,,
https://live.staticflickr.com/65535/51310781901_6844598c65_b.jpg,https://www.flickr.com/photos/192840463@N05/51310781901,55.79208,49.112144,,,,,,,,,,,,,,,
https://live.staticflickr.com/65535/51311780520_935097a068_b.jpg,https://www.flickr.com/photos/192840463@N05/51311780520,55.815944,49.141077,,,,,,,,,,,,,,,
https://live.staticflickr.com/65535/51311495894_6d114d1f3e_b.jpg,https://www.flickr.com/photos/192840463@N05/51311495894,55.802486,49.107811,,,,,,,,,,,,,,,
https://live.staticflickr.com/65535/51310020947_60191908c9_b.jpg,https://www.flickr.com/photos/192840463@N05/51310020947,55.802611,49.110036,,,,,,,,,,,,,,,
https://live.staticflickr.com/65535/51310962038_e94d1a8b69_b.jpg,https://www.flickr.com/photos/192840463@N05/51310962038,55.8026,49.110069,,,,,,,,,,,,,,,
https://live.staticflickr.com/65535/51311761665_12b6db8219_b.jpg,https://www.flickr.com/photos/192840463@N05/51311761665,55.80265,49.111344,,,,,,,,,,,,,,,
https://live.staticflickr.com/65535/51311759525_c07aa54bfc_b.jpg,https://www.flickr.com/photos/192840463@N05/51311759525,55.80265,49.111355,,,,,,,,,,,,,,,
https://live.staticflickr.com/65535/50012084871_7fd03e7b4c_b.jpg,https://www.flickr.com/photos/152468115@N07/50012084871,53.183309,45.016488,,,,,,,,,,,,,,,
https://live.staticflickr.com/65535/50012343507_536f2dfa8b_b.jpg,https://www.flickr.com/photos/152468115@N07/50012343507,53.183444,45.015383,,,,,,,,,,,,,,,
https://live.staticflickr.com/65535/49183095647_0eb3633059_b.jpg,https://www.flickr.com/photos/102086516@N07/49183095647,51.522944,46.027686,,,,,,,,,,,,,,,
https://live.staticflickr.com/65535/49182888731_4fef1b2e92_b.jpg,https://www.flickr.com/photos/102086516@N07/49182888731,51.52283,46.027322,,,,,,,,,,,,,,,
https://live.staticflickr.com/65535/49182887921_10f12160af_b.jpg,https://www.flickr.com/photos/102086516@N07/49182887921,51.522944,46.027761,,,,,,,,,,,,,,,
https://live.staticflickr.com/65535/49164409077_c3f7438e0c_b.jpg,https://www.flickr.com/photos/102086516@N07/49164409077,51.523483,46.026152,,,,,,,,,,,,,,,
https://live.staticflickr.com/65535/49158980956_63d649bac2_b.jpg,https://www.flickr.com/photos/102086516@N07/49158980956,51.52285,46.025127,,,,,,,,,,,,,,,
https://live.staticflickr.com/65535/49153430958_68c8d73451_b.jpg,https://www.flickr.com/photos/102086516@N07/49153430958,51.522544,46.02658,,,,,,,,,,,,,,,
https://live.staticflickr.com/65535/49154136512_dbb046eb76_b.jpg,https://www.flickr.com/photos/102086516@N07/49154136512,51.522622,46.02708,,,,,,,,,,,,,,,
https://live.staticflickr.com/65535/49148408417_709e39b2cf_b.jpg,https://www.flickr.com/photos/102086516@N07/49148408417,51.527272,46.033252,,,,,,,,,,,,,,,
https://live.staticflickr.com/65535/49148369927_20e1b8dc8e_b.jpg,https://www.flickr.com/photos/102086516@N07/49148369927,51.527169,46.035272,,,,,,,,,,,,,,,
https://live.staticflickr.com/65535/49148155421_f055c51be5_b.jpg,https://www.flickr.com/photos/102086516@N07/49148155421,51.527127,46.03315,,,,,,,,,,,,,,,
https://live.staticflickr.com/65535/49147606486_9b17cf9cf8_b.jpg,https://www.flickr.com/photos/102086516@N07/49147606486,51.526738,46.032863,,,,,,,,,,,,,,,
https://live.staticflickr.com/65535/49147815292_0d36e947bb_b.jpg,https://www.flickr.com/photos/102086516@N07/49147815292,51.526905,46.033019,,,,,,,,,,,,,,,
https://live.staticflickr.com/65535/49147266871_d2c3234b1d_b.jpg,https://www.flickr.com/photos/102086516@N07/49147266871,51.524647,46.041594,,,,,,,,,,,,,,,
https://live.staticflickr.com/65535/49147266411_c300aa8c26_b.jpg,https://www.flickr.com/photos/102086516@N07/49147266411,51.524858,46.041261,,,,,,,,,,,,,,,
https://live.staticflickr.com/65535/49147471047_7422b7b3b7_b.jpg,https://www.flickr.com/photos/102086516@N07/49147471047,51.525022,46.041302,,,,,,,,,,,,,,,
https://live.staticflickr.com/65535/49147131991_73cb143337_b.jpg,https://www.flickr.com/photos/102086516@N07/49147131991,51.524688,46.032019,,,,,,,,,,,,,,,
https://live.staticflickr.com/65535/49147131531_dac8e4286f_b.jpg,https://www.flickr.com/photos/102086516@N07/49147131531,51.525805,46.032638,,,,,,,,,,,,,,,
https://live.staticflickr.com/65535/49146113618_0d70ebe8ee_b.jpg,https://www.flickr.com/photos/102086516@N07/49146113618,51.52293,46.032102,,,,,,,,,,,,,,,
https://live.staticflickr.com/65535/49143408101_9d48544365_b.jpg,https://www.flickr.com/photos/102086516@N07/49143408101,51.523497,46.034094,,,,,,,,,,,,,,,
https://live.staticflickr.com/65535/49142587547_9236ed5647_b.jpg,https://www.flickr.com/photos/102086516@N07/49142587547,51.524663,46.038488,,,,,,,,,,,,,,,
https://live.staticflickr.com/65535/49141893743_78dc12ecd4_b.jpg,https://www.flickr.com/photos/102086516@N07/49141893743,51.524716,46.039069,,,,,,,,,,,,,,,
https://live.staticflickr.com/65535/49138677486_8ece155134_b.jpg,https://www.flickr.com/photos/102086516@N07/49138677486,51.524061,46.040302,,,,,,,,,,,,,,,
https://live.staticflickr.com/65535/49138876247_4fc63d5ba6_b.jpg,https://www.flickr.com/photos/102086516@N07/49138876247,51.524136,46.040694,,,,,,,,,,,,,,,
https://live.staticflickr.com/65535/49138128267_c4fb402466_b.jpg,https://www.flickr.com/photos/102086516@N07/49138128267,51.525413,46.041744,,,,,,,,,,,,,,,
https://live.staticflickr.com/65535/49137931716_38d910a418_b.jpg,https://www.flickr.com/photos/102086516@N07/49137931716,51.52538,46.041358,,,,,,,,,,,,,,,
https://live.staticflickr.com/65535/49134295002_836003269d_b.jpg,https://www.flickr.com/photos/102086516@N07/49134295002,51.523713,46.035422,,,,,,,,,,,,,,,
https://live.staticflickr.com/65535/49133101553_7828000eb7_b.jpg,https://www.flickr.com/photos/102086516@N07/49133101553,51.527213,46.036136,,,,,,,,,,,,,,,
https://live.staticflickr.com/65535/49133704442_26b60d5a4a_b.jpg,https://www.flickr.com/photos/102086516@N07/49133704442,51.525549,46.038227,,,,,,,,,,,,,,,
https://live.staticflickr.com/65535/49133020628_fcbbe1b196_b.jpg,https://www.flickr.com/photos/102086516@N07/49133020628,51.525677,46.038372,,,,,,,,,,,,,,,
https://live.staticflickr.com/65535/49133018183_7576f65ea9_b.jpg,https://www.flickr.com/photos/102086516@N07/49133018183,51.524811,46.04175,,,,,,,,,,,,,,,
https://live.staticflickr.com/65535/49133517377_df7c90921a_b.jpg,https://www.flickr.com/photos/102086516@N07/49133517377,51.524413,46.03575,,,,,,,,,,,,,,,
https://live.staticflickr.com/65535/49129391047_9e6e49ec4f_b.jpg,https://www.flickr.com/photos/102086516@N07/49129391047,51.52553,46.038169,,,,,,,,,,,,,,,
https://live.staticflickr.com/65535/49123997261_36ddb30825_b.jpg,https://www.flickr.com/photos/102086516@N07/49123997261,51.52688,46.036905,,,,,,,,,,,,,,,
https://live.staticflickr.com/65535/49123726122_c3cd843923_b.jpg,https://www.flickr.com/photos/102086516@N07/49123726122,51.526327,46.037677,,,,,,,,,,,,,,,
https://live.staticflickr.com/65535/49123238381_440999d9c3_b.jpg,https://www.flickr.com/photos/102086516@N07/49123238381,51.525675,46.038505,,,,,,,,,,,,,,,
https://live.staticflickr.com/65535/49122740033_3565653f19_b.jpg,https://www.flickr.com/photos/102086516@N07/49122740033,51.524305,46.036205,,,,,,,,,,,,,,,
https://live.staticflickr.com/65535/49112563852_e36dcc458b_b.jpg,https://www.flickr.com/photos/102086516@N07/49112563852,51.524763,46.038722,,,,,,,,,,,,,,,
https://live.staticflickr.com/65535/54263819586_7321f2e1fd_b.jpg,https://www.flickr.com/photos/202065968@N03/54263819586,55.775909,49.214544,,,,,,,,,,,,,,,
https://live.staticflickr.com/65535/53549014796_c6b384ac0d_b.jpg,https://www.flickr.com/photos/152468115@N07/53549014796,55.799924,49.106372,,,,,,,,,,,,,,,
https://live.staticflickr.com/65535/53548143562_7fec34494c_b.jpg,https://www.flickr.com/photos/152468115@N07/53548143562,55.800478,49.11194,,,,,,,,,,,,,,,
https://live.staticflickr.com/65535/53549014426_7c86c261cc_b.jpg,https://www.flickr.com/photos/152468115@N07/53549014426,55.799628,49.107069,,,,,,,,,,,,,,,
https://live.staticflickr.com/65535/53548141357_2a5f167941_b.jpg,https://www.flickr.com/photos/152468115@N07/53548141357,55.799875,49.105986,,,,,,,,,,,,,,,
https://live.staticflickr.com/65535/53548137942_5a715b9e2f_b.jpg,https://www.flickr.com/photos/152468115@N07/53548137942,55.796619,49.108153,,,,,,,,,,,,,,,
https://live.staticflickr.com/65535/53395071884_ee5b5bd97e_b.jpg,https://www.flickr.com/photos/105849326@N08/53395071884,55.793793,49.108727,,,,,,,,,,,,,,,
https://live.staticflickr.com/65535/53346312902_c5a4bba9d7_b.jpg,https://www.flickr.com/photos/77650784@N04/53346312902,55.366863,50.647841,,,,,,,,,,,,,,,
https://live.staticflickr.com/65535/53342397786_62de5b30de_b.jpg,https://www.flickr.com/photos/77650784@N04/53342397786,55.36968,50.641508,,,,,,,,,,,,,,,
https://live.staticflickr.com/65535/53340609691_8a83be1759_b.jpg,https://www.flickr.com/photos/77650784@N04/53340609691,55.369633,50.641255,,,,,,,,,,,,,,,
https://live.staticflickr.com/65535/52804207162_1978e575cb_b.jpg,https://www.flickr.com/photos/77650784@N04/52804207162,53.193655,50.09533,,,,,,,,,,,,,,,
https://live.staticflickr.com/65535/52785284062_d3492204b0_b.jpg,https://www.flickr.com/photos/77650784@N04/52785284062,56.152088,47.249827,,,,,,,,,,,,,,,
https://live.staticflickr.com/65535/52688994476_461beb7f66_b.jpg,https://www.flickr.com/photos/77650784@N04/52688994476,53.188866,50.092161,,,,,,,,,,,,,,,
https://live.staticflickr.com/65535/52635821598_05a1c49e9b_b.jpg,https://www.flickr.com/photos/146827126@N04/52635821598,55.812845,49.108039,,,,,,,,,,,,,,,
https://live.staticflickr.com/65535/52440204174_ea2f0e2772_b.jpg,https://www.flickr.com/photos/77650784@N04/52440204174,55.366988,50.647644,,,,,,,,,,,,,,,
https://live.staticflickr.com/65535/52436013170_02ff8c1bbf_b.jpg,https://www.flickr.com/photos/77650784@N04/52436013170,55.366513,50.648141,,,,,,,,,,,,,,,
https://live.staticflickr.com/65535/52181454505_a0662c2df0_b.jpg,https://www.flickr.com/photos/144399674@N05/52181454505,54.314614,48.39618,,,,,,,,,,,,,,,
https://live.staticflickr.com/65535/51774590761_bd1fb88a7a_b.jpg,https://www.flickr.com/photos/151957947@N08/51774590761,51.580043,45.970766,,,,,,,,,,,,,,,
https://live.staticflickr.com/65535/51744384631_d7045edf8e_b.jpg,https://www.flickr.com/photos/151957947@N08/51744384631,51.577522,45.973706,,,,,,,,,,,,,,,
https://live.staticflickr.com/65535/51739466531_b7720dc29c_b.jpg,https://www.flickr.com/photos/151957947@N08/51739466531,51.580176,45.971517,,,,,,,,,,,,,,,
https://live.staticflickr.com/65535/51334410474_42a2fd2be9_b.jpg,https://www.flickr.com/photos/192840463@N05/51334410474,55.794144,49.108269,,,,,,,,,,,,,,,
https://live.staticflickr.com/65535/51334684610_67ed6cd4b8_b.jpg,https://www.flickr.com/photos/192840463@N05/51334684610,55.795822,49.107102,,,,,,,,,,,,,,,
https://live.staticflickr.com/65535/51334406469_682d1d27c9_b.jpg,https://www.flickr.com/photos/192840463@N05/51334406469,55.796002,49.107483,,,,,,,,,,,,,,,
https://live.staticflickr.com/65535/51334670245_e2dc3625bd_b.jpg,https://www.flickr.com/photos/192840463@N05/51334670245,55.7982,49.102405,,,,,,,,,,,,,,,
https://live.staticflickr.com/65535/51334391844_dd314c1372_b.jpg,https://www.flickr.com/photos/192840463@N05/51334391844,55.7982,49.102405,,,,,,,,,,,,,,,
https://live.staticflickr.com/65535/51334662275_9e74ce0b6b_b.jpg,https://www.flickr.com/photos/192840463@N05/51334662275,55.796897,49.107436,,,,,,,,,,,,,,,
https://live.staticflickr.com/65535/51333632131_f8501b5fee_b.jpg,https://www.flickr.com/photos/192840463@N05/51333632131,55.798477,49.105408,,,,,,,,,,,,,,,
https://live.staticflickr.com/65535/51334353384_e130390644_b.jpg,https://www.flickr.com/photos/192840463@N05/51334353384,55.798772,49.10498,,,,,,,,,,,,,,,
https://live.staticflickr.com/65535/51334351609_9ed03ded5d_b.jpg,https://www.flickr.com/photos/192840463@N05/51334351609,55.798905,49.104583,,,,,,,,,,,,,,,
https://live.staticflickr.com/65535/51334624100_45cbdf9d24_b.jpg,https://www.flickr.com/photos/192840463@N05/51334624100,55.797622,49.105091,,,,,,,,,,,,,,,
https://live.staticflickr.com/65535/51333614946_1469704677_b.jpg,https://www.flickr.com/photos/192840463@N05/51333614946,55.798916,49.104591,,,,,,,,,,,,,,,
https://live.staticflickr.com/65535/51333821098_7147992a64_b.jpg,https://www.flickr.com/photos/192840463@N05/51333821098,55.797341,49.105591,,,,,,,,,,,,,,,
https://live.staticflickr.com/65535/51325745231_4c17eda679_b.jpg,https://www.flickr.com/photos/192840463@N05/51325745231,55.797,49.149425,,,,,,,,,,,,,,,
https://live.staticflickr.com/65535/51325733931_243389b979_b.jpg,https://www.flickr.com/photos/192840463@N05/51325733931,55.743002,49.188655,,,,,,,,,,,,,,,
https://live.staticflickr.com/65535/51325722446_2b104878b5_b.jpg,https://www.flickr.com/photos/192840463@N05/51325722446,55.745738,49.196086,,,,,,,,,,,,,,,
https://live.staticflickr.com/65535/51325916113_3f4f58f297_b.jpg,https://www.flickr.com/photos/192840463@N05/51325916113,55.796305,49.151797,,,,,,,,,,,,,,,
https://live.staticflickr.com/65535/51324971972_f62d8af4c4_b.jpg,https://www.flickr.com/photos/192840463@N05/51324971972,55.797141,49.149405,,,,,,,,,,,,,,,
https://live.staticflickr.com/65535/51326405679_d7e39b42b6_b.jpg,https://www.flickr.com/photos/192840463@N05/51326405679,55.799105,49.147091,,,,,,,,,,,,,,,
https://live.staticflickr.com/65535/51310803051_e8e052f04f_b.jpg,https://www.flickr.com/photos/192840463@N05/51310803051,55.785386,49.117213,,,,,,,,,,,,,,,
https://live.staticflickr.com/65535/51310046562_7c9acca437_b.jpg,https://www.flickr.com/photos/192840463@N05/51310046562,55.787644,49.121011,,,,,,,,,,,,,,,
https://live.staticflickr.com/65535/51310043622_a9908ba3f9_b.jpg,https://www.flickr.com/photos/192840463@N05/51310043622,55.787688,49.121022,,,,,,,,,,,,,,,
https://live.staticflickr.com/65535/51311775305_8edd1f2a18_b.jpg,https://www.flickr.com/photos/192840463@N05/51311775305,55.797058,49.105102,,,,,,,,,,,,,,,
https://live.staticflickr.com/65535/51310012037_041e80bc71_b.jpg,https://www.flickr.com/photos/192840463@N05/51310012037,55.800441,49.107597,,,,,,,,,,,,,,,
https://live.staticflickr.com/65535/51310116829_a0d4f77310_b.jpg,https://www.flickr.com/photos/192840463@N05/51310116829,55.788883,49.123875,,,,,,,,,,,,,,,
https://live.staticflickr.com/65535/51309590283_ddf9512443_b.jpg,https://www.flickr.com/photos/192840463@N05/51309590283,55.788916,49.123894,,,,,,,,,,,,,,,
https://live.staticflickr.com/65535/51310389580_ddd6559e4b_b.jpg,https://www.flickr.com/photos/192840463@N05/51310389580,55.788022,49.125541,,,,,,,,,,,,,,,
https://live.staticflickr.com/65535/51308624357_6a956a2beb_b.jpg,https://www.flickr.com/photos/192840463@N05/51308624357,55.820994,49.155025,,,,,,,,,,,,,,,
https://live.staticflickr.com/65535/51309562423_2c32116854_b.jpg,https://www.flickr.com/photos/192840463@N05/51309562423,55.79345,49.152613,,,,,,,,,,,,,,,
https://live.staticflickr.com/65535/51310079864_9ec5e74f9c_b.jpg,https://www.flickr.com/photos/192840463@N05/51310079864,55.793433,49.152972,,,,,,,,,,,,,,,
https://live.staticflickr.com/65535/51309532388_c4957404f3_b.jpg,https://www.flickr.com/photos/192840463@N05/51309532388,55.801088,49.107644,,,,,,,,,,,,,,,
https://live.staticflickr.com/65535/51309526283_5a147cd133_b.jpg,https://www.flickr.com/photos/192840463@N05/51309526283,55.788927,49.123875,,,,,,,,,,,,,,,
https://live.staticflickr.com/65535/51309427610_b9b239fdf5_b.jpg,https://www.flickr.com/photos/49694099@N04/51309427610,53.197189,50.107955,,,,,,,,,,,,,,,
https://live.staticflickr.com/65535/51308618428_fd669b3e69_b.jpg,https://www.flickr.com/photos/49694099@N04/51308618428,53.197189,50.107955,,,,,,,,,,,,,,,
https://live.staticflickr.com/65535/51307678917_d9163bac54_b.jpg,https://www.flickr.com/photos/49694099@N04/51307678917,53.197189,50.107955,,,,,,,,,,,,,,,
https://live.staticflickr.com/65535/51024989242_b1d98d106b_b.jpg,https://www.flickr.com/photos/151036096@N05/51024989242,54.435047,45.829911,,,,,,,,,,,,,,,
https://live.staticflickr.com/65535/51024891776_f23a596e73_b.jpg,https://www.flickr.com/photos/151036096@N05/51024891776,54.434586,45.827572,,,,,,,,,,,,,,,
https://live.staticflickr.com/65535/51024158143_6995c59f86_b.jpg,https://www.flickr.com/photos/151036096@N05/51024158143,54.432255,45.823427,,,,,,,,,,,,,,,
https://live.staticflickr.com/65535/51024157268_a01ecd1b06_b.jpg,https://www.flickr.com/photos/151036096@N05/51024157268,54.432547,45.821261,,,,,,,,,,,,,,,
https://live.staticflickr.com/65535/51024156843_3d83b16fb6_b.jpg,https://www.flickr.com/photos/151036096@N05/51024156843,54.436166,45.816911,,,,,,,,,,,,,,,
https://live.staticflickr.com/65535/51024155808_ef6aa065d1_b.jpg,https://www.flickr.com/photos/151036096@N05/51024155808,54.436019,45.816916,,,,,,,,,,,,,,,
https://live.staticflickr.com/65535/50012354852_4564ab2c46_b.jpg,https://www.flickr.com/photos/152468115@N07/50012354852,53.196159,45.017228,,,,,,,,,,,,,,,
https://live.staticflickr.com/65535/50011561688_a9f444871f_b.jpg,https://www.flickr.com/photos/152468115@N07/50011561688,53.195427,45.025532,,,,,,,,,,,,,,,
https://live.staticflickr.com/65535/50012092086_a8051fb0f4_b.jpg,https://www.flickr.com/photos/152468115@N07/50012092086,53.195131,45.025478,,,,,,,,,,,,,,,
https://live.staticflickr.com/65535/50011559993_785daa4dd8_b.jpg,https://www.flickr.com/photos/152468115@N07/50011559993,53.192155,45.028214,,,,,,,,,,,,,,,
https://live.staticflickr.com/65535/50011559318_9ff3a1f397_b.jpg,https://www.flickr.com/photos/152468115@N07/50011559318,53.191589,45.025865,,,,,,,,,,,,,,,
https://live.staticflickr.com/65535/50012090936_04c4a4652f_b.jpg,https://www.flickr.com/photos/152468115@N07/50012090936,53.191589,45.025865,,,,,,,,,,,,,,,
https://live.staticflickr.com/65535/50011557853_cc2d658a2a_b.jpg,https://www.flickr.com/photos/152468115@N07/50011557853,53.192078,45.018708,,,,,,,,,,,,,,,
https://live.staticflickr.com/65535/50011557468_a77a1a639d_b.jpg,https://www.flickr.com/photos/152468115@N07/50011557468,53.194662,45.016842,,,,,,,,,,,,,,,
https://live.staticflickr.com/65535/50012088431_8afffc2c53_b.jpg,https://www.flickr.com/photos/152468115@N07/50012088431,53.184454,45.013687,,,,,,,,,,,,,,,
https://live.staticflickr.com/65535/50012087446_aa7d098895_b.jpg,https://www.flickr.com/photos/152468115@N07/50012087446,53.183868,45.013484,,,,,,,,,,,,,,,
https://live.staticflickr.com/65535/49735778047_47453de01e_b.jpg,https://www.flickr.com/photos/63526336@N08/49735778047,56.631957,47.899167,,,,,,,,,,,,,,,
https://live.staticflickr.com/65535/49704687673_2a623b92bf_b.jpg,https://www.flickr.com/photos/63526336@N08/49704687673,56.631957,47.899167,,,,,,,,,,,,,,,
https://live.staticflickr.com/65535/49705534242_f7173b9113_b.jpg,https://www.flickr.com/photos/63526336@N08/49705534242,56.628062,47.900047,,,,,,,,,,,,,,,
https://live.staticflickr.com/65535/49705206481_cd067dda54_b.jpg,https://www.flickr.com/photos/63526336@N08/49705206481,56.629998,47.89936,,,,,,,,,,,,,,,
https://live.staticflickr.com/65535/49595068317_0e6a4f26a9_b.jpg,https://www.flickr.com/photos/186594659@N02/49595068317,57.054619,53.966453,,,,,,,,,,,,,,,
https://live.staticflickr.com/65535/49164044133_ebe5ce5fa5_b.jpg,https://www.flickr.com/photos/102086516@N07/49164044133,51.523488,46.025783,,,,,,,,,,,,,,,
https://live.staticflickr.com/65535/49153931961_8c7eb83d89_b.jpg,https://www.flickr.com/photos/102086516@N07/49153931961,51.522611,46.026158,,,,,,,,,,,,,,,
https://live.staticflickr.com/65535/49147336517_89f5a19c65_b.jpg,https://www.flickr.com/photos/102086516@N07/49147336517,51.525477,46.038047,,,,,,,,,,,,,,,
https://live.staticflickr.com/65535/49106656641_c4208e3d52_b.jpg,https://www.flickr.com/photos/102086516@N07/49106656641,51.525658,46.038602,,,,,,,,,,,,,,,
https://live.staticflickr.com/65535/52458648795_41c6ff7a35_b.jpg,https://www.flickr.com/photos/141881298@N04/52458648795,56.847961,60.592613,,,,,,,,,,,,,,,
https://live.staticflickr.com/65535/52149509317_d2734b7cfc_b.jpg,https://www.flickr.com/photos/141881298@N04/52149509317,56.843611,60.609238,,,,,,,,,,,,,,,
https://live.staticflickr.com/65535/52121299439_eb7c836254_b.jpg,https://www.flickr.com/photos/141881298@N04/52121299439,56.843611,60.609238,,,,,,,,,,,,,,,
https://live.staticflickr.com/65535/52121050846_445392685c_b.jpg,https://www.flickr.com/photos/141881298@N04/52121050846,56.844841,60.610011,,,,,,,,,,,,,,,
https://live.staticflickr.com/4815/32432867708_2d817ddbab_b.jpg,https://www.flickr.com/photos/150636614@N05/32432867708,56.82421,60.599856,,,,,,,,,,,,,,,
https://live.staticflickr.com/958/40885532495_a8951c3775_b.jpg,https://www.flickr.com/photos/132670954@N07/40885532495,56.844332,60.607666,,,,,,,,,,,,,,,
https://live.staticflickr.com/922/27782814838_3e5b6700bc_b.jpg,https://www.flickr.com/photos/132670954@N07/27782814838,56.834105,60.595607,,,,,,,,,,,,,,,
https://live.staticflickr.com/826/41611731962_714a9138fc_b.jpg,https://www.flickr.com/photos/132670954@N07/41611731962,56.839062,60.605499,,,,,,,,,,,,,,,
https://live.staticflickr.com/891/40760159415_75195851f9_b.jpg,https://www.flickr.com/photos/132670954@N07/40760159415,56.839074,60.605456,,,,,,,,,,,,,,,
https://live.staticflickr.com/4563/37906752835_c3b399f14d_b.jpg,https://www.flickr.com/photos/146737775@N06/37906752835,56.831443,60.575705,,,,,,,,,,,,,,,
https://live.staticflickr.com/7697/17344555512_a4b0dd1593_b.jpg,https://www.flickr.com/photos/57671185@N08/17344555512,57.999502,56.226804,,,,,,,,,,,,,,,
https://live.staticflickr.com/65535/53350584969_c501e005c8_b.jpg,https://www.flickr.com/photos/105849326@N08/53350584969,56.838932,60.605328,,,,,,,,,,,,,,,
https://live.staticflickr.com/65535/53309227428_7be7a8da0a_b.jpg,https://www.flickr.com/photos/77650784@N04/53309227428,58.0087,56.2508,,,,,,,,,,,,,,,
https://live.staticflickr.com/65535/53299628582_2b20011b3f_b.jpg,https://www.flickr.com/photos/77650784@N04/53299628582,58.014438,56.229786,,,,,,,,,,,,,,,
https://live.staticflickr.com/65535/53298152593_d05eebd84a_b.jpg,https://www.flickr.com/photos/77650784@N04/53298152593,58.017233,56.246283,,,,,,,,,,,,,,,
https://live.staticflickr.com/65535/52167953599_41c6081287_b.jpg,https://www.flickr.com/photos/144399674@N05/52167953599,56.843503,60.591305,,,,,,,,,,,,,,,
https://live.staticflickr.com/65535/51950402948_c66cd5e69a_b.jpg,https://www.flickr.com/photos/141881298@N04/51950402948,56.845136,60.613758,,,,,,,,,,,,,,,
https://live.staticflickr.com/65535/51815080359_6a8c9f9060_b.jpg,https://www.flickr.com/photos/100007660@N08/51815080359,56.417649,61.892863,,,,,,,,,,,,,,,
https://live.staticflickr.com/65535/51814740316_039479097e_b.jpg,https://www.flickr.com/photos/100007660@N08/51814740316,56.417649,61.892863,,,,,,,,,,,,,,,
https://live.staticflickr.com/65535/51815456515_d4298603f7_b.jpg,https://www.flickr.com/photos/100007660@N08/51815456515,56.417649,61.892863,,,,,,,,,,,,,,,
https://live.staticflickr.com/65535/51210410082_3177149fbc_b.jpg,https://www.flickr.com/photos/48489192@N06/51210410082,56.850475,60.606077,,,,,,,,,,,,,,,
https://live.staticflickr.com/65535/50927382192_79c5154193_b.jpg,https://www.flickr.com/photos/59764946@N04/50927382192,58.011431,56.237759,,,,,,,,,,,,,,,
https://live.staticflickr.com/65535/50481662752_e04d9469b2_b.jpg,https://www.flickr.com/photos/168365084@N07/50481662752,58.003788,56.320713,,,,,,,,,,,,,,,
https://live.staticflickr.com/65535/49953503638_82c716f9a3_b.jpg,https://www.flickr.com/photos/167851365@N07/49953503638,56.843421,60.621035,,,,,,,,,,,,,,,
https://live.staticflickr.com/65535/49953850331_b4786b8bc4_b.jpg,https://www.flickr.com/photos/167851365@N07/49953850331,56.838368,60.607237,,,,,,,,,,,,,,,
https://live.staticflickr.com/65535/49953850006_0c7ff9c4aa_b.jpg,https://www.flickr.com/photos/167851365@N07/49953850006,56.839037,60.616636,,,,,,,,,,,,,,,
https://live.staticflickr.com/65535/48991760363_5e901e1414_b.jpg,https://www.flickr.com/photos/168365084@N07/48991760363,58.011621,56.232469,,,,,,,,,,,,,,,
https://live.staticflickr.com/65535/48142222966_0edcc7d50b_b.jpg,https://www.flickr.com/photos/57225056@N03/48142222966,55.174266,61.398972,,,,,,,,,,,,,,,
https://live.staticflickr.com/65535/48141966788_070f64ba7c_b.jpg,https://www.flickr.com/photos/57225056@N03/48141966788,55.173488,61.395238,,,,,,,,,,,,,,,
https://live.staticflickr.com/7897/47498759861_6022882b21_b.jpg,https://www.flickr.com/photos/138290857@N06/47498759861,56.832998,60.609426,,,,,,,,,,,,,,,
https://live.staticflickr.com/65535/46446432604_106c7a2b78_b.jpg,https://www.flickr.com/photos/168365084@N07/46446432604,58.054342,56.216869,,,,,,,,,,,,,,,
https://live.staticflickr.com/65535/46212156595_891e59e6c6_b.jpg,https://www.flickr.com/photos/168365084@N07/46212156595,58.007586,56.234807,,,,,,,,,,,,,,,
https://live.staticflickr.com/65535/47071510632_6ffe68ae00_b.jpg,https://www.flickr.com/photos/168365084@N07/47071510632,58.007586,56.234807,,,,,,,,,,,,,,,
https://live.staticflickr.com/65535/33248239558_abd9a01dd7_b.jpg,https://www.flickr.com/photos/168365084@N07/33248239558,58.007586,56.234807,,,,,,,,,,,,,,,
https://live.staticflickr.com/65535/47071440032_853053dc5e_b.jpg,https://www.flickr.com/photos/168365084@N07/47071440032,58.009501,56.230012,,,,,,,,,,,,,,,
https://live.staticflickr.com/4830/44707605370_91758e7aba_b.jpg,https://www.flickr.com/photos/139814945@N02/44707605370,58.01583,56.234368,,,,,,,,,,,,,,,
https://live.staticflickr.com/1960/44443835004_e67049420a_b.jpg,https://www.flickr.com/photos/138290857@N06/44443835004,56.832998,60.609426,,,,,,,,,,,,,,,
https://live.staticflickr.com/1935/45117124682_eb1ce5495c_b.jpg,https://www.flickr.com/photos/138290857@N06/45117124682,56.832998,60.609426,,,,,,,,,,,,,,,
https://live.staticflickr.com/65535/42121828140_b6b0c4e20a_b.jpg,https://www.flickr.com/photos/48489192@N06/42121828140,56.850475,60.606077,,,,,,,,,,,,,,,
https://live.staticflickr.com/956/41017284495_190946da92_b.jpg,https://www.flickr.com/photos/100007660@N08/41017284495,56.415552,61.912516,,,,,,,,,,,,,,,
https://live.staticflickr.com/946/41916787211_30ee9a6a89_b.jpg,https://www.flickr.com/photos/100007660@N08/41916787211,56.415552,61.912516,,,,,,,,,,,,,,,
https://live.staticflickr.com/802/26410631777_caf067534e_b.jpg,https://www.flickr.com/photos/160737202@N02/26410631777,56.844524,60.58961,,,,,,,,,,,,,,,
https://live.staticflickr.com/899/26332025817_c59cdcd05e_b.jpg,https://www.flickr.com/photos/161534165@N07/26332025817,56.964514,60.579836,,,,,,,,,,,,,,,
https://live.staticflickr.com/864/26332024667_6166c5a327_b.jpg,https://www.flickr.com/photos/161534165@N07/26332024667,56.964514,60.579836,,,,,,,,,,,,,,,
https://live.staticflickr.com/892/27331098708_31b74b9876_b.jpg,https://www.flickr.com/photos/161534165@N07/27331098708,56.964514,60.579836,,,,,,,,,,,,,,,
https://live.staticflickr.com/901/40330186264_ce68e198e7_b.jpg,https://www.flickr.com/photos/161534165@N07/40330186264,56.964514,60.579836,,,,,,,,,,,,,,,
https://live.staticflickr.com/783/39230171180_9c420e1160_b.jpg,https://www.flickr.com/photos/161534165@N07/39230171180,56.964514,60.579836,,,,,,,,,,,,,,,
https://live.staticflickr.com/875/40330185704_6caabdee34_b.jpg,https://www.flickr.com/photos/161534165@N07/40330185704,56.964514,60.579836,,,,,,,,,,,,,,,
https://live.staticflickr.com/889/39230169380_3ee6b950ba_b.jpg,https://www.flickr.com/photos/161534165@N07/39230169380,56.964514,60.579836,,,,,,,,,,,,,,,
https://live.staticflickr.com/898/40330185004_77b673f06b_b.jpg,https://www.flickr.com/photos/161534165@N07/40330185004,56.964514,60.579836,,,,,,,,,,,,,,,
https://live.staticflickr.com/901/39230168620_14c71a3bbd_b.jpg,https://www.flickr.com/photos/161534165@N07/39230168620,56.964514,60.579836,,,,,,,,,,,,,,,
https://live.staticflickr.com/864/39230167670_153e9e9e90_b.jpg,https://www.flickr.com/photos/161534165@N07/39230167670,56.964514,60.579836,,,,,,,,,,,,,,,
https://live.staticflickr.com/813/40330184174_fa4860d55a_b.jpg,https://www.flickr.com/photos/161534165@N07/40330184174,56.964514,60.579836,,,,,,,,,,,,,,,
https://live.staticflickr.com/809/40330183614_caf0ddf8a3_b.jpg,https://www.flickr.com/photos/161534165@N07/40330183614,56.964514,60.579836,,,,,,,,,,,,,,,
https://live.staticflickr.com/822/39230164970_8c951bb916_b.jpg,https://www.flickr.com/photos/161534165@N07/39230164970,56.964514,60.579836,,,,,,,,,,,,,,,
https://live.staticflickr.com/815/40330182594_ae87215c25_b.jpg,https://www.flickr.com/photos/161534165@N07/40330182594,56.964514,60.579836,,,,,,,,,,,,,,,
https://live.staticflickr.com/884/40330181674_44a7a28363_b.jpg,https://www.flickr.com/photos/161534165@N07/40330181674,56.964514,60.579836,,,,,,,,,,,,,,,
https://live.staticflickr.com/814/39230162370_a25a215075_b.jpg,https://www.flickr.com/photos/161534165@N07/39230162370,56.964514,60.579836,,,,,,,,,,,,,,,
https://live.staticflickr.com/870/40330181154_6644318682_b.jpg,https://www.flickr.com/photos/161534165@N07/40330181154,56.964514,60.579836,,,,,,,,,,,,,,,
https://live.staticflickr.com/873/40145659825_7f93b6053d_b.jpg,https://www.flickr.com/photos/161534165@N07/40145659825,56.964514,60.579836,,,,,,,,,,,,,,,
https://live.staticflickr.com/897/40330179954_76a3a6fb40_b.jpg,https://www.flickr.com/photos/161534165@N07/40330179954,56.964514,60.579836,,,,,,,,,,,,,,,
https://live.staticflickr.com/899/40330179004_13a4001757_b.jpg,https://www.flickr.com/photos/161534165@N07/40330179004,56.964514,60.579836,,,,,,,,,,,,,,,
https://live.staticflickr.com/799/40145657055_2fca6bba2f_b.jpg,https://www.flickr.com/photos/161534165@N07/40145657055,56.964514,60.579836,,,,,,,,,,,,,,,
https://live.staticflickr.com/883/40330178304_b769c8be26_b.jpg,https://www.flickr.com/photos/161534165@N07/40330178304,56.964514,60.579836,,,,,,,,,,,,,,,
https://live.staticflickr.com/869/40330177564_8515e3dcc1_b.jpg,https://www.flickr.com/photos/161534165@N07/40330177564,56.964514,60.579836,,,,,,,,,,,,,,,
https://live.staticflickr.com/802/40330176174_391d7506b8_b.jpg,https://www.flickr.com/photos/161534165@N07/40330176174,56.964514,60.579836,,,,,,,,,,,,,,,
https://live.staticflickr.com/885/40330175264_f7409efcb4_b.jpg,https://www.flickr.com/photos/161534165@N07/40330175264,56.964514,60.579836,,,,,,,,,,,,,,,
https://live.staticflickr.com/875/40145651425_d1f5f353cf_b.jpg,https://www.flickr.com/photos/161534165@N07/40145651425,56.964514,60.579836,,,,,,,,,,,,,,,
https://live.staticflickr.com/800/40330172974_597c28cddb_b.jpg,https://www.flickr.com/photos/161534165@N07/40330172974,56.964514,60.579836,,,,,,,,,,,,,,,
https://live.staticflickr.com/898/40145648205_c100931b22_b.jpg,https://www.flickr.com/photos/161534165@N07/40145648205,56.964514,60.579836,,,,,,,,,,,,,,,
https://live.staticflickr.com/901/40330172144_cf5979772f_b.jpg,https://www.flickr.com/photos/161534165@N07/40330172144,56.964514,60.579836,,,,,,,,,,,,,,,
https://live.staticflickr.com/868/40330171704_cc497ee9d7_b.jpg,https://www.flickr.com/photos/161534165@N07/40330171704,56.964514,60.579836,,,,,,,,,,,,,,,
https://live.staticflickr.com/798/40330171014_1afff1dc2e_b.jpg,https://www.flickr.com/photos/161534165@N07/40330171014,56.964514,60.579836,,,,,,,,,,,,,,,
https://live.staticflickr.com/821/40145646045_37a9801c86_b.jpg,https://www.flickr.com/photos/161534165@N07/40145646045,56.964514,60.579836,,,,,,,,,,,,,,,
https://live.staticflickr.com/795/40330170454_58f2593099_b.jpg,https://www.flickr.com/photos/161534165@N07/40330170454,56.964514,60.579836,,,,,,,,,,,,,,,
https://live.staticflickr.com/805/40145644695_f5030e1a0c_b.jpg,https://www.flickr.com/photos/161534165@N07/40145644695,56.964514,60.579836,,,,,,,,,,,,,,,
https://live.staticflickr.com/808/40330168694_7edb1d3c70_b.jpg,https://www.flickr.com/photos/161534165@N07/40330168694,56.964514,60.579836,,,,,,,,,,,,,,,
https://live.staticflickr.com/820/39230149170_620c1fe368_b.jpg,https://www.flickr.com/photos/161534165@N07/39230149170,56.964514,60.579836,,,,,,,,,,,,,,,
https://live.staticflickr.com/802/40330162434_18f54e5246_b.jpg,https://www.flickr.com/photos/161534165@N07/40330162434,56.964514,60.579836,,,,,,,,,,,,,,,
https://live.staticflickr.com/866/40330160854_27a9d7e020_b.jpg,https://www.flickr.com/photos/161534165@N07/40330160854,56.964514,60.579836,,,,,,,,,,,,,,,
https://live.staticflickr.com/868/40330159274_8d02df9b57_b.jpg,https://www.flickr.com/photos/161534165@N07/40330159274,56.964514,60.579836,,,,,,,,,,,,,,,
https://live.staticflickr.com/798/39230144660_6834bf8e39_b.jpg,https://www.flickr.com/photos/161534165@N07/39230144660,56.964514,60.579836,,,,,,,,,,,,,,,
https://live.staticflickr.com/810/40330158454_0573643642_b.jpg,https://www.flickr.com/photos/161534165@N07/40330158454,56.964514,60.579836,,,,,,,,,,,,,,,
https://live.staticflickr.com/872/39230144120_fd821d465a_b.jpg,https://www.flickr.com/photos/161534165@N07/39230144120,56.964514,60.579836,,,,,,,,,,,,,,,
https://live.staticflickr.com/815/40145658775_938ffd94fd_b.jpg,https://www.flickr.com/photos/161534165@N07/40145658775,56.964514,60.579836,,,,,,,,,,,,,,,
https://live.staticflickr.com/797/40330169804_a45f5df990_b.jpg,https://www.flickr.com/photos/161534165@N07/40330169804,56.964514,60.579836,,,,,,,,,,,,,,,
https://live.staticflickr.com/813/40330159784_07dd4939de_b.jpg,https://www.flickr.com/photos/161534165@N07/40330159784,56.964514,60.579836,,,,,,,,,,,,,,,
https://live.staticflickr.com/811/39230143640_35342642e9_b.jpg,https://www.flickr.com/photos/161534165@N07/39230143640,56.964514,60.579836,,,,,,,,,,,,,,,
https://live.staticflickr.com/814/39230143320_58a7bdf44e_b.jpg,https://www.flickr.com/photos/161534165@N07/39230143320,56.964514,60.579836,,,,,,,,,,,,,,,
https://live.staticflickr.com/811/39230142510_70668bee0b_b.jpg,https://www.flickr.com/photos/161534165@N07/39230142510,56.964514,60.579836,,,,,,,,,,,,,,,
https://live.staticflickr.com/805/40330155094_e29bd1650d_b.jpg,https://www.flickr.com/photos/161534165@N07/40330155094,56.964514,60.579836,,,,,,,,,,,,,,,
https://live.staticflickr.com/797/40330152584_93dcdc7cfc_b.jpg,https://www.flickr.com/photos/161534165@N07/40330152584,56.964514,60.579836,,,,,,,,,,,,,,,
https://live.staticflickr.com/867/40330150594_a5ebc84826_b.jpg,https://www.flickr.com/photos/161534165@N07/40330150594,56.964514,60.579836,,,,,,,,,,,,,,,
https://live.staticflickr.com/813/39230098520_ae5f1f35a3_b.jpg,https://www.flickr.com/photos/161534165@N07/39230098520,56.964514,60.579836,,,,,,,,,,,,,,,
https://live.staticflickr.com/805/26167957107_c5c9ef4eea_b.jpg,https://www.flickr.com/photos/161534165@N07/26167957107,56.963707,60.581424,,,,,,,,,,,,,,,
https://live.staticflickr.com/874/39230095590_1bfabfeabe_b.jpg,https://www.flickr.com/photos/161534165@N07/39230095590,56.963707,60.581424,,,,,,,,,,,,,,,
https://live.staticflickr.com/801/39230094980_ddd3fba402_b.jpg,https://www.flickr.com/photos/161534165@N07/39230094980,56.963707,60.581424,,,,,,,,,,,,,,,
https://live.staticflickr.com/806/39230094180_ee4679e629_b.jpg,https://www.flickr.com/photos/161534165@N07/39230094180,56.963707,60.581424,,,,,,,,,,,,,,,
https://live.staticflickr.com/811/39230093470_bc03cb6796_b.jpg,https://www.flickr.com/photos/161534165@N07/39230093470,56.963707,60.581424,,,,,,,,,,,,,,,
https://live.staticflickr.com/803/39230091330_3924f0c979_b.jpg,https://www.flickr.com/photos/161534165@N07/39230091330,56.963707,60.581424,,,,,,,,,,,,,,,
